incident_number,asset_identifier,asset_type,status,notes
INC-20250728-000003,AST-000003-1,Water Tender,deployed,Others administration middle drop century investment pass.
INC-20250728-000003,AST-000003-2,Engine,staged,Number cost property model guess.
INC-20250728-000003,AST-000003-3,Ladder,deployed,Name skill medical after them analysis hit.
INC-20251007-000004,AST-000004-1,Aerial Platform,staged,Social though firm.
INC-20251007-000004,AST-000004-2,Foam Trailer,deployed,Middle writer myself education send.
INC-20251019-000006,AST-000006-1,Drone,released,Call door population.
INC-20250527-000007,AST-000007-1,Water Tender,released,Brother simple region Democrat partner really your.
INC-20241128-000008,AST-000008-1,Drone,released,Meeting building cut catch so ago.
INC-20241128-000008,AST-000008-2,Ladder,released,Occur level work candidate this assume huge.
INC-20250804-000011,AST-000011-1,Ladder,deployed,Five letter environment easy.
INC-20250804-000011,AST-000011-2,Engine,deployed,Anything war ten industry.
INC-20251007-000012,AST-000012-1,Drone,released,Experience account blue care enough hand idea.
INC-20251007-000012,AST-000012-2,Drone,deployed,Hundred now crime.
INC-20251007-000012,AST-000012-3,Drone,staged,Eye hit late near stay perhaps particularly.
INC-20250815-000019,AST-000019-1,Ladder,staged,Theory across nothing blue work.
INC-20250815-000019,AST-000019-2,Drone,staged,Lawyer political modern threat care.
INC-20250815-000019,AST-000019-3,Water Tender,released,Life cover both class learn either control.
INC-20250220-000022,AST-000022-1,Drone,staged,Speak law message lead around left southern.
INC-20250220-000022,AST-000022-2,Water Tender,deployed,How staff second.
INC-20250913-000027,AST-000027-1,Engine,staged,Source onto provide describe decade.
INC-20250913-000027,AST-000027-2,Drone,released,Field training deep couple scientist section.
INC-20251004-000033,AST-000033-1,Ladder,released,May window approach join.
INC-20251004-000033,AST-000033-2,Drone,released,Future shoulder western however.
INC-20251004-000033,AST-000033-3,Drone,released,Ahead event yeah make green wait.
INC-20250825-000035,AST-000035-1,Aerial Platform,staged,Especially environmental certainly cold.
INC-20250825-000035,AST-000035-2,Drone,deployed,Inside machine baby edge east.
INC-20250913-000038,AST-000038-1,Ladder,staged,Order trial body eat professor coach partner.
INC-20250705-000045,AST-000045-1,Aerial Platform,staged,My series service kid despite interesting.
INC-20250705-000045,AST-000045-2,Foam Trailer,released,Fear yourself last give stage.
INC-20250705-000045,AST-000045-3,Ladder,deployed,Tend bring speech decide scene ready.
INC-20251011-000046,AST-000046-1,Foam Trailer,released,Career seek in arrive.
INC-20251011-000046,AST-000046-2,Aerial Platform,released,Term camera tend economic represent.
INC-20251011-000046,AST-000046-3,Engine,released,Seven put majority officer environmental.
INC-20250814-000049,AST-000049-1,Engine,deployed,Finish thing case similar.
INC-20250914-000050,AST-000050-1,Engine,released,Expect wait agree suggest then day parent country.
INC-20250914-000050,AST-000050-2,Drone,staged,Far approach today west manager both.
INC-20250111-000052,AST-000052-1,Ladder,staged,Role suffer around beat its law.
INC-20250111-000052,AST-000052-2,Foam Trailer,released,Area program price compare actually case activity market.
INC-20250111-000052,AST-000052-3,Water Tender,staged,Mission situation result cold camera sit.
INC-20251019-000057,AST-000057-1,Aerial Platform,staged,Board black last finish building group show later.
INC-20250531-000060,AST-000060-1,Foam Trailer,staged,Him interview government.
INC-20250724-000061,AST-000061-1,Ladder,staged,Some writer site grow name machine tree.
INC-20250724-000061,AST-000061-2,Aerial Platform,deployed,Focus establish ago others ahead specific exactly.
INC-20250724-000061,AST-000061-3,Drone,deployed,Morning short yourself wind beyond prevent entire.
INC-20250104-000065,AST-000065-1,Ladder,released,Decide really go skin result.
INC-20250104-000065,AST-000065-2,Drone,staged,History run why.
INC-20250104-000065,AST-000065-3,Water Tender,deployed,Manage her national big look tell.
INC-20240329-000066,AST-000066-1,Foam Trailer,released,Enter example down anyone occur style child.
INC-20250903-000068,AST-000068-1,Foam Trailer,deployed,Of dog federal house take alone number.
INC-20250903-000068,AST-000068-2,Foam Trailer,deployed,Song quality per build serious common worker.
INC-20250903-000068,AST-000068-3,Aerial Platform,staged,Speak call interest write itself.
INC-20250922-000070,AST-000070-1,Foam Trailer,released,Win direction feel season.
INC-20250922-000070,AST-000070-2,Engine,staged,Especially indicate population could deep station.
INC-20250922-000070,AST-000070-3,Drone,released,Service test start middle city find medical.
INC-20250121-000078,AST-000078-1,Foam Trailer,released,Course quality phone eat really general can.
INC-20250912-000080,AST-000080-1,Aerial Platform,deployed,Product president after.
INC-20250607-000081,AST-000081-1,Drone,deployed,Story win group important civil.
INC-20230626-000082,AST-000082-1,Drone,released,Believe serve animal system.
INC-20230626-000082,AST-000082-2,Ladder,released,Forget thus western environmental.
INC-20230626-000082,AST-000082-3,Engine,staged,Head garden box hundred.
INC-20250830-000084,AST-000084-1,Aerial Platform,staged,Chance step throughout party activity various.
INC-20250830-000084,AST-000084-2,Drone,released,Support system thank avoid man drive wife.
INC-20250419-000088,AST-000088-1,Water Tender,staged,Industry participant realize eat huge garden.
INC-20250202-000089,AST-000089-1,Ladder,deployed,Purpose throw move there institution actually.
INC-20251017-000095,AST-000095-1,Aerial Platform,deployed,Animal summer group me face rate paper example.
INC-20251017-000095,AST-000095-2,Foam Trailer,deployed,High state air choose detail section.
INC-20251017-000101,AST-000101-1,Foam Trailer,staged,Plant event score official now heavy her.
INC-20251017-000101,AST-000101-2,Engine,staged,President structure might heavy trade might good test.
INC-20251017-000101,AST-000101-3,Ladder,deployed,Society thought according think key discover method.
INC-20250615-000107,AST-000107-1,Ladder,released,Who accept before certainly unit itself.
INC-20251005-000109,AST-000109-1,Aerial Platform,deployed,White everybody paper create upon offer.
INC-20250902-000113,AST-000113-1,Aerial Platform,deployed,Contain interest industry sell half hundred.
INC-20250816-000117,AST-000117-1,Ladder,staged,Approach side model you billion peace base.
INC-20250816-000117,AST-000117-2,Water Tender,staged,Finally easy exist phone capital stuff.
INC-20250603-000118,AST-000118-1,Drone,released,Choose action model serve carry.
INC-20250603-000118,AST-000118-2,Engine,staged,Light across two water local.
INC-20250929-000124,AST-000124-1,Ladder,released,Every story trial never attention choice fast.
INC-20250618-000128,AST-000128-1,Foam Trailer,staged,Nearly you suddenly include plan step.
INC-20250618-000128,AST-000128-2,Water Tender,staged,Part none degree she unit effect.
INC-20250618-000128,AST-000128-3,Water Tender,released,Language however risk work other military year.
INC-20241023-000129,AST-000129-1,Engine,staged,Safe rich society common stay.
INC-20241023-000129,AST-000129-2,Ladder,deployed,Standard believe politics also space high sister.
INC-20241120-000132,AST-000132-1,Ladder,deployed,Science drug per challenge.
INC-20250823-000134,AST-000134-1,Water Tender,staged,Two figure majority season adult.
INC-20250823-000134,AST-000134-2,Aerial Platform,released,Green few you without every artist.
INC-20250812-000135,AST-000135-1,Water Tender,deployed,Finally relate model career.
INC-20250621-000137,AST-000137-1,Foam Trailer,released,Man case cover allow share address.
INC-20250621-000137,AST-000137-2,Engine,deployed,Wear development provide dark daughter.
INC-20250823-000142,AST-000142-1,Water Tender,staged,Concern lay often use behavior federal happy.
INC-20250823-000142,AST-000142-2,Drone,deployed,Star serve successful assume likely business.
INC-20230117-000146,AST-000146-1,Aerial Platform,staged,Report even beautiful theory he stop.
INC-20230117-000146,AST-000146-2,Drone,staged,Democratic few born size sing.
INC-20230117-000146,AST-000146-3,Engine,deployed,Kitchen agent lot matter.
INC-20250726-000148,AST-000148-1,Drone,deployed,Each author party full kitchen candidate likely.
INC-20250726-000148,AST-000148-2,Aerial Platform,deployed,Black approach interview.
INC-20250726-000148,AST-000148-3,Aerial Platform,released,Relate through picture real.
INC-20250916-000149,AST-000149-1,Drone,released,Century time election guy contain.
INC-20250916-000149,AST-000149-2,Drone,deployed,Small think law air little goal.
INC-20250916-000149,AST-000149-3,Engine,deployed,Suffer executive give offer meet if research.
INC-20250728-000154,AST-000154-1,Water Tender,released,Unit office almost also low happy.
INC-20250728-000154,AST-000154-2,Ladder,deployed,Loss real center rule worker worker single let.
INC-20250728-000154,AST-000154-3,Water Tender,deployed,Model particular early piece.
INC-20250728-000159,AST-000159-1,Engine,deployed,Agency begin voice.
INC-20250728-000159,AST-000159-2,Engine,deployed,Wear point remain build task.
INC-20250823-000161,AST-000161-1,Drone,deployed,Affect marriage present a also hospital charge.
INC-20250823-000161,AST-000161-2,Drone,deployed,Toward off middle vote make job.
INC-20250823-000161,AST-000161-3,Engine,staged,Music about west stand.
INC-20230715-000162,AST-000162-1,Drone,released,Piece grow be plan.
INC-20230715-000162,AST-000162-2,Ladder,deployed,Cause cover rest or majority.
INC-20230715-000162,AST-000162-3,Aerial Platform,staged,Society poor matter who.
INC-20250331-000165,AST-000165-1,Ladder,staged,Administration main according conference.
INC-20250331-000165,AST-000165-2,Ladder,deployed,Religious order exist really.
INC-20250331-000165,AST-000165-3,Foam Trailer,released,Realize deal policy mission include visit particular.
INC-20250928-000166,AST-000166-1,Drone,deployed,Computer prove amount population expect itself free.
INC-20250928-000166,AST-000166-2,Foam Trailer,deployed,Analysis science understand compare size machine break.
INC-20250811-000168,AST-000168-1,Water Tender,released,Save east force often through option.
INC-20250811-000168,AST-000168-2,Engine,released,Trial together individual analysis.
INC-20250907-000172,AST-000172-1,Ladder,staged,Hospital condition when baby.
INC-20250907-000172,AST-000172-2,Foam Trailer,released,Every recent many themselves.
INC-20250525-000173,AST-000173-1,Engine,deployed,Main program morning nature leader note.
INC-20250525-000173,AST-000173-2,Aerial Platform,released,Commercial employee machine wife show.
INC-20250903-000178,AST-000178-1,Foam Trailer,deployed,Sense carry control high network amount step.
INC-20250903-000178,AST-000178-2,Water Tender,staged,Fight nice less agree able enjoy what strong.
INC-20250903-000178,AST-000178-3,Drone,deployed,Buy program explain conference trade population agreement.
INC-20250420-000185,AST-000185-1,Aerial Platform,deployed,Just probably be century husband opportunity.
INC-20250420-000185,AST-000185-2,Drone,staged,Scientist throughout collection hair.
INC-20221229-000186,AST-000186-1,Drone,deployed,Should blue economy market.
INC-20221229-000186,AST-000186-2,Drone,deployed,Wall ahead scene store marriage ago condition painting.
INC-20250103-000194,AST-000194-1,Water Tender,released,To public though however style successful.
INC-20250902-000195,AST-000195-1,Drone,staged,Make hear we first.
INC-20231025-000197,AST-000197-1,Water Tender,staged,Political contain kitchen.
INC-20231025-000197,AST-000197-2,Foam Trailer,staged,Able customer figure office.
INC-20251015-000199,AST-000199-1,Drone,deployed,Budget require course technology site explain management.
INC-20251015-000199,AST-000199-2,Aerial Platform,deployed,Issue deal democratic station.
INC-20251015-000199,AST-000199-3,Engine,released,Industry impact certainly face energy.
INC-20250811-000203,AST-000203-1,Water Tender,staged,Congress turn east marriage behind forget expect.
INC-20250811-000203,AST-000203-2,Foam Trailer,released,Hour opportunity week student.
INC-20250811-000203,AST-000203-3,Engine,released,Ahead least remain look.
INC-20241030-000204,AST-000204-1,Foam Trailer,deployed,After decade home I.
INC-20221205-000208,AST-000208-1,Water Tender,staged,Course feeling leg listen against coach check.
INC-20221205-000208,AST-000208-2,Water Tender,deployed,White likely teacher one cut notice.
INC-20221205-000208,AST-000208-3,Ladder,staged,Anything account piece require woman support.
INC-20250831-000210,AST-000210-1,Engine,deployed,Somebody son suddenly perform executive see.
INC-20250831-000210,AST-000210-2,Drone,staged,Can current paper beyond indeed year field.
INC-20250831-000210,AST-000210-3,Engine,released,News yourself grow end quality.
INC-20250909-000211,AST-000211-1,Foam Trailer,deployed,Unit just lead.
INC-20250831-000218,AST-000218-1,Aerial Platform,staged,Own impact building occur.
INC-20250831-000218,AST-000218-2,Water Tender,released,Mission brother figure.
INC-20251021-000220,AST-000220-1,Drone,released,Save position tend religious occur someone.
INC-20251021-000220,AST-000220-2,Aerial Platform,deployed,Night buy nice court peace.
INC-20251021-000220,AST-000220-3,Ladder,deployed,Serious whatever miss seek me affect probably.
INC-20250929-000221,AST-000221-1,Water Tender,staged,High before woman my experience consumer.
INC-20250929-000221,AST-000221-2,Ladder,released,Child weight question arrive.
INC-20250929-000221,AST-000221-3,Foam Trailer,staged,Consider require fear better central throw.
INC-20251014-000223,AST-000223-1,Water Tender,deployed,Later a let stop eye will a.
INC-20251014-000223,AST-000223-2,Water Tender,staged,Event economy quite yourself successful defense subject.
INC-20251014-000223,AST-000223-3,Ladder,staged,Animal school none feel house.
INC-20250622-000225,AST-000225-1,Aerial Platform,deployed,Still group concern should recent across.
INC-20250622-000225,AST-000225-2,Drone,deployed,Have cover act sea serve quite remember.
INC-20250622-000225,AST-000225-3,Drone,deployed,Bed party field response doctor.
INC-20250807-000227,AST-000227-1,Foam Trailer,deployed,Within interest avoid economic clearly.
INC-20250807-000227,AST-000227-2,Ladder,released,As personal agreement it agency.
INC-20250807-000227,AST-000227-3,Engine,staged,Various subject east list when strategy start mind.
INC-20250917-000235,AST-000235-1,Aerial Platform,released,Moment low what listen ok point.
INC-20250815-000240,AST-000240-1,Engine,deployed,Two child well.
INC-20250815-000240,AST-000240-2,Aerial Platform,deployed,Nothing sometimes trial off hospital high.
INC-20250815-000240,AST-000240-3,Foam Trailer,staged,As hit little forget while police.
INC-20250916-000244,AST-000244-1,Water Tender,released,Run leader treat contain notice hour watch dream.
INC-20250916-000244,AST-000244-2,Water Tender,staged,Event physical factor trouble.
INC-20250827-000247,AST-000247-1,Foam Trailer,deployed,Hear draw before instead writer.
INC-20250827-000247,AST-000247-2,Water Tender,deployed,Star quite as when benefit structure.
INC-20250918-000252,AST-000252-1,Water Tender,deployed,Television loss week growth help.
INC-20250903-000264,AST-000264-1,Ladder,released,Out final wrong.
INC-20250903-000264,AST-000264-2,Ladder,staged,Event summer off piece.
INC-20240919-000269,AST-000269-1,Foam Trailer,deployed,Be by fear.
INC-20250805-000274,AST-000274-1,Aerial Platform,released,Industry leader keep government light expert weight minute.
INC-20250805-000274,AST-000274-2,Foam Trailer,released,Figure teach water image fine.
INC-20250805-000274,AST-000274-3,Engine,released,Play baby drive behavior.
INC-20250414-000275,AST-000275-1,Water Tender,staged,Amount large collection us shake tough company happen.
INC-20250414-000275,AST-000275-2,Aerial Platform,staged,Message weight institution here.
INC-20250805-000277,AST-000277-1,Ladder,released,Choose prevent difficult.
INC-20250805-000277,AST-000277-2,Water Tender,released,Hear hair throughout movie especially writer.
INC-20250805-000277,AST-000277-3,Ladder,released,Class government its grow that cup.
INC-20250821-000278,AST-000278-1,Drone,deployed,Question garden with.
INC-20250925-000279,AST-000279-1,Foam Trailer,staged,Husband event court certainly.
INC-20250924-000280,AST-000280-1,Water Tender,staged,Exactly paper issue edge man free born.
INC-20250719-000281,AST-000281-1,Foam Trailer,released,Feeling listen set move child campaign.
INC-20250719-000281,AST-000281-2,Foam Trailer,staged,Nearly education theory table trade window.
INC-20250920-000282,AST-000282-1,Foam Trailer,staged,Option across up mention mean.
INC-20250920-000282,AST-000282-2,Aerial Platform,deployed,Else system fast environmental budget difference move.
INC-20241030-000283,AST-000283-1,Engine,staged,Despite whole computer will Mr without.
INC-20241030-000283,AST-000283-2,Ladder,deployed,Blood second high president thank plant nearly stage.
INC-20241030-000283,AST-000283-3,Drone,staged,Food daughter picture teach house.
INC-20250929-000284,AST-000284-1,Water Tender,staged,Body add store.
INC-20250929-000284,AST-000284-2,Drone,staged,Car show environment.
INC-20250929-000284,AST-000284-3,Drone,staged,Outside society act social my stand system be.
INC-20250709-000290,AST-000290-1,Water Tender,released,Actually store indicate she.
INC-20250709-000290,AST-000290-2,Foam Trailer,staged,Sea security recognize federal in front sit.
INC-20250709-000290,AST-000290-3,Ladder,deployed,Expert choose thing.
INC-20251019-000292,AST-000292-1,Drone,staged,Series finally necessary.
INC-20251019-000292,AST-000292-2,Aerial Platform,deployed,Drive be now.
INC-20250111-000293,AST-000293-1,Aerial Platform,staged,Only system face charge leg those behavior.
INC-20250813-000295,AST-000295-1,Foam Trailer,deployed,Practice cell buy notice always teacher.
INC-20250813-000295,AST-000295-2,Water Tender,staged,Important people quite kid mention person.
INC-20250503-000299,AST-000299-1,Aerial Platform,deployed,Minute about late strategy call.
INC-20250503-000299,AST-000299-2,Aerial Platform,deployed,Police official already second could recent similar.
INC-20250503-000299,AST-000299-3,Aerial Platform,deployed,Help girl weight will officer add sport administration.
INC-20250724-000309,AST-000309-1,Ladder,staged,Prevent head single business five.
INC-20250113-000312,AST-000312-1,Foam Trailer,released,Catch year technology.
INC-20250113-000312,AST-000312-2,Ladder,deployed,Difficult because right speech staff Mr.
INC-20250930-000314,AST-000314-1,Ladder,released,Remain pretty summer black candidate.
INC-20241211-000321,AST-000321-1,Engine,staged,Note society get body across until chair.
INC-20250911-000323,AST-000323-1,Aerial Platform,staged,Quickly follow official raise current career.
INC-20250903-000325,AST-000325-1,Foam Trailer,deployed,Call prove leg several military stuff.
INC-20251003-000326,AST-000326-1,Foam Trailer,released,South perhaps customer.
INC-20251003-000326,AST-000326-2,Foam Trailer,deployed,A page building best.
INC-20250206-000328,AST-000328-1,Drone,released,Few population throw people amount trade while life.
INC-20250206-000328,AST-000328-2,Drone,deployed,Everybody word group task me give relationship.
INC-20250815-000330,AST-000330-1,Engine,released,News cultural make quickly different score its.
INC-20250815-000330,AST-000330-2,Foam Trailer,released,Speak court old pick protect data special.
INC-20250822-000332,AST-000332-1,Engine,staged,Instead customer thousand arrive daughter stage.
INC-20250822-000332,AST-000332-2,Water Tender,staged,Under professional there dog authority way.
INC-20250822-000332,AST-000332-3,Ladder,staged,Reflect she along wonder wear our partner ball.
INC-20250918-000337,AST-000337-1,Aerial Platform,released,Southern network weight usually.
INC-20250918-000337,AST-000337-2,Water Tender,released,Teach visit less occur nothing.
INC-20250819-000338,AST-000338-1,Drone,staged,Activity fill produce structure summer kitchen admit across.
INC-20250819-000338,AST-000338-2,Engine,staged,Whole lose such.
INC-20250819-000338,AST-000338-3,Engine,staged,Impact often bag today necessary.
INC-20250730-000339,AST-000339-1,Foam Trailer,staged,Window administration suddenly support music.
INC-20250730-000339,AST-000339-2,Engine,deployed,Over glass back.
INC-20250730-000339,AST-000339-3,Engine,released,Both back daughter now stop race.
INC-20250831-000340,AST-000340-1,Water Tender,staged,Price change several.
INC-20250831-000340,AST-000340-2,Aerial Platform,released,Western when yeah not.
INC-20250831-000340,AST-000340-3,Water Tender,deployed,Piece safe much building these sometimes parent.
INC-20250818-000341,AST-000341-1,Aerial Platform,staged,Simply imagine once catch employee.
INC-20250818-000341,AST-000341-2,Foam Trailer,released,Game brother impact measure chance.
INC-20250818-000341,AST-000341-3,Water Tender,staged,Plan significant tonight then administration building enjoy.
INC-20250825-000344,AST-000344-1,Drone,deployed,Those eye truth writer send.
INC-20250825-000344,AST-000344-2,Engine,released,Project cell deal stuff senior.
INC-20250825-000344,AST-000344-3,Ladder,released,Out always three.
INC-20241211-000348,AST-000348-1,Aerial Platform,deployed,Ground loss benefit both thing sense expert wide.
INC-20241211-000348,AST-000348-2,Aerial Platform,staged,Easy interesting computer what produce girl.
INC-20241211-000348,AST-000348-3,Drone,staged,Relate similar low source major include.
INC-20250818-000349,AST-000349-1,Drone,staged,Final important occur.
INC-20250818-000349,AST-000349-2,Drone,staged,Movie single book why.
INC-20250818-000349,AST-000349-3,Ladder,released,Form painting after reveal sort bed relate treatment.
INC-20250408-000350,AST-000350-1,Foam Trailer,released,Bill huge machine church feeling discover significant.
INC-20250408-000350,AST-000350-2,Ladder,deployed,Almost seek spend help husband.
INC-20250408-000350,AST-000350-3,Drone,deployed,Technology baby mean region run.
INC-20250930-000354,AST-000354-1,Aerial Platform,released,Although interest color sort.
INC-20250930-000354,AST-000354-2,Water Tender,released,Cause them industry across brother yet result.
INC-20250930-000354,AST-000354-3,Foam Trailer,staged,Mission past he practice center.
INC-20251011-000355,AST-000355-1,Engine,released,Current behind learn behind person.
INC-20250810-000356,AST-000356-1,Drone,released,Sign option everyone southern the protect list.
INC-20250804-000360,AST-000360-1,Water Tender,released,Reveal hand add professor indicate property article cover.
INC-20250804-000360,AST-000360-2,Foam Trailer,deployed,Challenge entire common and part read important.
INC-20241206-000367,AST-000367-1,Aerial Platform,deployed,Others move get prove wife agree.
INC-20241206-000367,AST-000367-2,Drone,staged,Concern dog gun may ability out huge back.
INC-20241206-000367,AST-000367-3,Drone,staged,Catch could deep itself fund.
INC-20250729-000368,AST-000368-1,Foam Trailer,deployed,Himself lawyer main whether I side field.
INC-20250729-000368,AST-000368-2,Water Tender,staged,Score break southern traditional maybe.
INC-20250107-000369,AST-000369-1,Ladder,released,Business majority happen.
INC-20250107-000369,AST-000369-2,Ladder,deployed,Rather education front fast standard myself condition ground.
INC-20250729-000373,AST-000373-1,Ladder,deployed,Pull eight allow system.
INC-20250729-000373,AST-000373-2,Water Tender,deployed,Place no generation debate.
INC-20250729-000373,AST-000373-3,Ladder,deployed,Hard factor firm purpose ahead person coach.
INC-20251016-000374,AST-000374-1,Ladder,deployed,Nearly goal design too everything side.
INC-20251016-000374,AST-000374-2,Drone,released,Black those whether seven fish movie hot teacher.
INC-20250902-000377,AST-000377-1,Foam Trailer,staged,Matter book page former turn city left.
INC-20251018-000381,AST-000381-1,Aerial Platform,staged,Finally difference everything sing smile.
INC-20251018-000381,AST-000381-2,Engine,staged,Ground least tree trade style.
INC-20251014-000383,AST-000383-1,Drone,deployed,Live between operation our.
INC-20251014-000383,AST-000383-2,Water Tender,staged,Notice ok technology born though.
INC-20250729-000385,AST-000385-1,Ladder,deployed,Range until decision public.
INC-20250729-000385,AST-000385-2,Water Tender,released,Choose short skill system particular church.
INC-20251008-000386,AST-000386-1,Ladder,staged,Why government south window.
INC-20251008-000386,AST-000386-2,Engine,released,Affect region decade respond far.
INC-20251012-000391,AST-000391-1,Water Tender,released,President customer start understand throw resource officer.
INC-20251012-000391,AST-000391-2,Drone,released,Significant deal consider ago own.
INC-20250712-000393,AST-000393-1,Water Tender,deployed,Son growth effort born.
INC-20251013-000398,AST-000398-1,Engine,staged,Class follow occur low gas.
INC-20250815-000399,AST-000399-1,Ladder,released,Interview agent myself behind window store.
INC-20250815-000399,AST-000399-2,Foam Trailer,deployed,Nearly fast their film.
INC-20230613-000400,AST-000400-1,Foam Trailer,staged,Coach city quite play teacher difficult us.
INC-20230613-000400,AST-000400-2,Engine,released,Must western interest dark.
INC-20250929-000403,AST-000403-1,Ladder,deployed,International collection report tend maintain fact mission.
INC-20250929-000403,AST-000403-2,Engine,staged,Young owner out guy.
INC-20250929-000403,AST-000403-3,Ladder,staged,Student white instead point tend exactly right.
INC-20250805-000407,AST-000407-1,Aerial Platform,deployed,Police series dark task magazine front just.
INC-20230607-000410,AST-000410-1,Water Tender,released,Somebody often benefit true world.
INC-20230607-000410,AST-000410-2,Water Tender,staged,Movement bit step direction give reduce with.
INC-20250304-000418,AST-000418-1,Drone,released,Marriage skill expert range area.
INC-20250304-000418,AST-000418-2,Water Tender,released,Could become throughout.
INC-20250304-000418,AST-000418-3,Engine,released,Myself political school move another field could.
INC-20250826-000419,AST-000419-1,Engine,staged,Step head study and center east.
INC-20250222-000421,AST-000421-1,Water Tender,released,Strategy continue several.
INC-20250724-000422,AST-000422-1,Foam Trailer,deployed,Hospital check factor as.
INC-20230902-000423,AST-000423-1,Engine,staged,Range accept about around.
INC-20230902-000423,AST-000423-2,Engine,staged,Shoulder build different pick nor available.
INC-20230902-000423,AST-000423-3,Ladder,staged,Visit population executive pattern last security raise.
INC-20250730-000424,AST-000424-1,Drone,deployed,Inside individual safe know home hair.
INC-20251002-000429,AST-000429-1,Foam Trailer,deployed,Those write though attention career feel.
INC-20251003-000430,AST-000430-1,Drone,deployed,Town appear draw fill large item.
INC-20251003-000430,AST-000430-2,Foam Trailer,deployed,Evening yet prevent.
INC-20251003-000430,AST-000430-3,Water Tender,deployed,Four all the unit.
INC-20230329-000431,AST-000431-1,Engine,staged,Cover example bar last public south tree.
INC-20230503-000435,AST-000435-1,Water Tender,deployed,Bag share respond activity season because.
INC-20250917-000437,AST-000437-1,Engine,staged,Market citizen stop.
INC-20250917-000437,AST-000437-2,Water Tender,deployed,Everyone couple parent material itself surface maintain.
INC-20250917-000437,AST-000437-3,Ladder,deployed,Government black well relationship.
INC-20241029-000439,AST-000439-1,Drone,staged,Ball make owner through when entire.
INC-20241029-000439,AST-000439-2,Engine,released,Hope cover show Republican hair sing listen.
INC-20241029-000439,AST-000439-3,Ladder,staged,Plan force station lot certainly.
INC-20250929-000450,AST-000450-1,Aerial Platform,staged,Put imagine which beat education case under.
INC-20250929-000450,AST-000450-2,Engine,staged,Late much quite threat gas truth work.
INC-20250929-000450,AST-000450-3,Ladder,released,Out music story city.
INC-20231106-000456,AST-000456-1,Water Tender,released,Space way break clearly car without.
INC-20231106-000456,AST-000456-2,Engine,released,None just happen recognize after modern really play.
INC-20250829-000458,AST-000458-1,Aerial Platform,released,Modern entire most field.
INC-20250809-000459,AST-000459-1,Engine,deployed,Local wrong authority clearly.
INC-20250430-000461,AST-000461-1,Drone,deployed,Force final way memory history that read receive.
INC-20250430-000461,AST-000461-2,Ladder,released,Out skill case front reality window mouth pattern.
INC-20250812-000465,AST-000465-1,Drone,deployed,Before science without especially.
INC-20250812-000465,AST-000465-2,Engine,deployed,Buy east image drug participant throughout truth.
INC-20250812-000465,AST-000465-3,Engine,staged,Blue draw final often outside.
INC-20250926-000467,AST-000467-1,Drone,staged,Rather none population.
INC-20251004-000469,AST-000469-1,Engine,staged,Attack big stage condition.
INC-20251004-000469,AST-000469-2,Water Tender,released,Single network hard condition.
INC-20251004-000469,AST-000469-3,Engine,staged,Usually early across talk short message again.
INC-20241103-000471,AST-000471-1,Water Tender,deployed,Simple seek last opportunity serve cause.
INC-20241103-000471,AST-000471-2,Drone,deployed,How central too tough education.
INC-20250810-000475,AST-000475-1,Ladder,released,A at teach enter lot.
INC-20241108-000478,AST-000478-1,Foam Trailer,staged,Brother dog these man when open.
INC-20250918-000479,AST-000479-1,Ladder,staged,Various soldier recently charge.
INC-20250918-000479,AST-000479-2,Drone,staged,Able concern card.
INC-20250919-000482,AST-000482-1,Engine,staged,Reach often responsibility itself but popular.
INC-20250919-000482,AST-000482-2,Water Tender,released,Role few remember time prevent hair hospital.
INC-20250603-000483,AST-000483-1,Aerial Platform,deployed,Individual side place represent.
INC-20250603-000483,AST-000483-2,Engine,staged,Health able lot station may decision forward probably.
INC-20240117-000486,AST-000486-1,Foam Trailer,deployed,Indeed town daughter clearly best.
INC-20240117-000486,AST-000486-2,Aerial Platform,deployed,Finally my nature attention work.
INC-20250923-000491,AST-000491-1,Engine,deployed,Guy believe enough free.
INC-20251019-000492,AST-000492-1,Water Tender,deployed,Find there behavior.
INC-20251019-000492,AST-000492-2,Ladder,staged,Especially appear attention we open blood.
INC-20251019-000492,AST-000492-3,Aerial Platform,staged,Amount special image blood city vote time.
INC-20251022-000493,AST-000493-1,Water Tender,deployed,Manage draw involve party home.
INC-20250813-000497,AST-000497-1,Aerial Platform,staged,Especially lose just card sit population.
INC-20251015-000501,AST-000501-1,Aerial Platform,released,Truth important yard.
INC-20251015-000501,AST-000501-2,Engine,staged,Threat throw behavior type partner behavior economy our.
INC-20250428-000503,AST-000503-1,Ladder,staged,Strong it reach street city.
INC-20250428-000503,AST-000503-2,Water Tender,released,Account hear mouth range throw board.
INC-20250428-000503,AST-000503-3,Water Tender,released,Deep child board director.
INC-20250827-000504,AST-000504-1,Water Tender,released,Heart movement until themselves break.
INC-20250827-000504,AST-000504-2,Engine,deployed,Too discover record wear.
INC-20250814-000505,AST-000505-1,Ladder,released,Forward carry condition into sure.
INC-20250814-000505,AST-000505-2,Ladder,released,Cause so recognize become challenge.
INC-20250814-000505,AST-000505-3,Ladder,released,Author return national scene focus clearly.
INC-20250924-000506,AST-000506-1,Water Tender,deployed,Positive arm piece why ago change government.
INC-20250924-000506,AST-000506-2,Ladder,deployed,Public some mean face factor city.
INC-20250924-000506,AST-000506-3,Aerial Platform,staged,Spend outside office live make travel baby.
INC-20250801-000507,AST-000507-1,Foam Trailer,staged,Help but include something memory wrong.
INC-20250801-000507,AST-000507-2,Aerial Platform,deployed,Product hand start size heart among.
INC-20250801-000507,AST-000507-3,Drone,deployed,Person apply debate.
INC-20250520-000511,AST-000511-1,Drone,staged,Whether morning trouble against difficult board drop.
INC-20250308-000516,AST-000516-1,Ladder,staged,Candidate movie wait amount happen.
INC-20250308-000516,AST-000516-2,Foam Trailer,deployed,Sing front manage.
INC-20250826-000519,AST-000519-1,Water Tender,deployed,Medical year oil.
INC-20250826-000519,AST-000519-2,Engine,staged,Sort experience consider administration.
INC-20240229-000526,AST-000526-1,Water Tender,staged,However model move.
INC-20240723-000528,AST-000528-1,Water Tender,staged,Story huge move until toward.
INC-20250816-000529,AST-000529-1,Aerial Platform,released,Just serious term discuss state drug boy middle.
INC-20250918-000530,AST-000530-1,Engine,staged,Purpose beat hotel them hand since.
INC-20251014-000535,AST-000535-1,Ladder,staged,Family point plant card mouth office especially hot.
INC-20250906-000539,AST-000539-1,Ladder,deployed,Along government lead past.
INC-20250617-000540,AST-000540-1,Ladder,released,Indicate western tell on indeed senior.
INC-20250728-000543,AST-000543-1,Water Tender,deployed,Figure begin help account bed each energy civil.
INC-20250728-000543,AST-000543-2,Engine,staged,Leg agency close likely million beautiful lay.
INC-20251020-000550,AST-000550-1,Foam Trailer,released,Current everyone test memory arm.
INC-20251020-000550,AST-000550-2,Ladder,released,Treatment office yeah bar rather.
INC-20251020-000550,AST-000550-3,Engine,staged,Behavior whose certain any character charge debate.
INC-20241213-000553,AST-000553-1,Drone,deployed,Other campaign reason market admit best why.
INC-20250909-000555,AST-000555-1,Ladder,deployed,Develop report experience.
INC-20250909-000555,AST-000555-2,Aerial Platform,deployed,Around admit guy toward what.
INC-20250909-000555,AST-000555-3,Drone,released,Trial policy happy throw final assume kind.
INC-20240813-000556,AST-000556-1,Aerial Platform,staged,Network beyond human shake bed class.
INC-20240813-000556,AST-000556-2,Aerial Platform,released,Amount actually best risk hand blue or.
INC-20240813-000556,AST-000556-3,Ladder,staged,Wind region less crime.
INC-20250817-000557,AST-000557-1,Foam Trailer,released,North consider mother.
INC-20250817-000557,AST-000557-2,Engine,released,Put land region other many daughter night.
INC-20250817-000557,AST-000557-3,Engine,deployed,Current provide the customer I state.
INC-20250131-000558,AST-000558-1,Foam Trailer,staged,Name walk attack resource serious.
INC-20250131-000558,AST-000558-2,Water Tender,released,Recent off fire property remain first common eight.
INC-20250131-000558,AST-000558-3,Foam Trailer,released,Maybe space father store start upon house paper.
INC-20250901-000562,AST-000562-1,Foam Trailer,deployed,Project stock conference country nor federal idea.
INC-20250901-000562,AST-000562-2,Aerial Platform,staged,Various memory matter stage.
INC-20250930-000568,AST-000568-1,Drone,released,Summer bit difficult for continue house heavy.
INC-20250930-000568,AST-000568-2,Water Tender,deployed,National pattern Mrs source eat.
INC-20251017-000570,AST-000570-1,Ladder,staged,Argue magazine any order prepare feeling career morning.
INC-20251012-000571,AST-000571-1,Water Tender,staged,Court media part interesting drug.
INC-20251012-000571,AST-000571-2,Foam Trailer,released,Election identify high capital plant side.
INC-20250814-000572,AST-000572-1,Drone,staged,Exactly work begin treat.
INC-20241104-000577,AST-000577-1,Ladder,released,Me certain person director summer thing activity.
INC-20250825-000580,AST-000580-1,Foam Trailer,staged,Military method any official.
INC-20250217-000581,AST-000581-1,Engine,released,Today eye floor during want.
INC-20250911-000587,AST-000587-1,Engine,released,Street animal itself media able official call.
INC-20250911-000587,AST-000587-2,Drone,released,Market a off visit anyone place.
INC-20251004-000588,AST-000588-1,Drone,released,Read response drive carry.
INC-20250823-000589,AST-000589-1,Drone,released,Fire into section analysis.
INC-20250823-000589,AST-000589-2,Aerial Platform,staged,Dinner stage soldier apply notice current.
INC-20241027-000591,AST-000591-1,Water Tender,deployed,Just model thing drop the character.
INC-20241027-000591,AST-000591-2,Aerial Platform,released,Art television without itself seat language open.
INC-20241027-000591,AST-000591-3,Foam Trailer,staged,Wrong you through us me.
INC-20250326-000592,AST-000592-1,Foam Trailer,released,North role act alone view.
INC-20250814-000597,AST-000597-1,Aerial Platform,deployed,Pattern company nation get seek training rather future.
INC-20251011-000602,AST-000602-1,Engine,deployed,Boy song success difficult sell accept.
INC-20251011-000602,AST-000602-2,Aerial Platform,staged,Issue whatever between somebody rise.
INC-20251011-000602,AST-000602-3,Water Tender,released,Attack trade modern buy.
INC-20250816-000606,AST-000606-1,Engine,released,Imagine how able.
INC-20250816-000606,AST-000606-2,Ladder,staged,General soldier discuss stock.
INC-20241220-000607,AST-000607-1,Drone,staged,Start at hit class nothing soon data.
INC-20241220-000607,AST-000607-2,Ladder,released,Information add argue image.
INC-20240506-000608,AST-000608-1,Foam Trailer,released,Show response nothing gas few page cold couple.
INC-20240506-000608,AST-000608-2,Engine,deployed,History its street because.
INC-20250707-000610,AST-000610-1,Water Tender,staged,Speak drive bad.
INC-20250707-000610,AST-000610-2,Water Tender,deployed,Summer more if hear responsibility have.
INC-20250825-000613,AST-000613-1,Aerial Platform,released,Practice on easy today wait.
INC-20250825-000613,AST-000613-2,Drone,deployed,Feeling first final responsibility.
INC-20250825-000613,AST-000613-3,Engine,staged,Laugh include price leader.
INC-20250305-000616,AST-000616-1,Aerial Platform,staged,Assume control leg suggest.
INC-20250305-000616,AST-000616-2,Ladder,staged,Build ago feeling whose realize.
INC-20251012-000618,AST-000618-1,Drone,released,Wish animal could parent small building media.
INC-20251012-000618,AST-000618-2,Foam Trailer,released,Stop customer although add.
INC-20221210-000619,AST-000619-1,Water Tender,staged,Child staff yard place contain safe government.
INC-20221210-000619,AST-000619-2,Drone,released,Help start peace year.
INC-20221210-000619,AST-000619-3,Foam Trailer,staged,He any hope strategy player.
INC-20250806-000625,AST-000625-1,Engine,released,Rate too recognize final boy begin show forget.
INC-20250806-000625,AST-000625-2,Water Tender,deployed,Air mention rise official friend.
INC-20250806-000625,AST-000625-3,Aerial Platform,staged,By animal building attorney success.
INC-20250814-000627,AST-000627-1,Foam Trailer,staged,Development day reason order rest conference.
INC-20250806-000628,AST-000628-1,Aerial Platform,deployed,Seat film either authority to.
INC-20250901-000629,AST-000629-1,Drone,staged,Commercial different order matter campaign reveal rich.
INC-20250901-000629,AST-000629-2,Drone,staged,Write protect mouth side mission.
INC-20250813-000631,AST-000631-1,Water Tender,released,More organization couple old physical style.
INC-20250813-000631,AST-000631-2,Drone,deployed,New involve south.
INC-20250813-000631,AST-000631-3,Ladder,staged,Participant want end guess fear else force.
INC-20221106-000640,AST-000640-1,Water Tender,released,Opportunity position sure court crime.
INC-20250918-000646,AST-000646-1,Ladder,deployed,Some concern up.
INC-20230414-000650,AST-000650-1,Ladder,deployed,Participant history smile where Democrat low too.
INC-20251009-000651,AST-000651-1,Ladder,released,Room difference today leave outside task more.
INC-20251009-000651,AST-000651-2,Foam Trailer,deployed,Remain share wait after well lot.
INC-20250525-000655,AST-000655-1,Aerial Platform,deployed,Move enter firm society coach policy south then.
INC-20250525-000655,AST-000655-2,Foam Trailer,staged,Who brother thought all huge which.
INC-20250525-000655,AST-000655-3,Water Tender,released,However face own.
INC-20250115-000663,AST-000663-1,Foam Trailer,deployed,Born smile leave ground feel.
INC-20250115-000663,AST-000663-2,Engine,deployed,Least employee suggest owner already discuss member.
INC-20250115-000663,AST-000663-3,Drone,staged,Develop by design.
INC-20251005-000664,AST-000664-1,Aerial Platform,deployed,Still itself firm artist consider.
INC-20250308-000667,AST-000667-1,Drone,released,Treat he simple make play number senior.
INC-20250308-000667,AST-000667-2,Water Tender,staged,Watch score successful anything.
INC-20250308-000667,AST-000667-3,Ladder,released,Author seat leg much.
INC-20221223-000677,AST-000677-1,Engine,staged,Whole turn now community Mr teach voice meeting.
INC-20250917-000681,AST-000681-1,Ladder,staged,Onto save listen.
INC-20250917-000681,AST-000681-2,Drone,deployed,Work tend off daughter concern back.
INC-20250921-000687,AST-000687-1,Water Tender,staged,Capital blood property.
INC-20250921-000687,AST-000687-2,Drone,released,Western Mr two before south music.
INC-20250921-000687,AST-000687-3,Engine,staged,Year reflect run sort those effort.
INC-20250728-000688,AST-000688-1,Foam Trailer,staged,With body allow factor.
INC-20250912-000700,AST-000700-1,Water Tender,staged,Task everybody baby unit.
INC-20250912-000700,AST-000700-2,Engine,released,This impact nation member such so.
INC-20250912-000700,AST-000700-3,Foam Trailer,released,List stop production official police.
INC-20250901-000701,AST-000701-1,Water Tender,deployed,Beautiful so item education.
INC-20250901-000701,AST-000701-2,Drone,deployed,Clear either size admit hundred real.
INC-20250901-000701,AST-000701-3,Aerial Platform,released,Poor because buy provide partner.
INC-20250920-000703,AST-000703-1,Engine,deployed,Dark artist recognize bit.
INC-20250827-000705,AST-000705-1,Drone,deployed,When future front close budget.
INC-20250827-000705,AST-000705-2,Foam Trailer,released,Two newspaper put student mission about case.
INC-20250810-000706,AST-000706-1,Drone,released,Edge make building cup fund dinner.
INC-20250810-000706,AST-000706-2,Ladder,staged,There nice black total consider expert address.
INC-20250810-000706,AST-000706-3,Drone,released,Hand goal term matter address prepare protect.
INC-20251004-000709,AST-000709-1,Ladder,released,Discuss test pass form finally.
INC-20230808-000713,AST-000713-1,Ladder,released,Rate idea challenge late never street.
INC-20230808-000713,AST-000713-2,Engine,released,Large investment carry.
INC-20230808-000713,AST-000713-3,Drone,staged,Present help deal long attack strong deal.
INC-20250603-000715,AST-000715-1,Aerial Platform,released,General city sure only television drop.
INC-20250909-000718,AST-000718-1,Water Tender,deployed,Decade including learn effect evidence.
INC-20250906-000719,AST-000719-1,Water Tender,released,Board page scene different left citizen.
INC-20251002-000720,AST-000720-1,Aerial Platform,deployed,Itself staff industry manager guy include that.
INC-20250127-000721,AST-000721-1,Engine,staged,Once community church.
INC-20250127-000721,AST-000721-2,Engine,released,Easy community whatever each attack.
INC-20250127-000721,AST-000721-3,Water Tender,deployed,Special town south general.
INC-20250615-000723,AST-000723-1,Water Tender,released,Other term political not.
INC-20250615-000723,AST-000723-2,Engine,deployed,Game worry best car how away director.
INC-20250725-000734,AST-000734-1,Engine,released,Back many despite generation sit.
INC-20250725-000734,AST-000734-2,Foam Trailer,staged,May home eight now young.
INC-20250825-000739,AST-000739-1,Water Tender,released,Inside thousand little off.
INC-20250825-000739,AST-000739-2,Drone,deployed,Simply pass side laugh positive.
INC-20250825-000739,AST-000739-3,Water Tender,deployed,Forget maybe forget our step hit.
INC-20230420-000741,AST-000741-1,Water Tender,deployed,Less leader trial accept institution.
INC-20230420-000741,AST-000741-2,Engine,staged,Particularly commercial onto citizen deal.
INC-20230420-000741,AST-000741-3,Water Tender,released,Movie west doctor this push down force reach.
INC-20250815-000748,AST-000748-1,Engine,released,Economic heavy set a.
INC-20230218-000753,AST-000753-1,Ladder,staged,What figure present dinner.
INC-20230218-000753,AST-000753-2,Foam Trailer,deployed,That room nor.
INC-20230218-000753,AST-000753-3,Ladder,released,Feel admit might offer focus.
INC-20250131-000756,AST-000756-1,Engine,staged,Cultural college many wife artist industry serious.
INC-20250131-000756,AST-000756-2,Water Tender,deployed,Whole chair four perform.
INC-20250131-000756,AST-000756-3,Ladder,released,Our audience cup machine decide American fear contain.
INC-20250917-000757,AST-000757-1,Foam Trailer,staged,Within read table.
INC-20250818-000759,AST-000759-1,Water Tender,released,Change bank much race open hour civil.
INC-20250818-000759,AST-000759-2,Aerial Platform,released,Draw he star.
INC-20251008-000761,AST-000761-1,Ladder,staged,Friend every full another.
INC-20250808-000766,AST-000766-1,Water Tender,released,Various product election event picture weight analysis.
INC-20250808-000766,AST-000766-2,Drone,staged,Section while example experience forget.
INC-20250808-000766,AST-000766-3,Engine,staged,Bed newspaper piece building nature hope picture.
INC-20230422-000767,AST-000767-1,Drone,deployed,Top image capital government yes hand.
INC-20241217-000773,AST-000773-1,Engine,deployed,Food nothing participant attorney necessary determine.
INC-20241217-000773,AST-000773-2,Engine,released,About strategy small.
INC-20250314-000775,AST-000775-1,Foam Trailer,released,Establish push than list serve media into.
INC-20250314-000775,AST-000775-2,Engine,deployed,Case notice able unit store add.
INC-20241013-000779,AST-000779-1,Water Tender,deployed,Hot send foot into kitchen.
INC-20241013-000779,AST-000779-2,Engine,released,Note someone cover question drop.
INC-20250806-000780,AST-000780-1,Foam Trailer,deployed,Follow seem grow management between whom.
INC-20250806-000780,AST-000780-2,Aerial Platform,released,Like ever according hit land.
INC-20250806-000780,AST-000780-3,Aerial Platform,staged,Skin increase most car raise group increase.
INC-20250827-000782,AST-000782-1,Ladder,staged,Development work since everyone attorney especially official.
INC-20250827-000782,AST-000782-2,Aerial Platform,staged,Show point statement little machine suddenly start office.
INC-20250827-000782,AST-000782-3,Engine,staged,Career evening wrong new body guy participant.
INC-20240917-000785,AST-000785-1,Ladder,released,Scene year rather return cut may.
INC-20241207-000787,AST-000787-1,Engine,staged,Until dog least certain president budget.
INC-20241207-000787,AST-000787-2,Water Tender,released,Me often wonder this direction quickly of along.
INC-20250824-000789,AST-000789-1,Ladder,released,Skill owner place free because these national choice.
INC-20250824-000789,AST-000789-2,Aerial Platform,staged,Positive music poor suggest six better short.
INC-20250922-000794,AST-000794-1,Ladder,released,Standard institution task west sport.
INC-20250922-000794,AST-000794-2,Water Tender,deployed,It visit party look.
INC-20250823-000795,AST-000795-1,Water Tender,released,Politics you dinner company bed.
INC-20250823-000795,AST-000795-2,Aerial Platform,staged,Attention get school Mr on someone.
INC-20250823-000795,AST-000795-3,Drone,staged,Water travel feel.
INC-20250915-000800,AST-000800-1,Ladder,deployed,Majority campaign design nothing site.
INC-20250915-000800,AST-000800-2,Foam Trailer,deployed,Same poor throw plant green serious.
INC-20251018-000801,AST-000801-1,Engine,deployed,Single understand eight near loss.
INC-20251018-000801,AST-000801-2,Aerial Platform,staged,Mouth movie of feel.
INC-20251018-000801,AST-000801-3,Aerial Platform,staged,What at understand every rule.
INC-20250801-000803,AST-000803-1,Engine,staged,Director loss include piece war.
INC-20250801-000803,AST-000803-2,Drone,released,Magazine nature nature.
INC-20251017-000804,AST-000804-1,Foam Trailer,staged,Continue maybe them.
INC-20251017-000804,AST-000804-2,Foam Trailer,staged,Travel affect for store collection scientist.
INC-20250917-000807,AST-000807-1,Foam Trailer,released,Community approach special week easy.
INC-20250917-000807,AST-000807-2,Foam Trailer,staged,Pm list toward start everybody of PM.
INC-20250917-000807,AST-000807-3,Engine,released,Concern line discussion if similar free.
INC-20250822-000810,AST-000810-1,Aerial Platform,released,See east officer include big room chair.
INC-20250822-000810,AST-000810-2,Drone,staged,Like police pattern sell serve skin baby.
INC-20250902-000816,AST-000816-1,Ladder,deployed,Certain western show election time.
INC-20251022-000821,AST-000821-1,Water Tender,deployed,Trip grow hospital executive now wear determine.
INC-20251022-000821,AST-000821-2,Engine,staged,Air black wrong red.
INC-20251022-000821,AST-000821-3,Engine,deployed,Item girl professional I hand sing.
INC-20250718-000822,AST-000822-1,Engine,released,End skin mention sing.
INC-20250718-000822,AST-000822-2,Engine,staged,Theory about point spend.
INC-20250718-000822,AST-000822-3,Water Tender,staged,Must arrive evening will service magazine.
INC-20250926-000823,AST-000823-1,Drone,released,Ability begin risk.
INC-20250926-000823,AST-000823-2,Ladder,released,Environmental painting break health site relate very.
INC-20250926-000823,AST-000823-3,Engine,released,Project step watch fire five sister.
INC-20241227-000824,AST-000824-1,Water Tender,deployed,Drug baby four service skill member.
INC-20241227-000824,AST-000824-2,Water Tender,released,Upon enjoy light improve.
INC-20250216-000826,AST-000826-1,Engine,released,Help road home.
INC-20250216-000826,AST-000826-2,Foam Trailer,staged,Least do series he throw bar.
INC-20221110-000828,AST-000828-1,Drone,released,Result garden walk huge.
INC-20250419-000832,AST-000832-1,Aerial Platform,staged,Record ask science government outside.
INC-20250419-000832,AST-000832-2,Aerial Platform,released,Road often perform.
INC-20241005-000835,AST-000835-1,Drone,staged,Author catch stand might.
INC-20250416-000836,AST-000836-1,Drone,released,Employee general probably maybe.
INC-20250416-000836,AST-000836-2,Aerial Platform,deployed,Here decade wife sense movement election.
INC-20250905-000840,AST-000840-1,Drone,staged,Learn data power.
INC-20250726-000842,AST-000842-1,Engine,staged,Put herself water meeting voice reality painting.
INC-20250726-000842,AST-000842-2,Water Tender,deployed,Rich point recently high system policy education.
INC-20250805-000843,AST-000843-1,Foam Trailer,staged,Factor body general tonight resource thus.
INC-20250805-000843,AST-000843-2,Ladder,staged,Must any weight safe.
INC-20250810-000844,AST-000844-1,Drone,deployed,Middle describe financial floor media.
INC-20250810-000844,AST-000844-2,Foam Trailer,released,Among police billion idea use.
INC-20250810-000844,AST-000844-3,Ladder,deployed,Example body subject late energy before.
INC-20250815-000845,AST-000845-1,Foam Trailer,staged,Step history green save miss professional civil.
INC-20250815-000845,AST-000845-2,Drone,staged,Live among fly agreement.
INC-20250815-000845,AST-000845-3,Drone,deployed,Debate couple ground much open instead keep.
INC-20250423-000846,AST-000846-1,Foam Trailer,deployed,Condition senior involve nice positive effort attorney.
INC-20251015-000848,AST-000848-1,Drone,deployed,Support reality language like serious strong situation.
INC-20251015-000848,AST-000848-2,Engine,deployed,Various question old listen heavy report.
INC-20240216-000851,AST-000851-1,Aerial Platform,released,Blue now line before.
INC-20250925-000855,AST-000855-1,Aerial Platform,released,Mention specific cell.
INC-20250925-000855,AST-000855-2,Ladder,released,Purpose investment at table.
INC-20250914-000856,AST-000856-1,Aerial Platform,deployed,Mean without behind once by final project paper.
INC-20250914-000856,AST-000856-2,Engine,deployed,Your safe green agreement rock if magazine.
INC-20250724-000858,AST-000858-1,Drone,released,Near could news.
INC-20250724-000858,AST-000858-2,Drone,deployed,Agency ahead authority report various by kid.
INC-20250930-000859,AST-000859-1,Ladder,deployed,Their guess analysis responsibility.
INC-20250930-000859,AST-000859-2,Aerial Platform,staged,Energy organization police mission.
INC-20250930-000859,AST-000859-3,Foam Trailer,released,Night threat glass leg anyone do admit.
INC-20250806-000862,AST-000862-1,Drone,staged,Production industry until method program their media.
INC-20251020-000866,AST-000866-1,Engine,deployed,Where behind decide dinner.
INC-20250725-000869,AST-000869-1,Ladder,staged,Suffer property store hear.
INC-20250914-000872,AST-000872-1,Water Tender,released,Fall agency expect else time miss.
INC-20250914-000872,AST-000872-2,Engine,released,Positive eat third head trip.
INC-20250914-000872,AST-000872-3,Ladder,deployed,Though rate talk professor.
INC-20250809-000874,AST-000874-1,Drone,staged,Accept simply help southern.
INC-20250809-000874,AST-000874-2,Water Tender,staged,Night never alone defense vote.
INC-20250307-000876,AST-000876-1,Ladder,deployed,Possible reduce wrong scene.
INC-20250307-000876,AST-000876-2,Foam Trailer,staged,Actually see or fill magazine lot animal age.
INC-20251005-000877,AST-000877-1,Ladder,released,Performance sometimes fight employee.
INC-20250801-000878,AST-000878-1,Ladder,released,Local expert yeah coach cause reach until.
INC-20250801-000878,AST-000878-2,Ladder,released,Project which few skin though.
INC-20250728-000881,AST-000881-1,Engine,deployed,Significant watch present summer lose quality moment rock.
INC-20250728-000881,AST-000881-2,Water Tender,deployed,Prevent strategy local expect pass person arm.
INC-20250728-000881,AST-000881-3,Water Tender,staged,Upon care make book.
INC-20250316-000890,AST-000890-1,Aerial Platform,released,Writer account sort expect final goal.
INC-20250316-000890,AST-000890-2,Water Tender,released,Much religious today level floor store care stuff.
INC-20250820-000895,AST-000895-1,Engine,staged,The term item.
INC-20250820-000895,AST-000895-2,Ladder,deployed,Be end key.
INC-20250820-000901,AST-000901-1,Foam Trailer,deployed,Catch government couple seek skin there.
INC-20250820-000901,AST-000901-2,Ladder,deployed,While six live.
INC-20250827-000902,AST-000902-1,Ladder,deployed,School someone head ground media.
INC-20250827-000902,AST-000902-2,Ladder,released,Seat reveal gas moment when.
INC-20250827-000902,AST-000902-3,Water Tender,released,Pressure institution early west trial ten.
INC-20250726-000905,AST-000905-1,Foam Trailer,deployed,Great describe because home.
INC-20250726-000905,AST-000905-2,Water Tender,staged,Final film test.
INC-20250726-000905,AST-000905-3,Drone,deployed,Necessary study education run matter.
INC-20250107-000907,AST-000907-1,Aerial Platform,staged,True wife network heart.
INC-20250107-000907,AST-000907-2,Water Tender,released,Space style win book leave serious.
INC-20250107-000907,AST-000907-3,Engine,staged,Democrat day take onto.
INC-20241225-000908,AST-000908-1,Engine,deployed,Bill part have leg.
INC-20241225-000908,AST-000908-2,Drone,deployed,Within suggest subject save big.
INC-20250306-000911,AST-000911-1,Ladder,staged,Green point color site structure nothing high.
INC-20250301-000912,AST-000912-1,Aerial Platform,staged,Free too specific former yet.
INC-20250826-000918,AST-000918-1,Aerial Platform,released,Particularly human food.
INC-20250826-000918,AST-000918-2,Drone,released,Despite wind safe off store little chair.
INC-20250113-000922,AST-000922-1,Aerial Platform,staged,One throughout American three machine.
INC-20221211-000925,AST-000925-1,Aerial Platform,released,Investment every must mind.
INC-20250915-000926,AST-000926-1,Drone,released,Worker it likely manage from.
INC-20250915-000926,AST-000926-2,Ladder,released,Song company cell able old should.
INC-20250830-000929,AST-000929-1,Engine,released,Significant energy policy since improve draw score.
INC-20250830-000929,AST-000929-2,Foam Trailer,staged,Know feel let edge southern.
INC-20250830-000929,AST-000929-3,Water Tender,released,Plant benefit role manage operation result.
INC-20230411-000930,AST-000930-1,Foam Trailer,released,Vote least so.
INC-20230411-000930,AST-000930-2,Engine,released,Off major it our want.
INC-20230411-000930,AST-000930-3,Drone,deployed,Finish better tough choose see half.
INC-20251013-000932,AST-000932-1,Ladder,staged,Increase shoulder this week environmental white cultural.
INC-20251019-000935,AST-000935-1,Water Tender,staged,Be high late memory adult full.
INC-20251019-000935,AST-000935-2,Water Tender,staged,Deal stay poor beyond.
INC-20250725-000937,AST-000937-1,Drone,deployed,Pm control behind challenge.
INC-20250725-000937,AST-000937-2,Water Tender,staged,Nation suffer house any feel.
INC-20250929-000938,AST-000938-1,Engine,released,Participant after six economic something.
INC-20250929-000938,AST-000938-2,Engine,released,Whole rest seek.
INC-20250929-000938,AST-000938-3,Drone,deployed,Director candidate sport.
INC-20250908-000939,AST-000939-1,Aerial Platform,staged,Rock sit game commercial somebody cell.
INC-20250908-000939,AST-000939-2,Water Tender,released,Interest same series nearly.
INC-20250908-000939,AST-000939-3,Water Tender,deployed,Lay society method center successful owner current.
INC-20241212-000943,AST-000943-1,Ladder,staged,Exactly mouth amount field their keep soon.
INC-20241212-000943,AST-000943-2,Ladder,deployed,Must yard hit task.
INC-20241212-000943,AST-000943-3,Foam Trailer,staged,Class anything organization support through.
INC-20250910-000948,AST-000948-1,Engine,released,Almost him vote.
INC-20250910-000948,AST-000948-2,Water Tender,deployed,Most stock from mother sister.
INC-20250910-000948,AST-000948-3,Water Tender,staged,Early bring official send son situation.
INC-20250818-000949,AST-000949-1,Engine,deployed,Perform response for husband.
INC-20250818-000949,AST-000949-2,Water Tender,staged,Two week simply product music line.
INC-20250818-000949,AST-000949-3,Drone,released,Since city those market step record edge.
INC-20250920-000951,AST-000951-1,Water Tender,staged,Indeed themselves floor science sister green.
INC-20250920-000951,AST-000951-2,Ladder,staged,Race number education color anything test.
INC-20250825-000953,AST-000953-1,Drone,released,Protect agree can available candidate budget none.
INC-20250825-000953,AST-000953-2,Engine,staged,Rich good draw relate wide last about.
INC-20250825-000953,AST-000953-3,Engine,staged,Offer surface senior one measure.
INC-20250410-000957,AST-000957-1,Aerial Platform,deployed,Call energy child almost.
INC-20250919-000958,AST-000958-1,Drone,staged,Financial assume man term inside wide.
INC-20240706-000961,AST-000961-1,Water Tender,staged,Company light really free cup still.
INC-20250930-000963,AST-000963-1,Foam Trailer,released,Figure bad per he head because.
INC-20250930-000963,AST-000963-2,Drone,staged,Discussion song along main might only.
INC-20250829-000967,AST-000967-1,Foam Trailer,staged,Model activity we research.
INC-20250829-000967,AST-000967-2,Engine,released,Station right work both.
INC-20250829-000967,AST-000967-3,Engine,staged,Language place leader goal executive.
INC-20240418-000968,AST-000968-1,Ladder,staged,Lose nor want her middle individual.
INC-20240418-000968,AST-000968-2,Ladder,staged,Attention night several throw base fight.
INC-20251002-000970,AST-000970-1,Engine,released,Probably you fast.
INC-20251002-000970,AST-000970-2,Ladder,released,Medical season already.
INC-20241106-000971,AST-000971-1,Aerial Platform,released,Agree oil fact fine.
INC-20241106-000971,AST-000971-2,Water Tender,released,Film view worry man wind everyone join nothing.
INC-20241106-000971,AST-000971-3,Ladder,staged,Finish even senior check people really.
INC-20240110-000972,AST-000972-1,Engine,staged,Sea later summer well continue bad.
INC-20251017-000978,AST-000978-1,Foam Trailer,deployed,Southern total law.
INC-20251017-000978,AST-000978-2,Engine,deployed,Produce me money attorney cup.
INC-20250917-000983,AST-000983-1,Engine,staged,Risk growth trade theory serious.
INC-20221209-000985,AST-000985-1,Foam Trailer,staged,Thus loss participant key.
INC-20221209-000985,AST-000985-2,Ladder,staged,Involve half next.
INC-20221209-000985,AST-000985-3,Aerial Platform,staged,Local director floor parent.
INC-20250120-000986,AST-000986-1,Ladder,released,Production pick foreign magazine suggest.
INC-20250120-000986,AST-000986-2,Ladder,deployed,Out down product little style.
INC-20250120-000986,AST-000986-3,Engine,deployed,Right world huge section.
INC-20250810-000989,AST-000989-1,Aerial Platform,released,Again degree bank road.
INC-20250810-000989,AST-000989-2,Drone,deployed,State business his point physical response.
INC-20250519-000992,AST-000992-1,Ladder,released,Determine international agency remain agency.
INC-20250519-000992,AST-000992-2,Ladder,released,Matter be free reflect order process reason.
INC-20250519-000992,AST-000992-3,Water Tender,deployed,Recognize cold loss look particular commercial.
INC-20250818-000996,AST-000996-1,Drone,deployed,Several fact give contain line according.
INC-20250818-000996,AST-000996-2,Aerial Platform,deployed,Last against far name effect pull join respond.
INC-20251017-000998,AST-000998-1,Ladder,released,That remember determine instead.
INC-20250217-000999,AST-000999-1,Ladder,staged,Need between rock believe imagine central.
INC-20250217-000999,AST-000999-2,Water Tender,deployed,Store color about can benefit grow.
INC-20250217-000999,AST-000999-3,Water Tender,released,Stand pressure who impact of relate.
INC-20251019-001003,AST-001003-1,Ladder,deployed,Because home near without.
INC-20250811-001006,AST-001006-1,Aerial Platform,deployed,Season career policy unit.
INC-20250811-001006,AST-001006-2,Drone,staged,Pressure fear later great nothing.
INC-20251017-001008,AST-001008-1,Engine,deployed,Tough impact onto future west.
INC-20250613-001010,AST-001010-1,Engine,staged,She blue nor until.
INC-20250218-001014,AST-001014-1,Aerial Platform,staged,Open play stuff scientist church.
INC-20250218-001014,AST-001014-2,Water Tender,released,Situation participant both sure difference lose.
INC-20240428-001015,AST-001015-1,Water Tender,deployed,Realize million really score.
INC-20240428-001015,AST-001015-2,Engine,deployed,Wonder cold wish network.
INC-20251012-001017,AST-001017-1,Foam Trailer,released,Reach author popular help build agree.
INC-20251012-001017,AST-001017-2,Aerial Platform,deployed,Cultural manage population walk almost hit.
INC-20251012-001017,AST-001017-3,Aerial Platform,deployed,Myself action cut ready white husband.
INC-20251012-001023,AST-001023-1,Engine,deployed,Draw visit work should than.
INC-20251012-001023,AST-001023-2,Foam Trailer,released,Someone how of situation part here.
INC-20250813-001025,AST-001025-1,Aerial Platform,deployed,Song technology while economy quality today.
INC-20250813-001025,AST-001025-2,Aerial Platform,released,Network yet focus develop coach drug step include.
INC-20250813-001025,AST-001025-3,Water Tender,deployed,Program appear probably rich cup every view.
INC-20250922-001026,AST-001026-1,Aerial Platform,released,Participant music land hit far.
INC-20250811-001028,AST-001028-1,Water Tender,released,Reveal ok reality defense.
INC-20241109-001033,AST-001033-1,Engine,released,Truth debate item high.
INC-20241109-001033,AST-001033-2,Engine,deployed,Woman camera kind their lose home.
INC-20250426-001036,AST-001036-1,Aerial Platform,deployed,Power fall billion live newspaper take attorney.
INC-20250426-001036,AST-001036-2,Aerial Platform,released,Instead six experience thank least month success worry.
INC-20250302-001044,AST-001044-1,Water Tender,deployed,Account network organization western site daughter.
INC-20250302-001044,AST-001044-2,Engine,released,Scientist role do song report.
INC-20250302-001044,AST-001044-3,Engine,released,Attention Democrat short perhaps reality throughout into.
INC-20250907-001047,AST-001047-1,Aerial Platform,released,Evening sometimes or involve when.
INC-20250907-001047,AST-001047-2,Drone,staged,Eight mind show general.
INC-20241025-001048,AST-001048-1,Drone,deployed,With wife west service of here.
INC-20241025-001048,AST-001048-2,Aerial Platform,deployed,Art human left add order.
INC-20250727-001052,AST-001052-1,Ladder,released,Hundred business group few mention book simply.
INC-20250727-001052,AST-001052-2,Engine,deployed,Son have condition both find.
INC-20250916-001053,AST-001053-1,Foam Trailer,released,May east media eight support single.
INC-20251009-001059,AST-001059-1,Aerial Platform,staged,Nice bed TV eye personal.
INC-20251009-001059,AST-001059-2,Foam Trailer,released,Finish go change you spend.
INC-20230424-001061,AST-001061-1,Foam Trailer,deployed,Election high power whose yourself task.
INC-20230424-001061,AST-001061-2,Ladder,staged,Art office guy field rule.
INC-20230424-001061,AST-001061-3,Ladder,staged,Their majority where spend provide.
INC-20231022-001062,AST-001062-1,Foam Trailer,deployed,Nearly clear coach.
INC-20231022-001062,AST-001062-2,Foam Trailer,staged,Occur one pass program in affect must.
INC-20231022-001062,AST-001062-3,Drone,released,Treat such near Democrat number young.
INC-20250731-001065,AST-001065-1,Drone,released,Share senior article join conference particularly.
INC-20250915-001069,AST-001069-1,Drone,staged,Music throw present history hard relationship.
INC-20250915-001069,AST-001069-2,Foam Trailer,deployed,Few story century happen program.
INC-20250726-001070,AST-001070-1,Engine,released,Determine lead travel.
INC-20250726-001070,AST-001070-2,Drone,released,Trial quality military design deep really age.
INC-20250726-001070,AST-001070-3,Aerial Platform,deployed,Behind member serious station.
INC-20251014-001071,AST-001071-1,Foam Trailer,staged,Discuss friend financial.
INC-20230715-001073,AST-001073-1,Aerial Platform,staged,Oil almost action nature.
INC-20230715-001073,AST-001073-2,Engine,released,How wife age kind wish second.
INC-20230715-001073,AST-001073-3,Water Tender,released,Finally under language shoulder though physical.
INC-20240910-001075,AST-001075-1,Water Tender,deployed,Season skill war for.
INC-20240616-001079,AST-001079-1,Engine,released,Beyond development finish.
INC-20240616-001079,AST-001079-2,Ladder,released,Short ago only.
INC-20250823-001080,AST-001080-1,Engine,released,Nothing official couple husband six health theory from.
INC-20251005-001082,AST-001082-1,Foam Trailer,staged,Want step long.
INC-20251005-001082,AST-001082-2,Drone,deployed,Very likely guy new.
INC-20250814-001083,AST-001083-1,Drone,released,Bank building role tell report sister themselves.
INC-20250826-001084,AST-001084-1,Foam Trailer,staged,Never reach red you spring suffer.
INC-20250826-001084,AST-001084-2,Ladder,staged,Region plan number identify natural whom grow gas.
INC-20231027-001085,AST-001085-1,Foam Trailer,staged,Nor enjoy not good star activity.
INC-20231027-001085,AST-001085-2,Engine,staged,Stock treatment alone still realize lead.
INC-20241209-001086,AST-001086-1,Foam Trailer,staged,Upon you kitchen issue first course seven.
INC-20250922-001087,AST-001087-1,Drone,staged,Human account couple others camera space hundred.
INC-20251002-001091,AST-001091-1,Ladder,released,Him technology class impact year mind pattern.
INC-20250823-001092,AST-001092-1,Aerial Platform,deployed,Together wide quickly serious.
INC-20250823-001092,AST-001092-2,Water Tender,released,Agent animal economic from discover save cost.
INC-20250424-001093,AST-001093-1,Engine,released,Campaign prevent alone subject Republican wait.
INC-20251001-001096,AST-001096-1,Engine,staged,Middle make eye test weight.
INC-20251001-001096,AST-001096-2,Aerial Platform,staged,Democrat civil control that focus.
INC-20251001-001096,AST-001096-3,Water Tender,deployed,American they add late rate wonder rule.
INC-20250914-001097,AST-001097-1,Ladder,deployed,Skin population camera ok.
INC-20250914-001097,AST-001097-2,Ladder,deployed,Teach me tend Mr lose.
INC-20250914-001097,AST-001097-3,Foam Trailer,staged,Several card end so out.
INC-20250711-001101,AST-001101-1,Water Tender,staged,Son condition skill talk court part actually.
INC-20250711-001101,AST-001101-2,Ladder,staged,Support boy tend almost avoid difference blood.
INC-20250711-001101,AST-001101-3,Water Tender,staged,Moment a executive see include.
INC-20241201-001102,AST-001102-1,Foam Trailer,deployed,What garden town difference product ago lawyer.
INC-20250701-001106,AST-001106-1,Ladder,staged,Positive response can age hair kind.
INC-20251011-001110,AST-001110-1,Ladder,released,Edge threat language pretty especially.
INC-20251011-001110,AST-001110-2,Ladder,staged,Month decision game watch treat protect shoulder.
INC-20251011-001110,AST-001110-3,Ladder,released,Improve control level risk.
INC-20250901-001114,AST-001114-1,Water Tender,deployed,No occur firm score democratic customer control.
INC-20250901-001114,AST-001114-2,Foam Trailer,deployed,Almost phone he above require garden interest person.
INC-20250901-001114,AST-001114-3,Engine,staged,Buy gun deal.
INC-20251018-001116,AST-001116-1,Foam Trailer,released,Note travel argue.
INC-20251018-001116,AST-001116-2,Drone,released,Father explain large trip grow series.
INC-20250728-001125,AST-001125-1,Aerial Platform,deployed,Culture bad blue subject community class expect.
INC-20250728-001125,AST-001125-2,Aerial Platform,released,Particularly couple question.
INC-20250828-001126,AST-001126-1,Drone,staged,Myself federal record.
INC-20250406-001129,AST-001129-1,Foam Trailer,deployed,Himself make control appear life.
INC-20250406-001129,AST-001129-2,Drone,deployed,Magazine newspaper establish wonder push.
INC-20250822-001132,AST-001132-1,Drone,deployed,These natural anyone because enjoy could.
INC-20250826-001135,AST-001135-1,Engine,deployed,Dream strong analysis early participant kitchen eat.
INC-20250826-001135,AST-001135-2,Aerial Platform,deployed,Conference interesting goal task.
INC-20250611-001140,AST-001140-1,Foam Trailer,deployed,Action whom especially article standard game record.
INC-20250611-001140,AST-001140-2,Drone,released,College together strong difference defense treat standard seat.
INC-20250611-001140,AST-001140-3,Drone,deployed,Last subject much herself.
INC-20230114-001144,AST-001144-1,Ladder,staged,Provide less recently media thing.
INC-20230114-001144,AST-001144-2,Drone,released,Black from positive significant.
INC-20250926-001145,AST-001145-1,Water Tender,released,Husband talk role notice school least.
INC-20250926-001145,AST-001145-2,Foam Trailer,deployed,Room site particular goal any.
INC-20250926-001145,AST-001145-3,Engine,staged,Black level enter special modern police.
INC-20250828-001152,AST-001152-1,Drone,deployed,Decision fill me plant beyond foot.
INC-20250828-001152,AST-001152-2,Water Tender,deployed,Also country leader how poor that student.
INC-20251017-001153,AST-001153-1,Foam Trailer,staged,Seek early far everybody.
INC-20250621-001156,AST-001156-1,Foam Trailer,deployed,Region concern sort or.
INC-20250621-001156,AST-001156-2,Ladder,released,Beat once break rate.
INC-20250621-001156,AST-001156-3,Water Tender,staged,Civil old parent mean face.
INC-20250826-001163,AST-001163-1,Aerial Platform,staged,Might long worker truth ever practice.
INC-20250823-001167,AST-001167-1,Foam Trailer,deployed,Marriage garden pull with southern investment.
INC-20250823-001167,AST-001167-2,Foam Trailer,staged,Series safe act table safe edge.
INC-20250823-001167,AST-001167-3,Ladder,staged,Down third town cell end information reduce.
INC-20250912-001168,AST-001168-1,Engine,deployed,Audience claim see way.
INC-20250912-001168,AST-001168-2,Engine,released,Each task through design because paper.
INC-20250918-001175,AST-001175-1,Ladder,released,On large purpose first all.
INC-20250918-001175,AST-001175-2,Aerial Platform,released,Direction finish inside lay cell approach.
INC-20250918-001175,AST-001175-3,Ladder,staged,White avoid great learn prevent control rather.
INC-20250211-001176,AST-001176-1,Aerial Platform,released,Financial service attention by community I read happen.
INC-20251021-001177,AST-001177-1,Engine,staged,Arrive else nature like boy administration brother.
INC-20251021-001177,AST-001177-2,Ladder,deployed,Letter add drug for since realize process.
INC-20251021-001177,AST-001177-3,Water Tender,staged,Skill ahead each final heavy.
INC-20241231-001181,AST-001181-1,Water Tender,released,Strategy board rate property.
INC-20241231-001181,AST-001181-2,Aerial Platform,deployed,Number particularly establish center society be every still.
INC-20250312-001182,AST-001182-1,Ladder,released,New or stay memory really we.
INC-20250312-001182,AST-001182-2,Water Tender,deployed,Four population meet air agreement south firm their.
INC-20250908-001185,AST-001185-1,Ladder,released,Take sport center place education all nor however.
INC-20250908-001185,AST-001185-2,Aerial Platform,released,Guess visit soldier religious.
INC-20250908-001185,AST-001185-3,Water Tender,staged,Cut rate similar design he.
INC-20250727-001188,AST-001188-1,Engine,released,Discuss bag but administration according career.
INC-20250826-001197,AST-001197-1,Engine,released,Last why kid thus nice theory.
INC-20240511-001199,AST-001199-1,Aerial Platform,released,National establish able always pick cut.
INC-20231011-001202,AST-001202-1,Ladder,staged,Bag test major final wear culture nice bar.
INC-20231215-001203,AST-001203-1,Ladder,released,Economy rise page may.
INC-20250811-001206,AST-001206-1,Drone,released,Perhaps mind more order may you life.
INC-20250903-001207,AST-001207-1,Ladder,deployed,Create name couple note.
INC-20250903-001207,AST-001207-2,Water Tender,staged,Drop after bad two song.
INC-20250903-001207,AST-001207-3,Engine,deployed,Enjoy again government maybe food mission floor.
INC-20250808-001213,AST-001213-1,Engine,released,Social agency enter about until dark agency people.
INC-20250828-001218,AST-001218-1,Drone,staged,Always analysis analysis art institution.
INC-20250110-001220,AST-001220-1,Water Tender,deployed,Grow stage guess oil force in.
INC-20250110-001220,AST-001220-2,Aerial Platform,released,Size policy shoulder.
INC-20250110-001220,AST-001220-3,Aerial Platform,deployed,Relate language fire consumer successful.
INC-20250522-001221,AST-001221-1,Engine,released,Event expect very.
INC-20250522-001221,AST-001221-2,Drone,deployed,Degree continue suffer animal back.
INC-20250727-001223,AST-001223-1,Drone,released,Reach develop upon standard quite.
INC-20250602-001228,AST-001228-1,Drone,staged,History benefit share Congress.
INC-20250602-001228,AST-001228-2,Foam Trailer,deployed,Phone drive between.
INC-20250602-001228,AST-001228-3,Drone,deployed,Democratic up drug step.
INC-20250725-001232,AST-001232-1,Foam Trailer,released,Better level get face.
INC-20250725-001232,AST-001232-2,Ladder,staged,West seat cold hit quickly big serious.
INC-20250725-001232,AST-001232-3,Aerial Platform,staged,Land book sort would life stop.
INC-20250814-001241,AST-001241-1,Aerial Platform,staged,Store tax time voice piece.
INC-20250814-001241,AST-001241-2,Water Tender,deployed,System in create establish.
INC-20251007-001242,AST-001242-1,Water Tender,released,Data that value base black.
INC-20251007-001242,AST-001242-2,Foam Trailer,deployed,Enter office fall nothing long eye.
INC-20251007-001242,AST-001242-3,Foam Trailer,released,Place mother federal task.
INC-20250916-001244,AST-001244-1,Foam Trailer,deployed,Identify feel wear sea movement.
INC-20250916-001244,AST-001244-2,Aerial Platform,released,Vote final seat write player TV.
INC-20250916-001244,AST-001244-3,Ladder,released,Indeed international say opportunity box ago speak organization.
INC-20250117-001247,AST-001247-1,Aerial Platform,deployed,Success college relationship mouth institution.
INC-20250117-001247,AST-001247-2,Aerial Platform,released,Often college relate successful science remember.
INC-20250117-001247,AST-001247-3,Water Tender,staged,Event wish process recently degree send majority share.
INC-20231107-001250,AST-001250-1,Water Tender,staged,Health from song political like law.
INC-20231107-001250,AST-001250-2,Engine,released,Former statement reveal individual radio guy similar learn.
INC-20231107-001250,AST-001250-3,Foam Trailer,released,Magazine teacher nice see risk.
INC-20251009-001253,AST-001253-1,Drone,released,Rich security against arrive.
INC-20250914-001255,AST-001255-1,Drone,deployed,Piece truth beautiful.
INC-20251009-001259,AST-001259-1,Aerial Platform,released,Owner be prove still operation whether store.
INC-20250323-001263,AST-001263-1,Ladder,deployed,Woman not inside second hold.
INC-20250323-001263,AST-001263-2,Engine,deployed,Police game third finish receive bring.
INC-20230916-001264,AST-001264-1,Engine,released,Magazine fight loss send medical paper impact cup.
INC-20230916-001264,AST-001264-2,Water Tender,staged,Interesting difference girl manager anything remember home.
INC-20250725-001266,AST-001266-1,Drone,released,Finally assume son they study report describe.
INC-20250725-001266,AST-001266-2,Engine,staged,Light adult sell final.
INC-20250811-001267,AST-001267-1,Water Tender,staged,Report behind us maybe.
INC-20250811-001267,AST-001267-2,Foam Trailer,staged,Level somebody air vote.
INC-20250817-001271,AST-001271-1,Foam Trailer,released,Key stuff case total coach card.
INC-20250817-001271,AST-001271-2,Foam Trailer,released,Board nothing foreign especially upon project.
INC-20250215-001277,AST-001277-1,Foam Trailer,released,Decide media floor hotel truth remember piece.
INC-20250109-001279,AST-001279-1,Aerial Platform,deployed,Finish large person star.
INC-20250109-001279,AST-001279-2,Ladder,released,Rock direction sign.
INC-20250905-001280,AST-001280-1,Water Tender,released,Again beyond cultural draw real.
INC-20250905-001280,AST-001280-2,Engine,released,Professor plant their standard relationship Congress sell.
INC-20250904-001282,AST-001282-1,Water Tender,staged,Her game they ask.
INC-20250904-001282,AST-001282-2,Foam Trailer,staged,Example success live else guy reason.
INC-20250904-001282,AST-001282-3,Ladder,staged,First laugh she green rest.
INC-20250803-001285,AST-001285-1,Engine,deployed,Voice point I movement account policy sound.
INC-20250320-001286,AST-001286-1,Ladder,deployed,Truth someone choice rich week.
INC-20251006-001287,AST-001287-1,Foam Trailer,staged,Thousand trouble beat she anything discussion I.
INC-20251006-001287,AST-001287-2,Drone,released,Data trip measure.
INC-20251006-001287,AST-001287-3,Aerial Platform,deployed,Little for few partner final land.
INC-20250822-001291,AST-001291-1,Drone,released,Consumer hope accept industry.
INC-20250822-001291,AST-001291-2,Ladder,released,Pm kind partner.
INC-20250822-001291,AST-001291-3,Ladder,staged,Current stop person training rest through.
INC-20250116-001292,AST-001292-1,Ladder,staged,Occur get sea suggest add baby attack.
INC-20250116-001292,AST-001292-2,Aerial Platform,deployed,Reach series pattern.
INC-20250807-001295,AST-001295-1,Water Tender,deployed,As thought far approach stand read collection animal.
INC-20250807-001295,AST-001295-2,Engine,deployed,Main outside sport small.
INC-20230628-001297,AST-001297-1,Drone,deployed,Occur discuss blue author by vote take.
INC-20231225-001303,AST-001303-1,Engine,staged,Again like training husband tough.
INC-20251022-001309,AST-001309-1,Foam Trailer,staged,Either white citizen.
INC-20251022-001309,AST-001309-2,Ladder,released,West arrive family cut between radio.
INC-20251022-001309,AST-001309-3,Ladder,released,Let challenge simply a book choose language.
INC-20231201-001311,AST-001311-1,Engine,staged,Radio job again.
INC-20231201-001311,AST-001311-2,Foam Trailer,staged,Floor somebody go production.
INC-20231201-001311,AST-001311-3,Drone,staged,Hotel ask either reduce.
INC-20250802-001322,AST-001322-1,Water Tender,released,True history behind control better design term.
INC-20240923-001326,AST-001326-1,Foam Trailer,deployed,Where either lot play seem Republican best.
INC-20240923-001326,AST-001326-2,Aerial Platform,deployed,Far necessary meeting east.
INC-20240923-001326,AST-001326-3,Foam Trailer,deployed,Suffer community adult be national light little.
INC-20250921-001329,AST-001329-1,Water Tender,released,Drop population approach yard value financial.
INC-20251014-001330,AST-001330-1,Water Tender,deployed,Within one region ask Republican friend.
INC-20250725-001332,AST-001332-1,Aerial Platform,deployed,Evening probably low pull.
INC-20250725-001332,AST-001332-2,Aerial Platform,released,Theory result operation hour glass.
INC-20250725-001332,AST-001332-3,Drone,released,People staff cup and.
INC-20251002-001333,AST-001333-1,Aerial Platform,staged,Hold strategy friend take.
INC-20250925-001336,AST-001336-1,Aerial Platform,released,See whole author quite because participant.
INC-20250925-001336,AST-001336-2,Drone,deployed,Daughter if usually blue of compare while kid.
INC-20250925-001336,AST-001336-3,Ladder,staged,Recently eight oil seven on as.
INC-20250507-001341,AST-001341-1,Ladder,deployed,Billion risk create sort out improve machine.
INC-20250507-001341,AST-001341-2,Engine,released,Improve professional sure material.
INC-20250507-001341,AST-001341-3,Foam Trailer,staged,Everybody growth almost range to early.
INC-20240726-001347,AST-001347-1,Ladder,staged,Nearly expect follow note occur everyone.
INC-20240726-001347,AST-001347-2,Ladder,released,Fact call price thank.
INC-20240726-001347,AST-001347-3,Aerial Platform,deployed,Wonder could doctor visit.
INC-20250814-001349,AST-001349-1,Drone,released,Upon wish social senior rather factor.
INC-20250809-001352,AST-001352-1,Aerial Platform,staged,Low want view difference.
INC-20250809-001352,AST-001352-2,Aerial Platform,deployed,Theory news choose eye whether of financial.
INC-20250809-001352,AST-001352-3,Water Tender,released,List look able though read.
INC-20241121-001355,AST-001355-1,Ladder,released,Into quite boy gas.
INC-20241121-001355,AST-001355-2,Aerial Platform,deployed,Picture wide become possible admit every.
INC-20240329-001361,AST-001361-1,Drone,staged,Build tough present become front many usually.
INC-20251009-001364,AST-001364-1,Foam Trailer,released,Century war rest story debate.
INC-20250123-001368,AST-001368-1,Aerial Platform,released,Them low others game few.
INC-20250123-001368,AST-001368-2,Engine,staged,Never move country big five.
INC-20250123-001368,AST-001368-3,Aerial Platform,deployed,Mention black idea music.
INC-20250119-001369,AST-001369-1,Water Tender,deployed,Name behind machine employee beautiful fish sound.
INC-20250119-001369,AST-001369-2,Engine,deployed,Purpose simple activity.
INC-20250913-001370,AST-001370-1,Engine,deployed,Which between society each amount indeed.
INC-20250913-001370,AST-001370-2,Water Tender,staged,Art eye back term.
INC-20250913-001370,AST-001370-3,Ladder,released,Three market prepare house remember this ask nor.
INC-20250818-001373,AST-001373-1,Drone,released,Provide company side eight born or table.
INC-20250818-001373,AST-001373-2,Drone,deployed,Nearly week throw majority third.
INC-20250701-001374,AST-001374-1,Ladder,deployed,Exactly truth name.
INC-20250529-001379,AST-001379-1,Water Tender,staged,Oil happen be front character.
INC-20250529-001379,AST-001379-2,Ladder,deployed,Tell perhaps peace structure really question girl.
INC-20250529-001379,AST-001379-3,Drone,staged,World firm let tree person travel.
INC-20250322-001380,AST-001380-1,Drone,deployed,Whom keep avoid pull data.
INC-20250322-001380,AST-001380-2,Water Tender,staged,Type like success research.
INC-20250322-001380,AST-001380-3,Engine,deployed,Of two radio I.
INC-20251010-001382,AST-001382-1,Aerial Platform,deployed,Fact candidate human arm thus join.
INC-20251010-001382,AST-001382-2,Foam Trailer,released,System avoid inside exactly.
INC-20251010-001382,AST-001382-3,Drone,released,Several common whether religious success.
INC-20250612-001384,AST-001384-1,Aerial Platform,staged,Society act almost food start billion real degree.
INC-20250612-001384,AST-001384-2,Aerial Platform,staged,Use politics fact interesting.
INC-20251009-001388,AST-001388-1,Drone,deployed,Concern maintain position throughout ago with.
INC-20251009-001388,AST-001388-2,Water Tender,deployed,Hour sometimes become.
INC-20251009-001388,AST-001388-3,Aerial Platform,deployed,Change property brother view.
INC-20251004-001391,AST-001391-1,Ladder,deployed,Hair ready school natural manager song relationship.
INC-20251011-001399,AST-001399-1,Drone,released,Fear next use during.
INC-20250807-001400,AST-001400-1,Drone,released,Perform live spend.
INC-20250807-001400,AST-001400-2,Ladder,released,Age doctor receive reduce action without better page.
INC-20250807-001400,AST-001400-3,Engine,staged,Much song various enjoy focus force.
INC-20250911-001403,AST-001403-1,Foam Trailer,deployed,Morning recent own school become.
INC-20250826-001404,AST-001404-1,Drone,released,There stand strategy big always while.
INC-20250912-001415,AST-001415-1,Drone,released,Again as democratic.
INC-20250726-001417,AST-001417-1,Ladder,deployed,Yeah owner his it.
INC-20250726-001417,AST-001417-2,Drone,staged,Position effect describe water face country.
INC-20250726-001417,AST-001417-3,Drone,staged,Return ground technology second young.
INC-20250717-001418,AST-001418-1,Foam Trailer,released,Raise bag law daughter.
INC-20230905-001420,AST-001420-1,Ladder,staged,Others term whatever herself.
INC-20230905-001420,AST-001420-2,Drone,staged,Strong example season magazine.
INC-20230905-001420,AST-001420-3,Water Tender,staged,Program anyone adult after.
INC-20250911-001422,AST-001422-1,Water Tender,deployed,According want relationship record young.
INC-20250911-001422,AST-001422-2,Water Tender,released,Defense defense street loss plant and.
INC-20250711-001423,AST-001423-1,Engine,released,Talk wish establish game return strong.
INC-20250807-001427,AST-001427-1,Ladder,staged,Second person under she see.
INC-20250807-001427,AST-001427-2,Aerial Platform,released,Social affect much record summer ask standard.
INC-20250807-001427,AST-001427-3,Aerial Platform,staged,Just memory indeed side computer.
INC-20250927-001428,AST-001428-1,Aerial Platform,deployed,Detail growth line public difficult.
INC-20250927-001428,AST-001428-2,Ladder,staged,Hot say raise fine building learn base.
INC-20250927-001428,AST-001428-3,Water Tender,deployed,Ahead management add.
INC-20230730-001429,AST-001429-1,Aerial Platform,released,Risk sometimes computer service federal ten else action.
INC-20250729-001431,AST-001431-1,Engine,released,Responsibility leader difficult he front goal.
INC-20250729-001431,AST-001431-2,Foam Trailer,staged,Black but just her baby relate charge occur.
INC-20250729-001431,AST-001431-3,Foam Trailer,released,Must however them cover task approach.
INC-20250416-001432,AST-001432-1,Aerial Platform,staged,Standard state town television marriage best style.
INC-20250905-001433,AST-001433-1,Water Tender,released,Participant system pick thought himself north support.
INC-20250905-001433,AST-001433-2,Ladder,released,Like perhaps accept executive third.
INC-20250331-001434,AST-001434-1,Foam Trailer,released,Today brother perhaps.
INC-20250331-001434,AST-001434-2,Water Tender,released,Trouble foreign lot total meet a.
INC-20250331-001434,AST-001434-3,Ladder,staged,Conference film him member may.
INC-20250330-001436,AST-001436-1,Foam Trailer,staged,Enter difficult let partner among very purpose condition.
INC-20250730-001440,AST-001440-1,Foam Trailer,staged,Less live media industry.
INC-20250730-001440,AST-001440-2,Foam Trailer,deployed,Dark me ground wife magazine morning.
INC-20251012-001445,AST-001445-1,Engine,deployed,Relationship subject keep camera same themselves.
INC-20251012-001445,AST-001445-2,Aerial Platform,staged,Market expert time four west main wear.
INC-20251012-001445,AST-001445-3,Ladder,deployed,Dog safe customer back.
INC-20250101-001448,AST-001448-1,Foam Trailer,released,Might just under do imagine.
INC-20250819-001455,AST-001455-1,Ladder,staged,Or finally quickly moment.
INC-20250908-001456,AST-001456-1,Foam Trailer,released,Allow occur next.
INC-20251015-001457,AST-001457-1,Drone,staged,Exist option ability poor.
INC-20251015-001457,AST-001457-2,Drone,staged,Nor nothing gun support more end enough.
INC-20251015-001457,AST-001457-3,Ladder,released,Throughout go bring challenge side expert.
INC-20250817-001458,AST-001458-1,Drone,staged,Some consumer final charge.
INC-20250817-001458,AST-001458-2,Foam Trailer,released,Bad eight should window measure design less.
INC-20251009-001460,AST-001460-1,Drone,staged,Sort goal firm rich finish loss.
INC-20251009-001460,AST-001460-2,Foam Trailer,staged,Land song story yes whatever.
INC-20251009-001460,AST-001460-3,Drone,released,Poor same cover daughter wish land.
INC-20250409-001461,AST-001461-1,Ladder,staged,More film particularly none thousand start prove.
INC-20250409-001461,AST-001461-2,Foam Trailer,released,Argue above building by for mention prepare.
INC-20250729-001464,AST-001464-1,Engine,released,Visit bed most.
INC-20250729-001464,AST-001464-2,Water Tender,released,Candidate affect great black everyone score increase.
INC-20250924-001467,AST-001467-1,Drone,deployed,Chance dark various sort help goal.
INC-20250924-001467,AST-001467-2,Aerial Platform,deployed,Look teach anything huge.
INC-20250726-001470,AST-001470-1,Aerial Platform,staged,Whose everybody movie trade consumer family strategy.
INC-20250726-001470,AST-001470-2,Water Tender,deployed,Visit politics strategy specific budget.
INC-20250826-001474,AST-001474-1,Water Tender,deployed,Effort positive machine.
INC-20250826-001474,AST-001474-2,Drone,deployed,Window focus machine expect according discover culture half.
INC-20250618-001476,AST-001476-1,Foam Trailer,deployed,Scientist enough really eight skin before.
INC-20250618-001476,AST-001476-2,Ladder,deployed,Plant bring finish tax local own single.
INC-20250618-001476,AST-001476-3,Foam Trailer,released,Thank bill performance several gun happy.
INC-20240107-001479,AST-001479-1,Ladder,staged,Than weight rich herself model happen.
INC-20250728-001481,AST-001481-1,Water Tender,deployed,Something relate pressure since.
INC-20250806-001485,AST-001485-1,Aerial Platform,released,Production experience site evening soon maintain single.
INC-20250806-001485,AST-001485-2,Water Tender,staged,Community teach research manager many.
INC-20250806-001485,AST-001485-3,Engine,staged,Defense next well simply authority onto.
INC-20250726-001487,AST-001487-1,Aerial Platform,deployed,Majority box skill admit.
INC-20250726-001487,AST-001487-2,Aerial Platform,staged,Reflect than management fire.
INC-20250726-001487,AST-001487-3,Drone,deployed,Necessary their mouth particularly coach increase agency.
INC-20251016-001488,AST-001488-1,Drone,staged,Thought before others above tend sense hold.
INC-20250823-001491,AST-001491-1,Engine,deployed,Reflect agree need.
INC-20250821-001496,AST-001496-1,Foam Trailer,staged,Kind character cup accept fast.
INC-20250831-001498,AST-001498-1,Aerial Platform,released,Around quite possible your wall easy.
INC-20250831-001498,AST-001498-2,Ladder,released,Oil choice life administration oil this method.
INC-20250831-001498,AST-001498-3,Drone,staged,Across minute pick share.
INC-20250903-001499,AST-001499-1,Engine,deployed,Threat safe must speech dinner.
INC-20250903-001499,AST-001499-2,Water Tender,released,Face bit issue listen social or receive.
INC-20250903-001499,AST-001499-3,Aerial Platform,staged,Ok position same foreign.
INC-20240217-001502,AST-001502-1,Water Tender,released,Billion society civil environmental tend into drive economy.
INC-20251009-001503,AST-001503-1,Aerial Platform,released,Agent day leave loss.
INC-20251009-001503,AST-001503-2,Aerial Platform,staged,Run find exactly who use.
INC-20250429-001505,AST-001505-1,Aerial Platform,released,Leader shake its cut energy crime behavior.
INC-20250922-001507,AST-001507-1,Aerial Platform,deployed,Usually because however.
INC-20250922-001507,AST-001507-2,Ladder,deployed,Impact prepare each financial.
INC-20250922-001507,AST-001507-3,Engine,deployed,Service lawyer actually memory finally yes line.
INC-20240911-001508,AST-001508-1,Ladder,staged,Possible forget plant development series around news choice.
INC-20240911-001508,AST-001508-2,Drone,staged,Skin position might event.
INC-20240911-001508,AST-001508-3,Foam Trailer,released,Give order each similar operation rock drug.
INC-20250214-001510,AST-001510-1,Ladder,deployed,Something learn imagine region.
INC-20250901-001512,AST-001512-1,Water Tender,staged,Couple people writer also.
INC-20250901-001512,AST-001512-2,Engine,deployed,Environmental food consumer strategy.
INC-20250901-001512,AST-001512-3,Water Tender,deployed,Market artist building look military pay.
INC-20221130-001513,AST-001513-1,Ladder,deployed,Make bed church particularly state.
INC-20221130-001513,AST-001513-2,Water Tender,deployed,Mention heart five.
INC-20221130-001513,AST-001513-3,Foam Trailer,deployed,Address including table pass.
INC-20250812-001517,AST-001517-1,Engine,deployed,Financial relate weight open help anyone region talk.
INC-20250812-001517,AST-001517-2,Engine,deployed,Message serious military already.
INC-20250812-001517,AST-001517-3,Engine,deployed,Eye after industry development.
INC-20250223-001523,AST-001523-1,Ladder,deployed,Wait all fire model our ready put.
INC-20250223-001523,AST-001523-2,Engine,staged,Nice position movement.
INC-20250223-001523,AST-001523-3,Drone,staged,Learn three like ahead course pressure perhaps.
INC-20250906-001526,AST-001526-1,Water Tender,deployed,Human international industry always until over.
INC-20250906-001526,AST-001526-2,Foam Trailer,staged,Could size firm south address.
INC-20251010-001527,AST-001527-1,Engine,staged,After necessary either fly.
INC-20251010-001527,AST-001527-2,Ladder,deployed,White base than response war this.
INC-20251010-001527,AST-001527-3,Foam Trailer,released,Apply increase assume degree movement as.
INC-20250808-001532,AST-001532-1,Water Tender,staged,Address system range ok support.
INC-20250916-001533,AST-001533-1,Water Tender,staged,Organization own significant debate ahead.
INC-20250916-001533,AST-001533-2,Drone,released,Bag much meet seven natural most.
INC-20250809-001534,AST-001534-1,Water Tender,staged,Identify soldier reality adult late.
INC-20230610-001536,AST-001536-1,Aerial Platform,staged,Station single actually local player.
INC-20230610-001536,AST-001536-2,Water Tender,released,Low training present see a attack around.
INC-20230610-001536,AST-001536-3,Drone,deployed,Serious major conference race power.
INC-20251022-001540,AST-001540-1,Foam Trailer,released,Again different rule huge leave rock plan seek.
INC-20251022-001540,AST-001540-2,Foam Trailer,deployed,Should use with street again.
INC-20250501-001543,AST-001543-1,Ladder,staged,Require thing bad coach happen again fight.
INC-20250922-001548,AST-001548-1,Ladder,deployed,Movement goal base miss enjoy customer staff.
INC-20250922-001548,AST-001548-2,Water Tender,staged,Imagine focus month realize usually.
INC-20250922-001548,AST-001548-3,Aerial Platform,staged,Kitchen pick serious TV expect certain top.
INC-20250726-001549,AST-001549-1,Water Tender,staged,Fine enter smile help just town development.
INC-20250726-001549,AST-001549-2,Water Tender,staged,Front benefit prove week.
INC-20250725-001551,AST-001551-1,Aerial Platform,deployed,Pm them camera eight.
INC-20250725-001551,AST-001551-2,Drone,released,Expert well serious Mr.
INC-20250725-001551,AST-001551-3,Water Tender,deployed,Their professional they southern finally maintain.
INC-20240816-001553,AST-001553-1,Foam Trailer,deployed,Organization civil not and I stock painting.
INC-20240816-001553,AST-001553-2,Aerial Platform,deployed,For see allow reason each inside.
INC-20240816-001553,AST-001553-3,Drone,released,Camera indeed five laugh can add.
INC-20251011-001556,AST-001556-1,Water Tender,deployed,Side PM music population especially food participant apply.
INC-20251011-001556,AST-001556-2,Ladder,released,Side second vote growth.
INC-20250715-001558,AST-001558-1,Drone,released,Movie low only amount analysis.
INC-20231222-001559,AST-001559-1,Drone,released,Price pay form yes.
INC-20251002-001560,AST-001560-1,Engine,staged,Win general occur always.
INC-20251002-001560,AST-001560-2,Engine,staged,Tough final especially interesting perform growth which.
INC-20241112-001561,AST-001561-1,Foam Trailer,deployed,Physical push measure star threat.
INC-20241112-001561,AST-001561-2,Water Tender,staged,Animal child crime firm.
INC-20250822-001563,AST-001563-1,Ladder,released,Summer draw know meeting carry enter.
INC-20250822-001563,AST-001563-2,Drone,deployed,Wish experience lawyer expert brother recognize head forget.
INC-20250901-001564,AST-001564-1,Foam Trailer,deployed,Offer voice professor east.
INC-20250901-001564,AST-001564-2,Water Tender,deployed,Eye pattern pass suggest.
INC-20250901-001564,AST-001564-3,Aerial Platform,released,Responsibility ball accept blue really kid six.
INC-20250801-001566,AST-001566-1,Water Tender,deployed,Student save policy agree fly professional care.
INC-20250831-001567,AST-001567-1,Drone,released,Late decide sit reason drop.
INC-20241102-001570,AST-001570-1,Engine,released,Room some find hair home.
INC-20241102-001570,AST-001570-2,Drone,deployed,State yard free pretty.
INC-20241102-001570,AST-001570-3,Ladder,deployed,Theory either through until.
INC-20250424-001571,AST-001571-1,Aerial Platform,released,None total yeah different free wear.
INC-20250424-001571,AST-001571-2,Aerial Platform,released,Dream have never moment child end.
INC-20250815-001575,AST-001575-1,Foam Trailer,released,Address benefit can money.
INC-20250815-001575,AST-001575-2,Water Tender,released,Commercial process claim production four political structure note.
INC-20250822-001576,AST-001576-1,Aerial Platform,released,Early upon heavy can way travel.
INC-20250822-001576,AST-001576-2,Drone,staged,Institution style clearly attention second trial.
INC-20250822-001576,AST-001576-3,Engine,staged,Investment onto factor speech protect.
INC-20250908-001578,AST-001578-1,Water Tender,staged,Federal commercial full civil opportunity.
INC-20230331-001581,AST-001581-1,Foam Trailer,deployed,Point herself carry stuff leader voice very.
INC-20230331-001581,AST-001581-2,Aerial Platform,staged,Second four candidate.
INC-20230331-001581,AST-001581-3,Drone,deployed,Sort play religious throughout billion book.
INC-20240128-001584,AST-001584-1,Engine,released,Least bag always.
INC-20240128-001584,AST-001584-2,Ladder,deployed,Run board family stuff.
INC-20240128-001584,AST-001584-3,Drone,deployed,Model across hot policy wall.
INC-20250912-001585,AST-001585-1,Ladder,deployed,Rate deal ahead girl skill.
INC-20250912-001585,AST-001585-2,Foam Trailer,released,Because road message near although.
INC-20250912-001585,AST-001585-3,Engine,staged,Address issue whom group break break.
INC-20250920-001586,AST-001586-1,Ladder,staged,Action effort recently material water girl.
INC-20250920-001586,AST-001586-2,Engine,deployed,Support along customer to.
INC-20250920-001586,AST-001586-3,Water Tender,staged,Certainly just focus all.
INC-20250701-001587,AST-001587-1,Engine,staged,Work want relate especially arrive specific particularly measure.
INC-20250701-001587,AST-001587-2,Drone,released,Strong technology later religious.
INC-20250701-001587,AST-001587-3,Foam Trailer,staged,Career red society continue minute tax fill baby.
INC-20241117-001588,AST-001588-1,Drone,released,Policy career there chance even affect international.
INC-20241117-001588,AST-001588-2,Drone,deployed,Marriage might production lay medical activity able.
INC-20250927-001592,AST-001592-1,Drone,staged,Actually conference player weight particular amount.
INC-20250927-001592,AST-001592-2,Aerial Platform,staged,Begin brother piece body together financial.
INC-20250911-001593,AST-001593-1,Foam Trailer,released,Stay fund that scene black.
INC-20250911-001593,AST-001593-2,Water Tender,staged,Great vote teacher throw per appear Mrs.
INC-20230929-001597,AST-001597-1,Ladder,staged,Second conference power.
INC-20230929-001597,AST-001597-2,Water Tender,staged,Green former center before most first.
INC-20230929-001597,AST-001597-3,Ladder,released,Medical husband economic within office describe court.
INC-20251016-001599,AST-001599-1,Drone,staged,Fish smile today civil.
INC-20251016-001599,AST-001599-2,Aerial Platform,deployed,Man same star use important become.
INC-20251016-001599,AST-001599-3,Foam Trailer,deployed,Watch interview fish those knowledge question.
INC-20250831-001600,AST-001600-1,Foam Trailer,deployed,Family most you case represent.
INC-20250831-001600,AST-001600-2,Foam Trailer,staged,Write consumer new throughout tend general.
INC-20251012-001605,AST-001605-1,Engine,released,Agent rise article rock choice.
INC-20251012-001605,AST-001605-2,Foam Trailer,staged,Put so toward quality until pressure.
INC-20250218-001611,AST-001611-1,Ladder,released,Be threat but third church scientist deep.
INC-20250218-001611,AST-001611-2,Engine,released,Suddenly doctor month manager as after policy.
INC-20241203-001612,AST-001612-1,Drone,deployed,Bill success begin environment program grow particular.
INC-20241203-001612,AST-001612-2,Foam Trailer,deployed,Lay have common what you our.
INC-20250728-001614,AST-001614-1,Engine,released,Spring because beyond front.
INC-20250728-001614,AST-001614-2,Engine,deployed,Recently later shoulder other factor.
INC-20241111-001615,AST-001615-1,Aerial Platform,deployed,Middle sound win join its information system.
INC-20241111-001615,AST-001615-2,Ladder,deployed,Work find finally often then.
INC-20250826-001616,AST-001616-1,Drone,staged,Issue professional must.
INC-20250826-001616,AST-001616-2,Drone,deployed,Art often debate lose.
INC-20250826-001616,AST-001616-3,Aerial Platform,released,Behind use democratic character.
INC-20251020-001617,AST-001617-1,Drone,deployed,Mention wear although road talk accept.
INC-20251020-001617,AST-001617-2,Aerial Platform,released,Radio recent thank minute bad red.
INC-20251020-001617,AST-001617-3,Water Tender,deployed,Budget than ever truth indicate.
INC-20250910-001618,AST-001618-1,Water Tender,staged,Others successful year perform.
INC-20250910-001618,AST-001618-2,Drone,released,Own at here.
INC-20250910-001618,AST-001618-3,Engine,deployed,Majority indicate west notice.
INC-20250328-001619,AST-001619-1,Foam Trailer,deployed,Thus manage call able on.
INC-20250328-001619,AST-001619-2,Water Tender,deployed,Watch he friend.
INC-20250328-001619,AST-001619-3,Drone,deployed,Worker social grow condition side whole seat until.
INC-20251004-001620,AST-001620-1,Drone,released,Between treatment not hard note.
INC-20251004-001620,AST-001620-2,Water Tender,released,Ability message simply available how shoulder marriage reach.
INC-20251004-001620,AST-001620-3,Ladder,staged,Test worker choice word trial forward mean wish.
INC-20250205-001628,AST-001628-1,Drone,deployed,Cell benefit cup necessary center since.
INC-20231027-001631,AST-001631-1,Water Tender,staged,Peace herself collection language idea.
INC-20241118-001637,AST-001637-1,Ladder,deployed,Social everyone should plan gas.
INC-20241118-001637,AST-001637-2,Drone,released,Others PM air least situation article.
INC-20250906-001638,AST-001638-1,Foam Trailer,released,Appear hand small trip class.
INC-20250927-001641,AST-001641-1,Water Tender,staged,Box result wonder trip mind evening goal design.
INC-20250927-001641,AST-001641-2,Drone,staged,Oil enough billion sea song.
INC-20250901-001642,AST-001642-1,Water Tender,staged,Allow step top describe.
INC-20250801-001643,AST-001643-1,Drone,released,Reach oil war morning.
INC-20251009-001645,AST-001645-1,Ladder,released,Enjoy bar security serious enter majority.
INC-20251009-001645,AST-001645-2,Water Tender,released,Cold produce learn.
INC-20230104-001647,AST-001647-1,Drone,deployed,East either necessary form technology whom.
INC-20230104-001647,AST-001647-2,Water Tender,staged,Beautiful if quickly class prove television.
INC-20240905-001650,AST-001650-1,Ladder,released,Foreign citizen statement scientist call east rock.
INC-20251010-001653,AST-001653-1,Aerial Platform,released,Instead national community where.
INC-20241222-001654,AST-001654-1,Aerial Platform,staged,Budget report Mr wind form half approach.
INC-20241222-001654,AST-001654-2,Ladder,deployed,Visit item reason tax future town.
INC-20241115-001656,AST-001656-1,Aerial Platform,released,Capital population special soldier success.
INC-20241115-001656,AST-001656-2,Engine,deployed,Wind begin run soon office.
INC-20241115-001656,AST-001656-3,Water Tender,released,Either daughter law big product.
INC-20250120-001658,AST-001658-1,Ladder,released,Food blue song name.
INC-20251017-001660,AST-001660-1,Drone,staged,Red low individual send take white source.
INC-20251017-001660,AST-001660-2,Engine,staged,Blue smile spring organization.
INC-20241103-001662,AST-001662-1,Ladder,released,Generation industry open arm family.
INC-20241103-001662,AST-001662-2,Aerial Platform,deployed,Can value sell pattern hot.
INC-20241103-001662,AST-001662-3,Aerial Platform,staged,Quality argue meeting position civil sense.
INC-20250828-001663,AST-001663-1,Engine,released,Challenge free positive write dinner realize cultural.
INC-20250807-001664,AST-001664-1,Water Tender,deployed,Four reason everybody land daughter strategy pattern.
INC-20250807-001664,AST-001664-2,Foam Trailer,staged,Be today relate enjoy treat.
INC-20241223-001667,AST-001667-1,Drone,staged,Agreement conference read and situation behavior kid total.
INC-20241223-001667,AST-001667-2,Drone,released,Computer occur remain yourself focus drive mean.
INC-20250119-001671,AST-001671-1,Engine,staged,Institution establish as attorney pretty country.
INC-20250914-001673,AST-001673-1,Drone,deployed,Dog newspaper natural right.
INC-20250914-001673,AST-001673-2,Aerial Platform,released,Agree ability type word.
INC-20250914-001673,AST-001673-3,Water Tender,staged,Question few final support man center.
INC-20250109-001676,AST-001676-1,Foam Trailer,deployed,Degree hair three girl computer.
INC-20250711-001681,AST-001681-1,Engine,released,Hard south our role national.
INC-20250711-001681,AST-001681-2,Drone,staged,Today wrong dinner matter produce.
INC-20250903-001687,AST-001687-1,Engine,staged,Agree perhaps test half.
INC-20250903-001687,AST-001687-2,Ladder,deployed,Remain himself body week light region over thing.
INC-20250822-001688,AST-001688-1,Foam Trailer,staged,Build discover someone particular.
INC-20250822-001688,AST-001688-2,Ladder,staged,Decade behind dog every.
INC-20250421-001697,AST-001697-1,Drone,released,Window talk trial analysis father.
INC-20250421-001697,AST-001697-2,Water Tender,released,Out generation statement any.
INC-20250414-001698,AST-001698-1,Engine,deployed,City because page son side.
INC-20250414-001698,AST-001698-2,Ladder,released,These road news get medical relationship.
INC-20250414-001698,AST-001698-3,Foam Trailer,released,Middle report behavior business between west per consider.
INC-20251004-001699,AST-001699-1,Ladder,staged,Republican shoulder know personal establish stock the.
INC-20251004-001699,AST-001699-2,Aerial Platform,released,Continue chance simple still wife.
INC-20250817-001702,AST-001702-1,Foam Trailer,released,Such happy agency almost democratic team.
INC-20250817-001702,AST-001702-2,Aerial Platform,deployed,Give team dream single worry year door.
INC-20251010-001705,AST-001705-1,Engine,deployed,Deal full great.
INC-20230111-001706,AST-001706-1,Engine,released,Family series realize growth.
INC-20250813-001707,AST-001707-1,Aerial Platform,released,Doctor this owner continue begin sign.
INC-20250926-001708,AST-001708-1,Ladder,deployed,Population wear interview fly plant large she.
INC-20250926-001708,AST-001708-2,Engine,deployed,Off sign represent employee glass factor class.
INC-20250110-001709,AST-001709-1,Drone,staged,Blood morning myself identify keep push under.
INC-20250110-001709,AST-001709-2,Water Tender,deployed,End board suffer time total quickly task sound.
INC-20230216-001713,AST-001713-1,Aerial Platform,released,Unit base administration hundred participant prepare.
INC-20250730-001714,AST-001714-1,Engine,deployed,Them want among benefit seat.
INC-20250730-001714,AST-001714-2,Ladder,released,Two strategy seven throw.
INC-20250731-001716,AST-001716-1,Drone,deployed,Relationship type church respond.
INC-20230817-001721,AST-001721-1,Water Tender,deployed,Do indeed series throughout nor.
INC-20230817-001721,AST-001721-2,Drone,staged,Tonight cut wrong common without carry.
INC-20251018-001723,AST-001723-1,Water Tender,staged,Full officer ask dark outside they.
INC-20251018-001723,AST-001723-2,Ladder,staged,Age thought star painting size case.
INC-20251018-001723,AST-001723-3,Engine,released,Ask pretty page stop artist popular.
INC-20250825-001724,AST-001724-1,Drone,staged,Various the special individual difficult.
INC-20250825-001724,AST-001724-2,Ladder,staged,Because east second learn.
INC-20250825-001724,AST-001724-3,Engine,staged,Teacher me table technology yeah.
INC-20230831-001734,AST-001734-1,Water Tender,deployed,Building thousand together start security.
INC-20250903-001737,AST-001737-1,Aerial Platform,released,Place certain ball believe or southern next task.
INC-20250903-001737,AST-001737-2,Water Tender,deployed,Move themselves campaign including able summer western let.
INC-20250903-001737,AST-001737-3,Foam Trailer,deployed,Lead season bill allow mind require.
INC-20241226-001740,AST-001740-1,Drone,deployed,Indeed play measure for feeling seat into firm.
INC-20241226-001740,AST-001740-2,Foam Trailer,deployed,Much boy suggest talk major.
INC-20250308-001745,AST-001745-1,Aerial Platform,deployed,Approach heart remain vote son police number great.
INC-20250911-001746,AST-001746-1,Aerial Platform,released,Behind evening collection same young.
INC-20250911-001746,AST-001746-2,Water Tender,released,Such your development front stuff executive.
INC-20250911-001746,AST-001746-3,Foam Trailer,staged,Live apply Republican piece now television.
INC-20240201-001747,AST-001747-1,Water Tender,released,Fly seek year return would build scientist various.
INC-20240201-001747,AST-001747-2,Aerial Platform,released,Phone range fight statement political test require.
INC-20240326-001748,AST-001748-1,Engine,released,Identify edge this sometimes reveal.
INC-20251011-001753,AST-001753-1,Aerial Platform,staged,Own cover condition decide ok.
INC-20251011-001753,AST-001753-2,Drone,released,Her teacher I likely.
INC-20251011-001753,AST-001753-3,Water Tender,released,Like head write society most.
INC-20250921-001756,AST-001756-1,Foam Trailer,released,Sense party data measure right.
INC-20250727-001757,AST-001757-1,Water Tender,deployed,Give sea economic also space play.
INC-20250727-001757,AST-001757-2,Aerial Platform,staged,Past lose window do place card often mission.
INC-20250808-001759,AST-001759-1,Foam Trailer,staged,Gun realize exactly.
INC-20250808-001759,AST-001759-2,Drone,staged,Citizen eight hold area dog charge.
INC-20250905-001760,AST-001760-1,Water Tender,released,Cause up religious such meet Republican great.
INC-20250905-001760,AST-001760-2,Drone,deployed,Agree perform open.
INC-20250905-001760,AST-001760-3,Engine,deployed,Investment tonight usually nothing six wish population.
INC-20230707-001761,AST-001761-1,Foam Trailer,staged,Beyond article material truth painting know.
INC-20231021-001764,AST-001764-1,Water Tender,deployed,Finally short couple soon occur health be language.
INC-20250521-001765,AST-001765-1,Water Tender,deployed,Actually issue stage in.
INC-20250521-001765,AST-001765-2,Drone,deployed,Practice as cell surface.
INC-20250521-001765,AST-001765-3,Ladder,released,American southern possible as still.
INC-20250926-001768,AST-001768-1,Foam Trailer,released,Street hotel according.
INC-20250926-001768,AST-001768-2,Foam Trailer,deployed,Evening hospital blue action best.
INC-20250727-001772,AST-001772-1,Water Tender,released,Price TV record Democrat break light head.
INC-20250727-001772,AST-001772-2,Aerial Platform,deployed,Tree table especially.
INC-20250606-001779,AST-001779-1,Engine,staged,Here war year go.
INC-20250819-001780,AST-001780-1,Aerial Platform,released,Force simple my tax himself already.
INC-20250819-001780,AST-001780-2,Water Tender,released,Company hour risk suddenly military movement drop.
INC-20250609-001783,AST-001783-1,Water Tender,deployed,Technology which none thousand shoulder such.
INC-20250813-001786,AST-001786-1,Drone,deployed,North choose as lot test focus others.
INC-20250629-001788,AST-001788-1,Aerial Platform,staged,Common ask as cultural world smile.
INC-20250629-001788,AST-001788-2,Aerial Platform,staged,Watch again skill well rich policy.
INC-20250120-001794,AST-001794-1,Ladder,released,Thought physical face wide.
INC-20250120-001794,AST-001794-2,Drone,staged,Evening brother doctor process out product already.
INC-20250202-001795,AST-001795-1,Ladder,staged,Become claim attack Republican.
INC-20250826-001796,AST-001796-1,Water Tender,deployed,Particular part write test federal eight.
INC-20240403-001804,AST-001804-1,Ladder,deployed,Husband industry trade cultural base.
INC-20240403-001804,AST-001804-2,Water Tender,released,Foot contain senior career cause.
INC-20250901-001805,AST-001805-1,Foam Trailer,released,Computer protect many without hold according.
INC-20250901-001805,AST-001805-2,Drone,released,Eye century upon war scene baby.
INC-20250901-001805,AST-001805-3,Aerial Platform,deployed,American final woman me across.
INC-20251006-001809,AST-001809-1,Engine,staged,Attorney very past per couple rule.
INC-20251006-001809,AST-001809-2,Aerial Platform,staged,Month animal natural friend those interest address.
INC-20250816-001812,AST-001812-1,Ladder,released,Pass but media keep anyone successful method.
INC-20250816-001812,AST-001812-2,Drone,staged,Decade service military down.
INC-20250816-001812,AST-001812-3,Drone,released,One yourself together often near.
INC-20221108-001816,AST-001816-1,Ladder,deployed,Will meeting member address six which Mrs support.
INC-20221108-001816,AST-001816-2,Engine,deployed,From direction bank manager him.
INC-20250810-001817,AST-001817-1,Drone,released,Film prove kitchen animal window.
INC-20251021-001821,AST-001821-1,Water Tender,deployed,Office success message economic rest seek anything.
INC-20251021-001821,AST-001821-2,Ladder,deployed,Loss single up really because.
INC-20241224-001825,AST-001825-1,Aerial Platform,staged,Hospital house teach sing several.
INC-20241224-001825,AST-001825-2,Ladder,deployed,Might cover miss thing.
INC-20250205-001829,AST-001829-1,Water Tender,released,Loss dinner answer produce.
INC-20250205-001829,AST-001829-2,Foam Trailer,deployed,Drop five father.
INC-20250908-001833,AST-001833-1,Water Tender,staged,Politics remember reflect ahead wall.
INC-20250908-001833,AST-001833-2,Foam Trailer,staged,Continue public describe through evidence woman cover.
INC-20250908-001833,AST-001833-3,Engine,released,Dinner letter type trouble.
INC-20250826-001835,AST-001835-1,Ladder,staged,Beat level morning drive.
INC-20250826-001835,AST-001835-2,Engine,released,Attack expect total professor kid knowledge imagine culture.
INC-20250826-001835,AST-001835-3,Drone,staged,Probably back why adult attack Mr system.
INC-20250224-001836,AST-001836-1,Aerial Platform,deployed,Most identify fish box.
INC-20250825-001840,AST-001840-1,Ladder,staged,Over spend market catch wonder law.
INC-20250517-001841,AST-001841-1,Drone,staged,Own here us.
INC-20250815-001846,AST-001846-1,Drone,deployed,Production late around.
INC-20250815-001846,AST-001846-2,Foam Trailer,deployed,Story region room rest stage cost success.
INC-20230613-001848,AST-001848-1,Water Tender,staged,Itself increase scene simply point.
INC-20230613-001848,AST-001848-2,Ladder,deployed,Who among possible station often per rock.
INC-20230613-001848,AST-001848-3,Ladder,released,Bring start production stage determine product represent generation.
INC-20250917-001849,AST-001849-1,Foam Trailer,released,More more factor.
INC-20250917-001849,AST-001849-2,Engine,released,Audience language structure administration begin like.
INC-20250917-001849,AST-001849-3,Foam Trailer,deployed,Consider speak station to pass between business.
INC-20240614-001853,AST-001853-1,Aerial Platform,released,Class rule matter sell perhaps personal.
INC-20240614-001853,AST-001853-2,Water Tender,deployed,Whatever meet official expect campaign.
INC-20240614-001853,AST-001853-3,Foam Trailer,deployed,Politics home try different where wife girl go.
INC-20250510-001855,AST-001855-1,Foam Trailer,released,Cover analysis family right north bar.
INC-20250510-001855,AST-001855-2,Water Tender,released,Officer bad also choose hold positive lose.
INC-20250510-001855,AST-001855-3,Ladder,deployed,Industry simple road painting pass a.
INC-20240118-001856,AST-001856-1,Water Tender,deployed,Guess speak against manage development.
INC-20240118-001856,AST-001856-2,Water Tender,deployed,Reality cup whatever official word.
INC-20240118-001856,AST-001856-3,Foam Trailer,staged,Maybe option write behind.
INC-20250814-001860,AST-001860-1,Drone,released,Claim great player ten they oil letter.
INC-20250814-001860,AST-001860-2,Foam Trailer,staged,Voice entire economic large inside eye help.
INC-20250814-001860,AST-001860-3,Water Tender,released,Rule score turn international of better tough.
INC-20230801-001869,AST-001869-1,Drone,deployed,Value future only increase write.
INC-20230801-001869,AST-001869-2,Aerial Platform,staged,Second beautiful pretty image age.
INC-20250908-001871,AST-001871-1,Ladder,deployed,Number protect cultural.
INC-20250908-001871,AST-001871-2,Engine,staged,Same away minute always thought voice.
INC-20250908-001871,AST-001871-3,Ladder,deployed,Check represent PM identify better toward certain lay.
INC-20250810-001874,AST-001874-1,Drone,staged,Direction work for but rule.
INC-20250328-001877,AST-001877-1,Foam Trailer,deployed,Reality consumer glass computer east campaign.
INC-20250328-001877,AST-001877-2,Drone,staged,Structure production senior everyone hear.
INC-20230308-001881,AST-001881-1,Ladder,deployed,Too easy small reality school economy deep.
INC-20230308-001881,AST-001881-2,Aerial Platform,released,Smile discussion subject federal nearly talk.
INC-20230308-001881,AST-001881-3,Aerial Platform,deployed,List allow do sign bit black girl.
INC-20250827-001883,AST-001883-1,Foam Trailer,deployed,Speak rule note several.
INC-20250827-001883,AST-001883-2,Ladder,deployed,Pull type organization today sort bank.
INC-20250901-001886,AST-001886-1,Ladder,deployed,Because smile top age share.
INC-20250901-001886,AST-001886-2,Aerial Platform,deployed,Record note around.
INC-20250901-001886,AST-001886-3,Foam Trailer,staged,Stay above important new.
INC-20250728-001888,AST-001888-1,Ladder,released,Owner reduce could will.
INC-20250728-001888,AST-001888-2,Drone,deployed,Beat like where collection son.
INC-20250728-001888,AST-001888-3,Engine,released,Admit trip record remain land.
INC-20250912-001889,AST-001889-1,Drone,released,Source yeah painting.
INC-20250314-001892,AST-001892-1,Aerial Platform,released,Source generation kitchen in.
INC-20250829-001895,AST-001895-1,Engine,released,Itself force put perhaps same.
INC-20250329-001896,AST-001896-1,Water Tender,deployed,Society its couple pretty.
INC-20240724-001899,AST-001899-1,Drone,staged,Letter believe choose.
INC-20240724-001899,AST-001899-2,Water Tender,staged,Story statement these free.
INC-20240724-001899,AST-001899-3,Drone,deployed,Enjoy speech pull today way send beyond.
INC-20240227-001903,AST-001903-1,Ladder,staged,Become customer success group line plan.
INC-20240227-001903,AST-001903-2,Foam Trailer,deployed,Least relationship more step.
INC-20240227-001903,AST-001903-3,Drone,deployed,Scene account future Democrat.
INC-20250620-001906,AST-001906-1,Drone,deployed,Ask data often especially tough can idea.
INC-20251013-001912,AST-001912-1,Foam Trailer,staged,Speak interview trouble option.
INC-20251013-001912,AST-001912-2,Aerial Platform,released,Star trouble quickly.
INC-20240529-001913,AST-001913-1,Water Tender,staged,Glass adult boy before hair true appear class.
INC-20240529-001913,AST-001913-2,Drone,deployed,Education yet it election involve.
INC-20240529-001913,AST-001913-3,Drone,deployed,Let international play trouble fear.
INC-20250901-001915,AST-001915-1,Water Tender,deployed,Morning expect find crime.
INC-20250901-001915,AST-001915-2,Drone,staged,Company deep yet billion effort water.
INC-20250811-001916,AST-001916-1,Aerial Platform,deployed,Suddenly another energy hard beyond girl our.
INC-20250811-001916,AST-001916-2,Aerial Platform,deployed,Ten color station news language executive.
INC-20250325-001920,AST-001920-1,Foam Trailer,deployed,Make clearly image easy rule.
INC-20251005-001923,AST-001923-1,Engine,staged,Capital television low recognize occur chance situation similar.
INC-20250504-001928,AST-001928-1,Foam Trailer,released,Once organization my protect yard clearly rate.
INC-20250504-001928,AST-001928-2,Foam Trailer,released,Camera maybe road interesting tax.
INC-20250504-001928,AST-001928-3,Water Tender,staged,Budget on know animal religious she.
INC-20250928-001933,AST-001933-1,Aerial Platform,staged,Land point four hot.
INC-20250928-001933,AST-001933-2,Water Tender,released,Their look happy amount industry resource term.
INC-20250928-001933,AST-001933-3,Engine,deployed,Reality smile so nor amount.
INC-20251015-001934,AST-001934-1,Water Tender,released,Look wind single religious so adult speak.
INC-20251015-001934,AST-001934-2,Foam Trailer,released,Personal area style meeting task act seem especially.
INC-20250326-001935,AST-001935-1,Drone,deployed,Summer not direction reason politics card street.
INC-20250913-001939,AST-001939-1,Foam Trailer,released,Let letter president meeting.
INC-20250913-001939,AST-001939-2,Engine,staged,Imagine good reflect feeling hour.
INC-20250913-001939,AST-001939-3,Foam Trailer,deployed,Point key to sell party society.
INC-20250930-001941,AST-001941-1,Aerial Platform,staged,Because current person change listen them possible.
INC-20250930-001941,AST-001941-2,Aerial Platform,staged,Enter really risk exist executive lot.
INC-20231127-001943,AST-001943-1,Ladder,deployed,Born its avoid common tough commercial remember.
INC-20231127-001943,AST-001943-2,Foam Trailer,staged,Part court information someone.
INC-20231127-001943,AST-001943-3,Foam Trailer,deployed,Tend fact maintain consumer must third matter.
INC-20251010-001944,AST-001944-1,Engine,deployed,Majority others entire past.
INC-20241210-001945,AST-001945-1,Drone,deployed,Go smile from trade energy health.
INC-20241210-001945,AST-001945-2,Foam Trailer,staged,Much send get southern old degree.
INC-20241210-001945,AST-001945-3,Ladder,deployed,Approach these another left ten.
INC-20241123-001948,AST-001948-1,Water Tender,released,Bag want gun four program foot mission night.
INC-20250429-001953,AST-001953-1,Water Tender,staged,Late space change and.
INC-20250429-001953,AST-001953-2,Ladder,deployed,Effort draw big rest show usually.
INC-20250102-001955,AST-001955-1,Foam Trailer,deployed,Time section human support letter.
INC-20250907-001958,AST-001958-1,Drone,released,Believe car daughter boy five.
INC-20250907-001958,AST-001958-2,Foam Trailer,released,Evening material community student expert.
INC-20250928-001960,AST-001960-1,Drone,released,Around social perhaps face eight question onto.
INC-20250928-001960,AST-001960-2,Ladder,deployed,Employee challenge upon above.
INC-20251016-001963,AST-001963-1,Foam Trailer,deployed,Age fill crime account we hospital left.
INC-20240714-001964,AST-001964-1,Ladder,staged,Morning lay top quite carry.
INC-20240714-001964,AST-001964-2,Ladder,deployed,Task author time improve interest.
INC-20240714-001964,AST-001964-3,Engine,staged,Until we eat argue own force.
INC-20250926-001966,AST-001966-1,Engine,released,Hand itself should fall why ok.
INC-20250926-001966,AST-001966-2,Foam Trailer,staged,Management age owner chair growth remain station.
INC-20250926-001966,AST-001966-3,Aerial Platform,released,Particular case cost summer bed.
INC-20250910-001971,AST-001971-1,Water Tender,deployed,Skin same simple painting those report base.
INC-20250910-001971,AST-001971-2,Ladder,released,Realize program community.
INC-20240202-001976,AST-001976-1,Foam Trailer,released,Effort even threat but source.
INC-20240202-001976,AST-001976-2,Aerial Platform,deployed,If major political.
INC-20250731-001979,AST-001979-1,Ladder,released,Soldier by finish.
INC-20250731-001979,AST-001979-2,Ladder,released,Dream cup help not policy country.
INC-20250731-001979,AST-001979-3,Ladder,staged,Meet room turn pattern paper look.
INC-20230429-001983,AST-001983-1,Aerial Platform,deployed,Successful ok scene daughter onto he close past.
INC-20230429-001983,AST-001983-2,Water Tender,staged,Politics difference list degree fund.
INC-20250802-001984,AST-001984-1,Foam Trailer,released,Walk protect mean several rather require garden.
INC-20250802-001984,AST-001984-2,Drone,staged,New left weight again seem back ask.
INC-20250916-001985,AST-001985-1,Water Tender,deployed,Laugh everybody training news wonder already.
INC-20250916-001985,AST-001985-2,Foam Trailer,deployed,Position old conference I street.
INC-20250916-001985,AST-001985-3,Ladder,staged,Threat white my grow.
INC-20250422-001986,AST-001986-1,Aerial Platform,released,Focus provide store hold change.
INC-20250730-001987,AST-001987-1,Ladder,deployed,Go time daughter.
INC-20250730-001987,AST-001987-2,Engine,released,Amount hot less difficult cause establish white.
INC-20250730-001987,AST-001987-3,Water Tender,staged,High book suffer worry somebody.
INC-20250717-001988,AST-001988-1,Drone,released,Of evidence each source mention throughout.
INC-20250717-001988,AST-001988-2,Engine,staged,If analysis itself institution full truth.
INC-20250801-001989,AST-001989-1,Water Tender,released,Plan return these soldier.
INC-20250801-001989,AST-001989-2,Aerial Platform,staged,Worker test style science ten.
INC-20250801-001989,AST-001989-3,Water Tender,released,Current say across despite bag authority item.
INC-20230715-001991,AST-001991-1,Water Tender,staged,According condition candidate strategy perform people thousand attack.
INC-20230715-001991,AST-001991-2,Aerial Platform,staged,Know season fly listen environment.
INC-20230715-001991,AST-001991-3,Ladder,staged,Product threat any.
INC-20241206-001993,AST-001993-1,Ladder,released,Measure population activity record.
INC-20241206-001993,AST-001993-2,Drone,released,Own product character wear soldier continue us as.
INC-20241206-001993,AST-001993-3,Aerial Platform,deployed,Make mean Republican that research mission ok popular.
INC-20231103-001997,AST-001997-1,Drone,staged,Soldier national because we read three.
INC-20231103-001997,AST-001997-2,Engine,deployed,Another ahead road change.
INC-20231103-001997,AST-001997-3,Aerial Platform,deployed,Player deep hit benefit long newspaper suddenly foot.
INC-20241111-001999,AST-001999-1,Aerial Platform,staged,Center stay fish.
INC-20241111-001999,AST-001999-2,Water Tender,staged,Cup source team job.
INC-20241111-001999,AST-001999-3,Engine,released,Financial bar specific six list apply meet.
INC-20250414-002002,AST-002002-1,Ladder,staged,The recent herself teacher good idea necessary test.
INC-20250414-002002,AST-002002-2,Engine,deployed,Talk through act most.
INC-20250414-002002,AST-002002-3,Drone,deployed,Couple religious sense well purpose office.
INC-20250926-002004,AST-002004-1,Ladder,released,Skill tell fly big word capital worker stay.
INC-20250826-002010,AST-002010-1,Drone,deployed,Those range movement significant make social stand travel.
INC-20250826-002010,AST-002010-2,Engine,deployed,Film development gas central.
INC-20250826-002010,AST-002010-3,Drone,staged,Itself mind increase set place.
INC-20250810-002011,AST-002011-1,Aerial Platform,deployed,Congress happen until close return easy ahead between.
INC-20250810-002011,AST-002011-2,Water Tender,deployed,Positive result role stand second skin.
INC-20250810-002011,AST-002011-3,Foam Trailer,staged,Dog might report listen maintain.
INC-20250529-002013,AST-002013-1,Engine,released,Order mention such Congress.
INC-20250529-002013,AST-002013-2,Ladder,deployed,Everything price every in task ok send.
INC-20250529-002013,AST-002013-3,Water Tender,deployed,Yet adult investment couple.
INC-20251009-002022,AST-002022-1,Foam Trailer,released,Soldier population above worry.
INC-20250925-002023,AST-002023-1,Foam Trailer,released,Ago color who quickly family hold bar.
INC-20251005-002024,AST-002024-1,Foam Trailer,deployed,Office half know think cold.
INC-20251005-002024,AST-002024-2,Engine,staged,Study nothing western week quickly.
INC-20251005-002024,AST-002024-3,Ladder,deployed,Ago speech focus life answer per item.
INC-20250401-002027,AST-002027-1,Foam Trailer,staged,Ago outside themselves imagine memory pattern.
INC-20250401-002027,AST-002027-2,Foam Trailer,released,Have win check why professional court tonight.
INC-20241116-002028,AST-002028-1,Water Tender,staged,Field arrive benefit bit process.
INC-20241116-002028,AST-002028-2,Foam Trailer,released,Interest what approach whether report.
INC-20240812-002031,AST-002031-1,Drone,released,Light teach main college first remain.
INC-20240812-002031,AST-002031-2,Water Tender,deployed,Board think attorney upon ten.
INC-20250910-002033,AST-002033-1,Aerial Platform,released,Deal let education focus record.
INC-20240625-002034,AST-002034-1,Foam Trailer,deployed,Myself material result budget tough always.
INC-20240625-002034,AST-002034-2,Ladder,deployed,List interesting wide response.
INC-20250716-002036,AST-002036-1,Aerial Platform,released,Hundred read group whole amount may follow must.
INC-20250716-002036,AST-002036-2,Drone,released,Over talk wear want similar teacher.
INC-20250804-002038,AST-002038-1,Ladder,staged,Large generation nor official government must big.
INC-20250922-002039,AST-002039-1,Water Tender,deployed,Because style structure for.
INC-20250123-002040,AST-002040-1,Water Tender,deployed,Friend believe field wear hour land tend commercial.
INC-20250909-002042,AST-002042-1,Engine,released,Ability modern water spend attack fight both middle.
INC-20250909-002042,AST-002042-2,Engine,deployed,Six relationship live start.
INC-20250909-002042,AST-002042-3,Ladder,released,Can son left sister become why situation exactly.
INC-20251006-002044,AST-002044-1,Ladder,deployed,Return image grow model him trade.
INC-20251002-002046,AST-002046-1,Engine,staged,Simple design subject pattern lose more.
INC-20251008-002051,AST-002051-1,Aerial Platform,deployed,Despite necessary stuff up case stage.
INC-20251008-002051,AST-002051-2,Ladder,staged,Fund although everyone.
INC-20251008-002051,AST-002051-3,Foam Trailer,released,Smile second we run politics shake.
INC-20250902-002052,AST-002052-1,Foam Trailer,released,Modern system either media.
INC-20250902-002052,AST-002052-2,Foam Trailer,deployed,Treatment thousand team operation system step.
INC-20250417-002053,AST-002053-1,Foam Trailer,released,Poor involve wall natural simply.
INC-20250417-002053,AST-002053-2,Engine,staged,Soon its whose ask should value.
INC-20250909-002056,AST-002056-1,Drone,deployed,Stay hear three government.
INC-20250909-002056,AST-002056-2,Engine,released,Water speech return some culture ten.
INC-20241102-002057,AST-002057-1,Ladder,deployed,Material will state late model quite himself on.
INC-20241102-002057,AST-002057-2,Water Tender,released,Far teach body so bag various.
INC-20250902-002060,AST-002060-1,Foam Trailer,staged,Goal ability policy question.
INC-20250902-002060,AST-002060-2,Aerial Platform,staged,Trial nature toward anyone employee hear.
INC-20241204-002064,AST-002064-1,Aerial Platform,released,Agency number herself door of machine.
INC-20230429-002065,AST-002065-1,Ladder,released,Summer become while huge because color.
INC-20230429-002065,AST-002065-2,Aerial Platform,released,On Congress health boy put.
INC-20250317-002067,AST-002067-1,Ladder,released,Beautiful no one.
INC-20250506-002068,AST-002068-1,Foam Trailer,deployed,Wrong pick cost consider one real even social.
INC-20250506-002068,AST-002068-2,Engine,released,Agree score it toward beat.
INC-20250110-002069,AST-002069-1,Aerial Platform,released,Help art general memory area point.
INC-20250110-002069,AST-002069-2,Engine,deployed,Including space later message money truth current.
INC-20250110-002069,AST-002069-3,Foam Trailer,deployed,Which responsibility kind cultural work.
INC-20251016-002071,AST-002071-1,Engine,deployed,Best movement actually deal.
INC-20230807-002072,AST-002072-1,Aerial Platform,deployed,Staff more upon authority trial win American.
INC-20250903-002074,AST-002074-1,Water Tender,released,Example color development employee among.
INC-20250903-002074,AST-002074-2,Foam Trailer,released,Response present west society trial act.
INC-20250903-002074,AST-002074-3,Ladder,deployed,Paper plant billion benefit ability model laugh.
INC-20250705-002075,AST-002075-1,Water Tender,staged,Activity turn very soldier.
INC-20250728-002081,AST-002081-1,Water Tender,released,Mr project impact answer nation.
INC-20250807-002082,AST-002082-1,Ladder,staged,Onto story ask difference close.
INC-20250807-002082,AST-002082-2,Engine,staged,Fine image type difference what institution stay.
INC-20250807-002082,AST-002082-3,Drone,deployed,West theory development.
INC-20250821-002083,AST-002083-1,Aerial Platform,deployed,Because least test offer property remain help.
INC-20250821-002083,AST-002083-2,Engine,released,With describe opportunity learn scientist.
INC-20251004-002084,AST-002084-1,Ladder,released,High if thing dog.
INC-20250925-002085,AST-002085-1,Ladder,staged,And also end real policy little she.
INC-20250925-002085,AST-002085-2,Engine,staged,Region ball door whether team goal enjoy.
INC-20250729-002086,AST-002086-1,Drone,staged,Around well young sort.
INC-20250729-002086,AST-002086-2,Aerial Platform,released,Itself need hit hard prove our.
INC-20250806-002088,AST-002088-1,Foam Trailer,released,Road listen eye prove dream knowledge debate.
INC-20250806-002088,AST-002088-2,Water Tender,deployed,Difficult manage point hope attention know effect.
INC-20250825-002090,AST-002090-1,Foam Trailer,deployed,Beyond what whatever.
INC-20250809-002092,AST-002092-1,Aerial Platform,released,Treatment concern try fund.
INC-20250809-002092,AST-002092-2,Engine,deployed,Picture into each name federal.
INC-20250727-002096,AST-002096-1,Engine,deployed,Discover heavy perform over enter prevent middle example.
INC-20250727-002096,AST-002096-2,Engine,deployed,First Democrat maintain woman return actually standard from.
INC-20250727-002096,AST-002096-3,Aerial Platform,deployed,Program hard example including tend.
INC-20251003-002097,AST-002097-1,Ladder,released,Summer understand very begin city social catch.
INC-20251003-002097,AST-002097-2,Water Tender,staged,Dinner manager several about either.
INC-20251003-002097,AST-002097-3,Foam Trailer,staged,Beautiful may apply thought.
INC-20250812-002099,AST-002099-1,Water Tender,released,Sound last heart agreement.
INC-20250812-002099,AST-002099-2,Aerial Platform,released,Wrong car prove have serve name.
INC-20250226-002100,AST-002100-1,Water Tender,released,Support public dark look join piece modern.
INC-20250226-002100,AST-002100-2,Ladder,deployed,Service property mean see note.
INC-20250823-002102,AST-002102-1,Engine,deployed,Surface nothing economic bar audience sing.
INC-20250823-002102,AST-002102-2,Drone,deployed,Study rest without person.
INC-20250823-002102,AST-002102-3,Foam Trailer,deployed,Go sense green music.
INC-20250726-002106,AST-002106-1,Foam Trailer,released,Ball example fact still natural administration.
INC-20221222-002108,AST-002108-1,Ladder,staged,Attack thing item any offer tonight involve.
INC-20221222-002108,AST-002108-2,Water Tender,deployed,Movement brother international concern cut news use.
INC-20250308-002110,AST-002110-1,Aerial Platform,staged,Rather nice party single.
INC-20250308-002110,AST-002110-2,Drone,deployed,Onto general believe detail today plant.
INC-20251016-002113,AST-002113-1,Foam Trailer,staged,Way should might about.
INC-20251016-002113,AST-002113-2,Water Tender,released,Night catch employee but kind thought.
INC-20251016-002113,AST-002113-3,Water Tender,released,Wall ready maintain on career.
INC-20250902-002116,AST-002116-1,Foam Trailer,released,Politics thing usually section film agent tell.
INC-20250902-002116,AST-002116-2,Ladder,staged,Car management group thousand name report million.
INC-20250902-002116,AST-002116-3,Aerial Platform,released,Best whether exactly necessary red federal pretty.
INC-20250127-002120,AST-002120-1,Ladder,released,Common everyone yourself leader sit sound push.
INC-20250626-002122,AST-002122-1,Engine,staged,Indicate tonight program notice.
INC-20250626-002122,AST-002122-2,Foam Trailer,staged,Store fire knowledge sport.
INC-20251021-002125,AST-002125-1,Aerial Platform,released,Message firm per student free maybe share.
INC-20251021-002125,AST-002125-2,Foam Trailer,released,Court hand shake hundred arm other beat.
INC-20251021-002125,AST-002125-3,Aerial Platform,released,Loss government people office almost.
INC-20250916-002132,AST-002132-1,Engine,deployed,Tv sure country dog.
INC-20250916-002132,AST-002132-2,Foam Trailer,released,Weight training every that glass.
INC-20250916-002132,AST-002132-3,Drone,deployed,Ahead about production hit movement from foreign.
INC-20241222-002136,AST-002136-1,Engine,released,Democratic option opportunity development stock.
INC-20241208-002139,AST-002139-1,Engine,deployed,Safe break eight.
INC-20241208-002139,AST-002139-2,Water Tender,released,News whose because.
INC-20250121-002147,AST-002147-1,Drone,released,Public realize know full suddenly.
INC-20250819-002149,AST-002149-1,Water Tender,deployed,Good camera those woman.
INC-20250819-002149,AST-002149-2,Water Tender,deployed,Enjoy society area spring north.
INC-20251009-002153,AST-002153-1,Water Tender,deployed,Effort design leg reason final lawyer store energy.
INC-20251009-002153,AST-002153-2,Water Tender,deployed,Prepare artist south speak doctor lose themselves boy.
INC-20251009-002153,AST-002153-3,Aerial Platform,released,Pretty station turn all your.
INC-20250901-002156,AST-002156-1,Engine,deployed,Present try politics fear skin final leader.
INC-20250901-002156,AST-002156-2,Aerial Platform,deployed,Close condition hard walk involve often.
INC-20250712-002162,AST-002162-1,Engine,deployed,Single indicate thank security exist increase election.
INC-20250712-002162,AST-002162-2,Foam Trailer,deployed,Rate serious power young benefit.
INC-20250712-002162,AST-002162-3,Engine,deployed,Begin right respond seem should.
INC-20240629-002163,AST-002163-1,Aerial Platform,deployed,Really movement for.
INC-20240629-002163,AST-002163-2,Ladder,released,Understand sell right project benefit marriage may medical.
INC-20240629-002163,AST-002163-3,Water Tender,deployed,Keep cell character.
INC-20230131-002165,AST-002165-1,Water Tender,released,Effort present fire employee back despite.
INC-20230131-002165,AST-002165-2,Water Tender,released,Network red relate decade never bed.
INC-20230131-002165,AST-002165-3,Foam Trailer,deployed,Successful field why.
INC-20250610-002167,AST-002167-1,Foam Trailer,deployed,Next themselves whether sport feeling require his.
INC-20250610-002167,AST-002167-2,Aerial Platform,released,Computer assume coach produce.
INC-20250610-002167,AST-002167-3,Water Tender,staged,Themselves who turn white quality candidate.
INC-20251001-002172,AST-002172-1,Ladder,deployed,Near production any lot now those deal.
INC-20251001-002172,AST-002172-2,Foam Trailer,deployed,Present as might power bar population no yeah.
INC-20251001-002172,AST-002172-3,Drone,deployed,State again adult serve tough check.
INC-20250211-002174,AST-002174-1,Drone,staged,Never need before less must.
INC-20250818-002175,AST-002175-1,Foam Trailer,staged,Trade couple end radio.
INC-20230102-002176,AST-002176-1,Aerial Platform,released,But low his benefit than voice coach.
INC-20230102-002176,AST-002176-2,Foam Trailer,deployed,Step fund stuff operation activity.
INC-20230102-002176,AST-002176-3,Engine,deployed,Minute take community thousand onto sort.
INC-20250807-002177,AST-002177-1,Ladder,deployed,Play treat ok.
INC-20250807-002177,AST-002177-2,Ladder,deployed,Wall weight possible another interest whom record.
INC-20250729-002178,AST-002178-1,Foam Trailer,deployed,Woman green seat after certainly thus step.
INC-20250729-002178,AST-002178-2,Ladder,released,Business seat suddenly.
INC-20250823-002179,AST-002179-1,Engine,released,Sister nation executive just.
INC-20250928-002184,AST-002184-1,Water Tender,released,Pick spend matter toward office write water record.
INC-20241210-002188,AST-002188-1,Foam Trailer,deployed,Door suddenly tax less.
INC-20241210-002188,AST-002188-2,Ladder,released,Arrive Mr act.
INC-20241210-002188,AST-002188-3,Foam Trailer,released,Everyone your occur discuss western gun.
INC-20250730-002194,AST-002194-1,Ladder,staged,Worry role call sea point her.
INC-20250915-002197,AST-002197-1,Ladder,staged,Control keep assume too wish game score.
INC-20250915-002197,AST-002197-2,Engine,deployed,Partner leave benefit low ok.
INC-20250619-002200,AST-002200-1,Water Tender,released,Door perhaps of project three wrong fast.
INC-20250922-002201,AST-002201-1,Engine,released,Young writer rest.
INC-20250922-002201,AST-002201-2,Foam Trailer,staged,Serve girl clearly build travel opportunity then.
INC-20250717-002203,AST-002203-1,Foam Trailer,released,Indicate hotel firm leg finally however.
INC-20241214-002209,AST-002209-1,Drone,deployed,White each mind set.
INC-20250506-002210,AST-002210-1,Foam Trailer,deployed,Natural painting indicate occur as successful add my.
INC-20250223-002214,AST-002214-1,Engine,released,Yes nice goal nearly economic.
INC-20250223-002214,AST-002214-2,Foam Trailer,released,Shake four always rock tonight soldier forget.
INC-20250729-002215,AST-002215-1,Aerial Platform,released,Threat follow financial.
INC-20250729-002215,AST-002215-2,Engine,staged,Star despite movement able.
INC-20250729-002215,AST-002215-3,Ladder,released,Cost particularly short small professional last center.
INC-20250930-002217,AST-002217-1,Water Tender,deployed,Executive director world my in without culture.
INC-20250930-002217,AST-002217-2,Engine,staged,Debate section wide.
INC-20250912-002219,AST-002219-1,Ladder,staged,Support environmental medical game modern system.
INC-20250912-002219,AST-002219-2,Engine,released,Public air enter same front give.
INC-20250912-002219,AST-002219-3,Aerial Platform,released,Newspaper happen mention wear.
INC-20250429-002220,AST-002220-1,Engine,deployed,Yourself director reflect operation that.
INC-20230514-002225,AST-002225-1,Engine,released,Action clearly difficult parent after knowledge.
INC-20230514-002225,AST-002225-2,Ladder,staged,Charge make whether can couple.
INC-20230514-002225,AST-002225-3,Drone,released,Type whether sea responsibility bill care of.
INC-20251005-002229,AST-002229-1,Aerial Platform,released,Benefit player financial no which should certainly.
INC-20251005-002229,AST-002229-2,Engine,staged,Father someone do particular board west behavior.
INC-20251005-002229,AST-002229-3,Aerial Platform,released,Writer medical stage either everybody most seem.
INC-20221216-002230,AST-002230-1,Foam Trailer,released,Son stuff weight rich truth interest.
INC-20241116-002231,AST-002231-1,Engine,deployed,Little side successful read.
INC-20241116-002231,AST-002231-2,Water Tender,released,Go usually politics pay read responsibility line.
INC-20250815-002235,AST-002235-1,Engine,staged,Eye than edge meeting material.
INC-20250913-002236,AST-002236-1,Drone,released,Marriage though example modern model.
INC-20250913-002236,AST-002236-2,Engine,released,Top father rate throw part marriage both.
INC-20250913-002236,AST-002236-3,Aerial Platform,deployed,Degree build man culture candidate.
INC-20250730-002239,AST-002239-1,Ladder,deployed,Face thought to indicate.
INC-20250730-002239,AST-002239-2,Aerial Platform,staged,Under another often since.
INC-20250730-002239,AST-002239-3,Foam Trailer,released,Responsibility memory dog find various care.
INC-20241115-002240,AST-002240-1,Engine,released,News candidate student toward herself call huge.
INC-20250816-002241,AST-002241-1,Foam Trailer,deployed,Painting important art various information.
INC-20250816-002241,AST-002241-2,Drone,released,Leave action history adult.
INC-20250816-002241,AST-002241-3,Ladder,released,Always write out magazine bit view.
INC-20251009-002243,AST-002243-1,Foam Trailer,deployed,Stop stock imagine practice here teacher.
INC-20251009-002243,AST-002243-2,Drone,staged,Beyond son structure already suggest.
INC-20251009-002243,AST-002243-3,Ladder,staged,Use clearly imagine I again.
INC-20250927-002249,AST-002249-1,Foam Trailer,deployed,Dinner wide much dream us assume city.
INC-20250927-002249,AST-002249-2,Engine,released,Then whether seat feeling test pass.
INC-20250927-002249,AST-002249-3,Drone,released,Sea government share radio walk produce film front.
INC-20250716-002259,AST-002259-1,Engine,staged,Between whom remain all machine never develop.
INC-20250716-002259,AST-002259-2,Water Tender,released,Chance Mrs step bank alone response small.
INC-20230822-002262,AST-002262-1,Foam Trailer,staged,City student industry wear six what especially.
INC-20240328-002270,AST-002270-1,Water Tender,deployed,Continue watch could her vote.
INC-20240328-002270,AST-002270-2,Foam Trailer,deployed,Evening always action cold.
INC-20250510-002271,AST-002271-1,Ladder,released,Nothing movie officer necessary red future off guy.
INC-20250510-002271,AST-002271-2,Water Tender,released,Feel bring seven serious finally contain individual.
INC-20231103-002272,AST-002272-1,Aerial Platform,staged,Collection no already campaign hotel hundred.
INC-20231103-002272,AST-002272-2,Aerial Platform,released,Animal example experience medical force.
INC-20231103-002272,AST-002272-3,Aerial Platform,staged,After born girl color finally recognize account lawyer.
INC-20251006-002273,AST-002273-1,Ladder,deployed,Draw only order training statement maybe buy.
INC-20250117-002277,AST-002277-1,Engine,staged,Exist run cell yet tough.
INC-20250117-002277,AST-002277-2,Drone,deployed,Tv majority into could society daughter song.
INC-20250117-002277,AST-002277-3,Aerial Platform,deployed,Degree magazine good writer language plan state.
INC-20241007-002278,AST-002278-1,Foam Trailer,deployed,Present development discover total.
INC-20241007-002278,AST-002278-2,Aerial Platform,staged,Hand cold place someone from.
INC-20250920-002287,AST-002287-1,Water Tender,deployed,Cultural standard wish learn.
INC-20250920-002287,AST-002287-2,Drone,deployed,Always product traditional stand turn method.
INC-20250930-002290,AST-002290-1,Water Tender,released,Ground buy election few.
INC-20250809-002291,AST-002291-1,Drone,staged,Boy exactly what something heart politics.
INC-20250809-002291,AST-002291-2,Aerial Platform,released,For real lay international size nor try.
INC-20241205-002292,AST-002292-1,Aerial Platform,deployed,Wife scientist mission doctor.
INC-20250810-002293,AST-002293-1,Engine,deployed,Certain section court.
INC-20250810-002293,AST-002293-2,Foam Trailer,deployed,Course any so less style.
INC-20250810-002293,AST-002293-3,Engine,deployed,Pm candidate become.
INC-20250808-002296,AST-002296-1,Ladder,deployed,Choice deal with argue point although.
INC-20251003-002299,AST-002299-1,Aerial Platform,released,Theory back indeed design early today.
INC-20251003-002299,AST-002299-2,Ladder,released,Eat customer follow someone move.
INC-20251003-002299,AST-002299-3,Water Tender,released,Program country scientist hit everyone.
INC-20240828-002302,AST-002302-1,Ladder,staged,Bank game attorney.
INC-20240828-002302,AST-002302-2,Aerial Platform,staged,Job care include old ask.
INC-20251002-002303,AST-002303-1,Ladder,deployed,Tonight much political entire heavy.
INC-20251002-002303,AST-002303-2,Drone,deployed,Rate which stand seat power usually.
INC-20250901-002305,AST-002305-1,Drone,released,Coach past business assume.
INC-20250901-002305,AST-002305-2,Water Tender,deployed,Summer bag gun work.
INC-20250901-002305,AST-002305-3,Foam Trailer,released,Stage old laugh rock station election perhaps.
INC-20250821-002306,AST-002306-1,Ladder,staged,Upon street professor nor.
INC-20250821-002306,AST-002306-2,Drone,released,Leader miss member dark about fall today.
INC-20250730-002310,AST-002310-1,Engine,deployed,Behind available imagine military this since.
INC-20250730-002310,AST-002310-2,Engine,staged,Present break have Congress.
INC-20250730-002310,AST-002310-3,Water Tender,released,Appear agent far war paper.
INC-20250920-002312,AST-002312-1,Aerial Platform,staged,Possible chance machine general operation.
INC-20251014-002319,AST-002319-1,Foam Trailer,deployed,Break production pull operation article.
INC-20251014-002319,AST-002319-2,Foam Trailer,released,Few business step stay employee plant best.
INC-20230402-002321,AST-002321-1,Water Tender,staged,Usually course wonder message role cover.
INC-20230402-002321,AST-002321-2,Foam Trailer,released,Be Democrat explain partner.
INC-20250123-002324,AST-002324-1,Foam Trailer,released,Create commercial media believe.
INC-20250123-002324,AST-002324-2,Engine,deployed,Southern lead performance term son smile deep little.
INC-20250123-002324,AST-002324-3,Foam Trailer,deployed,Hold something simple region leader body.
INC-20250614-002329,AST-002329-1,Ladder,staged,Beautiful under star.
INC-20250803-002330,AST-002330-1,Foam Trailer,deployed,Party team century field.
INC-20250505-002334,AST-002334-1,Engine,deployed,Consumer fight something now financial summer respond.
INC-20241105-002336,AST-002336-1,Water Tender,released,Dinner owner effect music.
INC-20241105-002336,AST-002336-2,Ladder,staged,Trouble cell rule service research fish red.
INC-20241105-002336,AST-002336-3,Water Tender,staged,Big contain all design base bar consumer.
INC-20250405-002339,AST-002339-1,Foam Trailer,released,Up really choose agree region.
INC-20250405-002339,AST-002339-2,Ladder,deployed,Wide scientist when story.
INC-20250405-002339,AST-002339-3,Ladder,deployed,Everybody behind dark certainly short blue.
INC-20241117-002340,AST-002340-1,Water Tender,deployed,Language start various task get south major statement.
INC-20241117-002340,AST-002340-2,Water Tender,released,Improve model face television cover sit.
INC-20241117-002340,AST-002340-3,Drone,released,Perform allow use must.
INC-20250601-002344,AST-002344-1,Ladder,deployed,Network never tax rule interesting family.
INC-20250102-002345,AST-002345-1,Drone,staged,Society behavior southern baby anyone.
INC-20231030-002346,AST-002346-1,Ladder,released,Perhaps total voice medical return heart old.
INC-20231030-002346,AST-002346-2,Ladder,staged,Edge purpose will space carry.
INC-20231030-002346,AST-002346-3,Foam Trailer,released,Especially big human visit issue success.
INC-20250731-002348,AST-002348-1,Ladder,released,Remain soldier watch size.
INC-20250731-002348,AST-002348-2,Ladder,deployed,Garden bill reason teach.
INC-20251013-002352,AST-002352-1,Aerial Platform,deployed,Its southern teach recent today than south agree.
INC-20251013-002352,AST-002352-2,Aerial Platform,released,Newspaper traditional same my last at certain week.
INC-20251013-002352,AST-002352-3,Drone,staged,Mouth enough somebody too.
INC-20250812-002354,AST-002354-1,Ladder,released,Explain eight service business grow expert.
INC-20250812-002354,AST-002354-2,Water Tender,released,Care always garden me guy great.
INC-20250812-002354,AST-002354-3,Foam Trailer,released,Matter world operation safe suddenly morning serve.
INC-20250128-002355,AST-002355-1,Engine,deployed,Tonight bit strong interview.
INC-20250128-002355,AST-002355-2,Engine,released,Information ground before so lay style beyond.
INC-20251022-002359,AST-002359-1,Drone,released,Actually near animal.
INC-20241030-002366,AST-002366-1,Foam Trailer,deployed,Base business shoulder clear image.
INC-20241030-002366,AST-002366-2,Water Tender,released,Single land hospital space road.
INC-20241030-002366,AST-002366-3,Foam Trailer,deployed,Mrs help home baby together.
INC-20251017-002370,AST-002370-1,Drone,released,Particular movement produce suddenly coach couple step.
INC-20251017-002370,AST-002370-2,Aerial Platform,staged,Without step appear require over quickly.
INC-20251017-002370,AST-002370-3,Aerial Platform,staged,Idea throw bag beautiful toward teach.
INC-20250925-002375,AST-002375-1,Ladder,staged,Final wall stop.
INC-20250925-002375,AST-002375-2,Ladder,staged,Reflect consider tend produce.
INC-20250917-002376,AST-002376-1,Water Tender,deployed,Ahead game feel thousand bar kind floor.
INC-20250801-002380,AST-002380-1,Foam Trailer,deployed,Sing special result other network it.
INC-20250801-002380,AST-002380-2,Ladder,deployed,Finish research water success computer.
INC-20250801-002380,AST-002380-3,Engine,released,Much major later bad.
INC-20250824-002386,AST-002386-1,Foam Trailer,deployed,Want need past doctor whom.
INC-20250923-002388,AST-002388-1,Engine,deployed,Instead crime probably major own third.
INC-20250923-002388,AST-002388-2,Foam Trailer,staged,Affect effect large American during across wrong.
INC-20250923-002388,AST-002388-3,Water Tender,staged,Team trouble option only better manage.
INC-20250821-002390,AST-002390-1,Engine,released,Go somebody rise note meet.
INC-20250821-002390,AST-002390-2,Ladder,staged,Personal will glass role.
INC-20250821-002390,AST-002390-3,Ladder,released,Act develop market experience consumer.
INC-20230217-002392,AST-002392-1,Engine,deployed,Laugh loss teach claim.
INC-20230217-002392,AST-002392-2,Drone,staged,Treat current seven month.
INC-20250927-002394,AST-002394-1,Engine,staged,Figure go visit image shake door conference.
INC-20250927-002394,AST-002394-2,Engine,released,Agent Mr if.
INC-20250904-002395,AST-002395-1,Water Tender,deployed,Difficult himself father product fill between call.
INC-20250610-002398,AST-002398-1,Foam Trailer,deployed,Film begin small.
INC-20250610-002398,AST-002398-2,Water Tender,deployed,President newspaper only imagine require expect church.
INC-20251001-002408,AST-002408-1,Aerial Platform,released,Walk Mr example card data.
INC-20251001-002408,AST-002408-2,Water Tender,staged,One operation wear cut effect.
INC-20251008-002409,AST-002409-1,Water Tender,released,First sense identify Mr age man finally.
INC-20251008-002409,AST-002409-2,Engine,released,Story age bit mention impact goal suffer.
INC-20241230-002410,AST-002410-1,Drone,staged,Ball deal direction fast even visit kind.
INC-20250818-002412,AST-002412-1,Water Tender,deployed,Buy couple century race action religious item.
INC-20250818-002412,AST-002412-2,Aerial Platform,deployed,Try despite current door fund role character.
INC-20250818-002412,AST-002412-3,Aerial Platform,deployed,Night which well push history suffer than.
INC-20250913-002413,AST-002413-1,Foam Trailer,deployed,Until less business free mother.
INC-20250913-002413,AST-002413-2,Drone,staged,Once project local course them.
INC-20250913-002413,AST-002413-3,Drone,deployed,About book stock.
INC-20250505-002418,AST-002418-1,Aerial Platform,deployed,Just home ahead growth often.
INC-20250505-002418,AST-002418-2,Aerial Platform,deployed,Collection rule side cup follow.
INC-20250922-002419,AST-002419-1,Water Tender,released,Gun move space room military school our wrong.
INC-20250922-002419,AST-002419-2,Engine,deployed,Give budget herself to worry policy.
INC-20250922-002419,AST-002419-3,Engine,staged,Moment need stand see yourself.
INC-20250903-002420,AST-002420-1,Drone,released,Risk language well professor.
INC-20250903-002420,AST-002420-2,Foam Trailer,released,Conference how step job reason along certainly.
INC-20251007-002430,AST-002430-1,Ladder,released,Tv painting care theory site result.
INC-20251007-002430,AST-002430-2,Aerial Platform,deployed,Watch or he why feeling quite two.
INC-20251007-002430,AST-002430-3,Drone,staged,Improve maybe while difference grow step.
INC-20250222-002437,AST-002437-1,Water Tender,released,Behind rate body help.
INC-20250222-002437,AST-002437-2,Drone,released,Space feeling on trip hotel board writer.
INC-20250222-002437,AST-002437-3,Ladder,deployed,Campaign artist vote mention theory audience theory.
INC-20250309-002444,AST-002444-1,Drone,released,Can itself step peace light.
INC-20250913-002446,AST-002446-1,Ladder,released,Manage same much support morning senior.
INC-20250913-002446,AST-002446-2,Aerial Platform,deployed,Which through indeed medical.
INC-20250907-002447,AST-002447-1,Aerial Platform,staged,Foreign arm former account result occur.
INC-20250918-002448,AST-002448-1,Foam Trailer,deployed,Student well nature central.
INC-20250918-002448,AST-002448-2,Foam Trailer,deployed,Build environmental Democrat either recognize leader worry.
INC-20250918-002448,AST-002448-3,Aerial Platform,staged,Pattern they decision kind my ground nearly example.
INC-20250824-002449,AST-002449-1,Engine,staged,Thousand green here million provide.
INC-20250428-002450,AST-002450-1,Foam Trailer,released,Thank six hit each season.
INC-20250428-002450,AST-002450-2,Aerial Platform,released,Though general federal author.
INC-20250906-002451,AST-002451-1,Aerial Platform,deployed,Tv pull quickly brother former wait.
INC-20250906-002451,AST-002451-2,Drone,released,Area computer Congress defense food sister coach.
INC-20250829-002452,AST-002452-1,Foam Trailer,staged,Recently need surface industry consumer economy.
INC-20241223-002456,AST-002456-1,Drone,released,Know fight may memory woman action phone.
INC-20241223-002456,AST-002456-2,Foam Trailer,released,Dark protect size teacher maybe weight.
INC-20241223-002456,AST-002456-3,Water Tender,deployed,Thank truth these yeah.
INC-20251015-002457,AST-002457-1,Water Tender,deployed,Imagine newspaper left low these.
INC-20241123-002463,AST-002463-1,Drone,released,Describe clear check whose.
INC-20241123-002463,AST-002463-2,Engine,released,Oil every drive reduce name fire.
INC-20221101-002468,AST-002468-1,Aerial Platform,deployed,Debate meet then machine around control apply risk.
INC-20221101-002468,AST-002468-2,Water Tender,deployed,Wait half present board myself wall.
INC-20221101-002468,AST-002468-3,Drone,released,Activity yet present us operation she certain capital.
INC-20250728-002474,AST-002474-1,Ladder,staged,Blue nation say design.
INC-20250728-002474,AST-002474-2,Aerial Platform,deployed,Side there discover also.
INC-20250728-002474,AST-002474-3,Drone,deployed,Position eye try perform.
INC-20250820-002478,AST-002478-1,Drone,released,Billion until eight which cost though activity.
INC-20250822-002480,AST-002480-1,Aerial Platform,released,Pay across safe attorney offer reason.
INC-20250822-002480,AST-002480-2,Drone,released,Necessary dinner physical daughter Republican himself.
INC-20251007-002481,AST-002481-1,Ladder,released,Car exactly read fast up radio level.
INC-20251004-002484,AST-002484-1,Foam Trailer,staged,Image follow rest in he fact threat however.
INC-20251004-002484,AST-002484-2,Drone,deployed,News statement produce glass operation know body.
INC-20230427-002486,AST-002486-1,Water Tender,released,Experience raise especially bank.
INC-20250817-002487,AST-002487-1,Foam Trailer,released,Cover really avoid or.
INC-20241221-002488,AST-002488-1,Ladder,staged,Doctor that fine.
INC-20241221-002488,AST-002488-2,Engine,released,Dinner attorney least pressure.
INC-20241221-002488,AST-002488-3,Foam Trailer,staged,Whom wonder charge ready bag push leader along.
INC-20250906-002497,AST-002497-1,Water Tender,deployed,Four car point.
INC-20250906-002497,AST-002497-2,Water Tender,deployed,Practice we table.
INC-20250912-002502,AST-002502-1,Engine,released,Step find consumer opportunity piece.
INC-20250912-002502,AST-002502-2,Engine,staged,Wait news serve free.
INC-20250920-002505,AST-002505-1,Ladder,released,Sort imagine subject let claim address article itself.
INC-20250920-002505,AST-002505-2,Ladder,staged,Peace start mean site listen home together.
INC-20250920-002505,AST-002505-3,Water Tender,staged,Benefit thus consumer.
INC-20240713-002510,AST-002510-1,Drone,deployed,Up current none star impact admit final exactly.
INC-20250728-002512,AST-002512-1,Engine,released,Lay fact none visit research break none raise.
INC-20250728-002512,AST-002512-2,Aerial Platform,deployed,Good fire exactly music improve area.
INC-20250727-002516,AST-002516-1,Engine,released,Idea until process term than know.
INC-20250923-002519,AST-002519-1,Aerial Platform,released,Computer capital perhaps serve card.
INC-20251007-002521,AST-002521-1,Aerial Platform,deployed,Guess public response majority.
INC-20251007-002521,AST-002521-2,Foam Trailer,released,Raise value me into mother if.
INC-20250919-002532,AST-002532-1,Engine,released,Federal any career rise leg about another.
INC-20250728-002537,AST-002537-1,Engine,staged,Attention role voice line.
INC-20250819-002543,AST-002543-1,Water Tender,deployed,Mission small image fund artist employee top use.
INC-20250819-002543,AST-002543-2,Aerial Platform,deployed,Economy contain herself recognize area find.
INC-20250819-002543,AST-002543-3,Foam Trailer,deployed,Conference open site coach listen cost.
INC-20250811-002544,AST-002544-1,Foam Trailer,staged,Serve especially student organization charge some.
INC-20230911-002545,AST-002545-1,Foam Trailer,staged,Explain TV PM like drop.
INC-20230911-002545,AST-002545-2,Water Tender,deployed,Cost test special mention local direction.
INC-20230130-002547,AST-002547-1,Foam Trailer,staged,Particular personal house area magazine.
INC-20230130-002547,AST-002547-2,Engine,released,Season office set full wide husband those.
INC-20250728-002549,AST-002549-1,Aerial Platform,released,Economic record technology eye worker each nature.
INC-20250728-002549,AST-002549-2,Foam Trailer,released,Audience on more responsibility style.
INC-20250816-002554,AST-002554-1,Foam Trailer,released,Season parent maintain sound.
INC-20250816-002554,AST-002554-2,Engine,staged,Travel between huge.
INC-20250816-002554,AST-002554-3,Foam Trailer,released,Truth study three word them economic according.
INC-20250830-002557,AST-002557-1,Foam Trailer,staged,Coach establish know time several do.
INC-20250830-002557,AST-002557-2,Water Tender,deployed,Inside throughout coach purpose.
INC-20250830-002557,AST-002557-3,Foam Trailer,staged,Tax upon accept little career edge.
INC-20250730-002560,AST-002560-1,Drone,released,Actually case me.
INC-20250411-002563,AST-002563-1,Drone,staged,Similar public almost read.
INC-20250411-002563,AST-002563-2,Foam Trailer,staged,Order natural fine five build age back.
INC-20250811-002564,AST-002564-1,Foam Trailer,staged,Kind mission official.
INC-20250811-002564,AST-002564-2,Foam Trailer,staged,Research long right set something production.
INC-20250811-002564,AST-002564-3,Water Tender,deployed,Health around relate skill.
INC-20241122-002565,AST-002565-1,Foam Trailer,staged,Rest bad might.
INC-20241122-002565,AST-002565-2,Engine,staged,If reflect century memory look age.
INC-20241128-002566,AST-002566-1,Foam Trailer,staged,Energy travel sort window join eye tell.
INC-20250225-002568,AST-002568-1,Engine,deployed,Administration player remember whether sure able.
INC-20250225-002568,AST-002568-2,Ladder,staged,System summer nothing speak.
INC-20250225-002568,AST-002568-3,Drone,released,Spring less another sort teach beautiful home southern.
INC-20251018-002570,AST-002570-1,Aerial Platform,deployed,Attorney tell view most back serious statement.
INC-20251018-002570,AST-002570-2,Engine,staged,Reality game relationship mouth room.
INC-20251018-002570,AST-002570-3,Drone,staged,Similar poor cut system.
INC-20230521-002572,AST-002572-1,Foam Trailer,staged,Almost find idea.
INC-20230521-002572,AST-002572-2,Drone,released,School peace film score.
INC-20230521-002572,AST-002572-3,Foam Trailer,deployed,Style bed method court.
INC-20250913-002573,AST-002573-1,Engine,released,I available green answer Republican every arrive woman.
INC-20240614-002578,AST-002578-1,Ladder,deployed,Thousand door life gun design organization.
INC-20240614-002578,AST-002578-2,Aerial Platform,deployed,Pm now wall fire trip.
INC-20250901-002580,AST-002580-1,Aerial Platform,deployed,Activity recognize understand fly film important front.
INC-20240530-002583,AST-002583-1,Engine,released,Girl guess sing performance father discussion.
INC-20240530-002583,AST-002583-2,Engine,staged,Country him high they before clearly group friend.
INC-20240530-002583,AST-002583-3,Aerial Platform,deployed,Word start win next.
INC-20250913-002584,AST-002584-1,Water Tender,staged,Live letter prove from PM.
INC-20250926-002586,AST-002586-1,Water Tender,deployed,Follow majority analysis.
INC-20250926-002586,AST-002586-2,Water Tender,deployed,Meet knowledge as top discussion role computer.
INC-20250926-002586,AST-002586-3,Aerial Platform,deployed,Remain gun hundred than group education perhaps.
INC-20250806-002590,AST-002590-1,Aerial Platform,released,Him tell family.
INC-20250806-002590,AST-002590-2,Engine,deployed,Lead candidate property all claim night give.
INC-20250731-002591,AST-002591-1,Drone,deployed,Own resource improve charge.
INC-20250731-002591,AST-002591-2,Foam Trailer,released,Address prevent eye fight national reach know stock.
INC-20250731-002591,AST-002591-3,Foam Trailer,staged,Debate will stuff prove.
INC-20240305-002597,AST-002597-1,Ladder,staged,Leader around nation it order happen always.
INC-20240305-002597,AST-002597-2,Foam Trailer,deployed,Unit appear culture idea field bar.
INC-20240305-002597,AST-002597-3,Aerial Platform,deployed,Likely body edge.
INC-20250922-002598,AST-002598-1,Water Tender,deployed,Their kid my he provide way yourself.
INC-20250922-002598,AST-002598-2,Engine,deployed,Soon physical beat pattern method push chance sit.
INC-20251019-002599,AST-002599-1,Drone,deployed,This then series.
INC-20241028-002601,AST-002601-1,Foam Trailer,deployed,Build leader education tax agent court.
INC-20250731-002606,AST-002606-1,Foam Trailer,deployed,Contain arrive letter will political stage form throughout.
INC-20250731-002606,AST-002606-2,Ladder,staged,On realize others establish save season reach.
INC-20250920-002610,AST-002610-1,Foam Trailer,deployed,Rate travel we cause tend ten.
INC-20250730-002614,AST-002614-1,Aerial Platform,released,Chair yourself ask left evening.
INC-20250730-002614,AST-002614-2,Engine,deployed,With deal piece challenge important animal.
INC-20250924-002617,AST-002617-1,Drone,deployed,Senior operation little new effort task mission.
INC-20230226-002619,AST-002619-1,Water Tender,deployed,Top group up person.
INC-20230226-002619,AST-002619-2,Ladder,deployed,Attorney job identify herself stuff southern year.
INC-20250812-002620,AST-002620-1,Drone,released,Force memory unit.
INC-20241206-002627,AST-002627-1,Ladder,released,Charge information business popular sit.
INC-20250503-002629,AST-002629-1,Engine,staged,Leader one bed PM money.
INC-20250503-002629,AST-002629-2,Aerial Platform,deployed,Record director seven miss decision fund.
INC-20250824-002634,AST-002634-1,Aerial Platform,staged,Fill old citizen store.
INC-20250824-002634,AST-002634-2,Engine,released,Data phone heavy purpose enter.
INC-20250811-002639,AST-002639-1,Engine,staged,Air within then expect from member guy.
INC-20250811-002639,AST-002639-2,Engine,staged,Deep somebody camera whose sea win western.
INC-20250811-002639,AST-002639-3,Drone,deployed,Through she carry your whole.
INC-20250919-002644,AST-002644-1,Foam Trailer,deployed,I management hit for agency later.
INC-20250919-002644,AST-002644-2,Ladder,released,Notice discussion campaign everybody.
INC-20250831-002646,AST-002646-1,Ladder,deployed,Win yeah clear million war interesting.
INC-20250831-002646,AST-002646-2,Aerial Platform,released,During yeah probably baby story often.
INC-20250831-002646,AST-002646-3,Drone,deployed,Government suggest let to price citizen enter.
INC-20240822-002647,AST-002647-1,Ladder,deployed,Dog place window something ago trade.
INC-20240822-002647,AST-002647-2,Aerial Platform,staged,Environment have lead parent thing technology rate.
INC-20250906-002649,AST-002649-1,Engine,staged,Fly garden where growth.
INC-20250906-002649,AST-002649-2,Aerial Platform,released,Partner list move section all study series.
INC-20250816-002655,AST-002655-1,Aerial Platform,deployed,Discussion but lose drive image participant much.
INC-20250816-002655,AST-002655-2,Aerial Platform,deployed,Pretty amount hotel speech money exactly.
INC-20241215-002658,AST-002658-1,Drone,released,Another daughter politics kitchen step decide seat.
INC-20250828-002661,AST-002661-1,Drone,deployed,Rather past prevent guess traditional less exist.
INC-20250809-002663,AST-002663-1,Foam Trailer,deployed,Issue friend present design group entire measure receive.
INC-20250809-002663,AST-002663-2,Foam Trailer,released,Fly care somebody image.
INC-20250809-002663,AST-002663-3,Water Tender,released,Person hotel east.
INC-20251017-002665,AST-002665-1,Water Tender,staged,Thank road view political near sort at.
INC-20230212-002667,AST-002667-1,Water Tender,released,Ready whom arrive choose blue month upon.
INC-20250916-002669,AST-002669-1,Engine,staged,Build environment American style.
INC-20250916-002669,AST-002669-2,Engine,released,Establish low field month.
INC-20250916-002669,AST-002669-3,Aerial Platform,released,Against especially talk.
INC-20250831-002671,AST-002671-1,Foam Trailer,staged,Central act smile forward performance.
INC-20250831-002671,AST-002671-2,Drone,released,Brother write million set mother.
INC-20250831-002671,AST-002671-3,Aerial Platform,staged,Will participant hospital vote.
INC-20250826-002675,AST-002675-1,Water Tender,staged,Such morning memory free three black mean.
INC-20250826-002675,AST-002675-2,Engine,released,International experience area bad.
INC-20250826-002675,AST-002675-3,Drone,deployed,Computer example cause great put hand.
INC-20250808-002676,AST-002676-1,Ladder,staged,Trip forget effort particular Democrat enter character.
INC-20250710-002677,AST-002677-1,Engine,deployed,Action event we town pattern.
INC-20250710-002677,AST-002677-2,Engine,staged,All relate actually entire company determine.
INC-20250926-002678,AST-002678-1,Foam Trailer,deployed,Change respond hit few strong miss bill.
INC-20250926-002678,AST-002678-2,Engine,staged,Right cost boy relate.
INC-20230619-002680,AST-002680-1,Engine,deployed,Discuss still peace view score.
INC-20250807-002684,AST-002684-1,Drone,released,Final card worker realize baby article industry history.
INC-20250807-002684,AST-002684-2,Foam Trailer,staged,True across decide new security people.
INC-20250710-002687,AST-002687-1,Engine,staged,Final toward include about character according result deep.
INC-20250312-002688,AST-002688-1,Drone,released,Range push thus reflect.
INC-20250312-002688,AST-002688-2,Foam Trailer,staged,However recognize five majority world.
INC-20250312-002688,AST-002688-3,Aerial Platform,released,Recently others later clearly.
INC-20250725-002694,AST-002694-1,Drone,released,Build computer energy realize.
INC-20250725-002694,AST-002694-2,Foam Trailer,staged,Consider between site news family leader hour.
INC-20250725-002696,AST-002696-1,Drone,deployed,Single account success.
INC-20250725-002696,AST-002696-2,Aerial Platform,staged,Professor write minute realize successful.
INC-20240325-002699,AST-002699-1,Engine,staged,Home operation blood spend wear.
INC-20240325-002699,AST-002699-2,Water Tender,staged,Often lay not there oil hot entire.
INC-20240325-002699,AST-002699-3,Drone,deployed,Difficult easy hear can.
INC-20240124-002700,AST-002700-1,Foam Trailer,staged,Agency huge this white end.
INC-20240917-002701,AST-002701-1,Water Tender,deployed,Fly community open service.
INC-20250903-002710,AST-002710-1,Aerial Platform,staged,Six bed staff exist.
INC-20250903-002710,AST-002710-2,Aerial Platform,deployed,Culture future wear style area.
INC-20250903-002710,AST-002710-3,Engine,staged,Always finish admit investment care man would.
INC-20251009-002715,AST-002715-1,Water Tender,released,Crime moment check modern station.
INC-20241110-002716,AST-002716-1,Water Tender,staged,Wall three site computer would method.
INC-20241110-002716,AST-002716-2,Drone,staged,Vote son appear movie hot stock glass.
INC-20251018-002718,AST-002718-1,Water Tender,released,Health turn level process sister.
INC-20251018-002718,AST-002718-2,Aerial Platform,staged,Like environment southern black skin.
INC-20240622-002719,AST-002719-1,Ladder,deployed,Current actually artist discuss sign.
INC-20250916-002724,AST-002724-1,Engine,released,By green dream occur sort beat collection.
INC-20250916-002724,AST-002724-2,Aerial Platform,deployed,Outside effect recognize side.
INC-20250824-002728,AST-002728-1,Foam Trailer,released,Black Democrat ability beyond carry least particularly.
INC-20250824-002728,AST-002728-2,Engine,staged,Exist follow leg much deal.
INC-20250824-002728,AST-002728-3,Ladder,staged,Article team agree bring.
INC-20251013-002729,AST-002729-1,Drone,released,South like drug situation huge pressure require.
INC-20250828-002730,AST-002730-1,Drone,released,Other behavior treat debate again point.
INC-20250828-002730,AST-002730-2,Foam Trailer,staged,Certain fight interesting successful own performance.
INC-20250828-002730,AST-002730-3,Foam Trailer,deployed,Small now together in interview skill staff anything.
INC-20250420-002731,AST-002731-1,Ladder,deployed,Authority ground sell television.
INC-20250420-002731,AST-002731-2,Engine,released,Attorney develop us.
INC-20250420-002731,AST-002731-3,Aerial Platform,staged,Meet partner after Congress economy get add.
INC-20250914-002733,AST-002733-1,Water Tender,staged,Game rather student other structure agent success.
INC-20250914-002733,AST-002733-2,Engine,deployed,Challenge political likely draw apply.
INC-20250719-002734,AST-002734-1,Water Tender,released,Recent word himself before.
INC-20250719-002734,AST-002734-2,Drone,deployed,Describe change share close.
INC-20250719-002734,AST-002734-3,Water Tender,released,Pass culture shake memory.
INC-20250309-002735,AST-002735-1,Drone,released,Hear great husband expect also fear method.
INC-20240421-002741,AST-002741-1,Engine,released,Again thing agency game film.
INC-20240421-002741,AST-002741-2,Foam Trailer,released,Treat there action member particular.
INC-20241129-002742,AST-002742-1,Aerial Platform,staged,Nice million enter yard occur behavior.
INC-20250901-002745,AST-002745-1,Water Tender,staged,Happy live trouble.
INC-20250901-002745,AST-002745-2,Foam Trailer,released,Glass though realize.
INC-20250831-002746,AST-002746-1,Foam Trailer,released,This trial itself quite surface which.
INC-20250831-002746,AST-002746-2,Drone,staged,Couple serious year nearly knowledge.
INC-20251012-002751,AST-002751-1,Engine,released,Station source should finally person avoid.
INC-20251012-002751,AST-002751-2,Engine,deployed,Eye fear job put ok floor key.
INC-20251012-002751,AST-002751-3,Aerial Platform,deployed,Happy there goal.
INC-20250906-002752,AST-002752-1,Aerial Platform,deployed,Accept tonight miss both other suffer.
INC-20250906-002752,AST-002752-2,Aerial Platform,staged,Instead nor specific let never walk.
INC-20250906-002752,AST-002752-3,Aerial Platform,released,Few mean wish visit.
INC-20250817-002753,AST-002753-1,Foam Trailer,released,Smile have back image strong fear pattern.
INC-20250929-002754,AST-002754-1,Aerial Platform,staged,Like other tonight likely represent save.
INC-20250929-002754,AST-002754-2,Aerial Platform,deployed,Stage push bar more.
INC-20250512-002755,AST-002755-1,Water Tender,released,Every relationship behavior response seek.
INC-20250512-002755,AST-002755-2,Ladder,deployed,Example history run energy require real nice.
INC-20250512-002755,AST-002755-3,Foam Trailer,staged,Must alone against dream red.
INC-20251010-002757,AST-002757-1,Ladder,staged,Upon edge consumer body tend tough.
INC-20251010-002757,AST-002757-2,Water Tender,released,Society action middle.
INC-20250926-002764,AST-002764-1,Drone,staged,Close bar not.
INC-20250926-002764,AST-002764-2,Aerial Platform,staged,Serve area level time every beyond left prove.
INC-20250926-002764,AST-002764-3,Foam Trailer,released,Put candidate speak one use on.
INC-20250804-002768,AST-002768-1,Water Tender,deployed,Take show leader method pretty star risk music.
INC-20251017-002770,AST-002770-1,Engine,deployed,Meet big run often.
INC-20251017-002770,AST-002770-2,Foam Trailer,released,Reason know thousand outside four among any.
INC-20251017-002770,AST-002770-3,Engine,staged,Natural piece beyond season determine throughout discuss.
INC-20251003-002772,AST-002772-1,Drone,deployed,Only democratic people responsibility city.
INC-20251003-002772,AST-002772-2,Aerial Platform,staged,Magazine decision property worker.
INC-20250920-002774,AST-002774-1,Drone,released,Society financial figure bank sit free.
INC-20250920-002774,AST-002774-2,Aerial Platform,deployed,Human medical family if pressure mouth effect key.
INC-20250920-002774,AST-002774-3,Ladder,staged,Start wife visit drug address.
INC-20250817-002776,AST-002776-1,Ladder,released,Account who center mother campaign.
INC-20251005-002782,AST-002782-1,Water Tender,staged,Each employee charge middle show teach other purpose.
INC-20251005-002782,AST-002782-2,Foam Trailer,deployed,Executive available law age board avoid service stand.
INC-20251005-002782,AST-002782-3,Foam Trailer,deployed,Energy take floor health range style call draw.
INC-20250503-002783,AST-002783-1,Drone,deployed,Mrs former response foot exactly.
INC-20250503-002783,AST-002783-2,Foam Trailer,released,Democrat traditional training north light.
INC-20250503-002783,AST-002783-3,Engine,deployed,Describe same understand the example important arrive teacher.
INC-20241205-002787,AST-002787-1,Aerial Platform,released,None area painting from budget.
INC-20241205-002787,AST-002787-2,Aerial Platform,deployed,Report both action according.
INC-20241205-002787,AST-002787-3,Ladder,released,Safe understand sport cold number admit three size.
INC-20251007-002790,AST-002790-1,Water Tender,deployed,Rule senior kid seven third also financial.
INC-20251007-002790,AST-002790-2,Engine,staged,Mouth knowledge effort.
INC-20251007-002790,AST-002790-3,Water Tender,staged,Occur population professor lot course.
INC-20230920-002791,AST-002791-1,Ladder,staged,Economy simply kitchen once interview reach despite us.
INC-20230920-002791,AST-002791-2,Drone,deployed,Candidate reflect guess thank bad song.
INC-20241218-002792,AST-002792-1,Ladder,deployed,Low fear daughter almost culture.
INC-20241128-002793,AST-002793-1,Foam Trailer,released,Human different reality quite style animal other.
INC-20241128-002793,AST-002793-2,Ladder,staged,Really likely development second ahead choice pressure.
INC-20250427-002796,AST-002796-1,Ladder,released,Consumer page interesting week.
INC-20250427-002796,AST-002796-2,Foam Trailer,deployed,Person yourself structure.
INC-20241211-002805,AST-002805-1,Engine,released,Charge ground order challenge talk data.
INC-20250926-002811,AST-002811-1,Foam Trailer,staged,None worry character.
INC-20250926-002811,AST-002811-2,Water Tender,released,Individual leg unit listen network Democrat.
INC-20250802-002813,AST-002813-1,Aerial Platform,deployed,Specific single benefit federal.
INC-20250802-002813,AST-002813-2,Aerial Platform,staged,Wind question will mission some be.
INC-20250802-002813,AST-002813-3,Water Tender,released,Fight early draw house interesting expect both.
INC-20250909-002816,AST-002816-1,Aerial Platform,staged,Own who model great perform on.
INC-20250909-002816,AST-002816-2,Aerial Platform,staged,Section subject on those public natural modern.
INC-20250909-002816,AST-002816-3,Aerial Platform,released,Environmental vote something traditional.
INC-20251019-002817,AST-002817-1,Aerial Platform,staged,Begin position because section get develop oil.
INC-20250909-002819,AST-002819-1,Ladder,staged,Painting law fish prove spring drug allow board.
INC-20240107-002822,AST-002822-1,Drone,released,Article fire sound.
INC-20240107-002822,AST-002822-2,Engine,released,Ground while ask attorney water must.
INC-20241224-002825,AST-002825-1,Water Tender,deployed,Culture will room three glass.
INC-20250813-002831,AST-002831-1,Ladder,staged,Action understand physical year.
INC-20250813-002831,AST-002831-2,Ladder,released,Sure defense history have various character.
INC-20250813-002831,AST-002831-3,Foam Trailer,released,None receive top yes attorney myself.
INC-20250521-002834,AST-002834-1,Ladder,released,Mention ball community when.
INC-20250521-002834,AST-002834-2,Drone,staged,Positive pull ok affect avoid score today different.
INC-20250406-002836,AST-002836-1,Aerial Platform,deployed,Staff without seek before his.
INC-20250406-002836,AST-002836-2,Water Tender,staged,Detail buy door ability part fill now.
INC-20250407-002837,AST-002837-1,Water Tender,deployed,Address off reflect family record family.
INC-20240901-002838,AST-002838-1,Ladder,released,Choice data child on our.
INC-20250409-002841,AST-002841-1,Foam Trailer,released,Teacher law structure third him professional sit.
INC-20250727-002844,AST-002844-1,Engine,staged,On local world small machine.
INC-20250220-002845,AST-002845-1,Aerial Platform,released,Apply truth represent tend son him bit.
INC-20250220-002845,AST-002845-2,Drone,released,Community pick agency dinner task born door.
INC-20250220-002845,AST-002845-3,Aerial Platform,released,Claim against before.
INC-20251020-002846,AST-002846-1,Foam Trailer,staged,Goal through individual.
INC-20251020-002846,AST-002846-2,Drone,deployed,Five Mrs no.
INC-20250812-002848,AST-002848-1,Drone,deployed,Not also you glass kind country blue.
INC-20250812-002848,AST-002848-2,Aerial Platform,staged,Mrs because hear nor.
INC-20251017-002849,AST-002849-1,Aerial Platform,staged,Marriage old man.
INC-20250724-002850,AST-002850-1,Foam Trailer,staged,Year tax special provide present early indeed.
INC-20250724-002850,AST-002850-2,Drone,staged,Nor management exist black happy for economy direction.
INC-20240413-002852,AST-002852-1,Foam Trailer,staged,Also peace fall so guy.
INC-20250925-002855,AST-002855-1,Drone,released,Recently store of audience will along professional.
INC-20250805-002856,AST-002856-1,Water Tender,released,Community add the skill.
INC-20250805-002856,AST-002856-2,Drone,deployed,At claim others player official really.
INC-20250213-002857,AST-002857-1,Water Tender,released,Accept notice long bit few about.
INC-20250213-002857,AST-002857-2,Water Tender,staged,Watch field base degree everyone build blood discover.
INC-20250901-002861,AST-002861-1,Foam Trailer,staged,Capital arrive study free her cause.
INC-20250903-002863,AST-002863-1,Aerial Platform,released,My pick make score expect think.
INC-20250815-002864,AST-002864-1,Ladder,deployed,Weight face fish toward mouth.
INC-20250815-002864,AST-002864-2,Drone,staged,Manager positive behavior could head lose.
INC-20250331-002869,AST-002869-1,Ladder,deployed,Plan entire several among near our where significant.
INC-20250331-002869,AST-002869-2,Foam Trailer,released,Commercial agree sea actually.
INC-20250525-002870,AST-002870-1,Engine,deployed,Instead fly seat herself almost.
INC-20250525-002870,AST-002870-2,Foam Trailer,deployed,Similar provide suddenly total person necessary.
INC-20241219-002871,AST-002871-1,Ladder,released,Activity American deal perhaps employee spring.
INC-20241219-002871,AST-002871-2,Aerial Platform,staged,School stay arrive out assume fish risk choose.
INC-20241219-002871,AST-002871-3,Ladder,staged,Whole sound culture would.
INC-20250802-002872,AST-002872-1,Aerial Platform,staged,Few hour kitchen indicate.
INC-20250802-002872,AST-002872-2,Foam Trailer,deployed,Painting economic ground heavy something.
INC-20250801-002875,AST-002875-1,Drone,released,Order establish southern in drop establish.
INC-20251010-002877,AST-002877-1,Water Tender,deployed,Color debate seek.
INC-20251010-002877,AST-002877-2,Foam Trailer,released,Dream case information forward.
INC-20241022-002880,AST-002880-1,Ladder,released,Public line method together offer point.
INC-20241022-002880,AST-002880-2,Drone,deployed,Plant financial benefit.
INC-20251018-002883,AST-002883-1,Aerial Platform,deployed,Team authority life now theory live.
INC-20251018-002883,AST-002883-2,Water Tender,deployed,Tax population art magazine.
INC-20251018-002883,AST-002883-3,Aerial Platform,released,Election use my range laugh likely.
INC-20250817-002887,AST-002887-1,Drone,deployed,Skin cultural manage finally.
INC-20250817-002887,AST-002887-2,Aerial Platform,deployed,Its level from dark rise.
INC-20250817-002887,AST-002887-3,Drone,staged,Drop level administration play value race.
INC-20250519-002888,AST-002888-1,Water Tender,deployed,Last candidate task message blood production factor.
INC-20250519-002888,AST-002888-2,Ladder,deployed,Stand step enter discover note region likely.
INC-20250519-002888,AST-002888-3,Foam Trailer,released,Democratic do special candidate.
INC-20250727-002889,AST-002889-1,Engine,staged,Toward life effect effort common star player.
INC-20251002-002891,AST-002891-1,Aerial Platform,released,Increase behind none total.
INC-20251002-002891,AST-002891-2,Foam Trailer,released,Agree science single they.
INC-20241227-002894,AST-002894-1,Drone,deployed,Deep south safe wind represent let.
INC-20241227-002894,AST-002894-2,Aerial Platform,released,Really marriage yes issue building over.
INC-20250805-002899,AST-002899-1,Engine,staged,Feel man manage once special case.
INC-20250805-002899,AST-002899-2,Ladder,released,Law shoulder character budget provide.
INC-20250805-002899,AST-002899-3,Aerial Platform,staged,Get miss agent material.
INC-20250908-002900,AST-002900-1,Foam Trailer,staged,Check statement bed read mission choice seven perhaps.
INC-20250908-002900,AST-002900-2,Aerial Platform,deployed,Return from mention enough father.
INC-20250902-002904,AST-002904-1,Water Tender,released,Each child receive father whom establish by.
INC-20250902-002904,AST-002904-2,Ladder,released,Eat front in popular since theory.
INC-20250902-002904,AST-002904-3,Ladder,deployed,Charge detail lose many discuss sea seek.
INC-20250805-002905,AST-002905-1,Engine,staged,Rock those ago he walk information movement.
INC-20250805-002905,AST-002905-2,Water Tender,released,Difficult move especially show.
INC-20250805-002905,AST-002905-3,Aerial Platform,released,Production author level.
INC-20240916-002920,AST-002920-1,Ladder,deployed,Piece ready require future how student ball film.
INC-20240916-002920,AST-002920-2,Water Tender,staged,Share body better sing herself rock.
INC-20240916-002920,AST-002920-3,Water Tender,released,On performance both particular significant reflect.
INC-20251013-002925,AST-002925-1,Ladder,staged,Specific program travel relate financial economic.
INC-20251013-002925,AST-002925-2,Aerial Platform,deployed,Senior much natural address PM option.
INC-20250903-002929,AST-002929-1,Drone,deployed,Eye huge risk east.
INC-20250903-002929,AST-002929-2,Drone,staged,Form admit how there upon interesting.
INC-20240513-002937,AST-002937-1,Ladder,released,Rise friend size value even.
INC-20240513-002937,AST-002937-2,Aerial Platform,staged,Together official city bar and.
INC-20251021-002939,AST-002939-1,Water Tender,deployed,Director drive organization action without allow.
INC-20251021-002939,AST-002939-2,Foam Trailer,staged,Near could professor customer.
INC-20240424-002940,AST-002940-1,Drone,released,Religious call huge live will.
INC-20240424-002940,AST-002940-2,Water Tender,staged,Back machine state security read.
INC-20250905-002942,AST-002942-1,Drone,staged,Admit thought room.
INC-20251012-002944,AST-002944-1,Aerial Platform,staged,Great step foreign east however probably from though.
INC-20250908-002947,AST-002947-1,Engine,staged,Capital sister last cultural join nearly guy.
INC-20250909-002951,AST-002951-1,Engine,released,Easy especially education region Mr.
INC-20241102-002952,AST-002952-1,Foam Trailer,released,Seven account threat more our parent money.
INC-20241102-002952,AST-002952-2,Aerial Platform,released,Necessary live truth six heart part smile.
INC-20241102-002952,AST-002952-3,Foam Trailer,deployed,Understand score available human top reflect theory enter.
INC-20250924-002953,AST-002953-1,Water Tender,deployed,Room far challenge traditional open.
INC-20250924-002953,AST-002953-2,Aerial Platform,staged,Eight decide main stage teach.
INC-20250924-002953,AST-002953-3,Ladder,staged,Important majority heart five space.
INC-20250804-002957,AST-002957-1,Foam Trailer,released,Worker small college course fear act.
INC-20250804-002957,AST-002957-2,Aerial Platform,released,Rise traditional between they fire develop include.
INC-20250804-002957,AST-002957-3,Engine,staged,Make keep drop consumer goal.
INC-20250927-002959,AST-002959-1,Drone,staged,Main if economic true.
INC-20250927-002959,AST-002959-2,Aerial Platform,released,Factor trip language.
INC-20250927-002959,AST-002959-3,Aerial Platform,released,Figure create whose by.
INC-20240708-002963,AST-002963-1,Ladder,released,Film necessary summer list ready popular.
INC-20240708-002963,AST-002963-2,Water Tender,released,Quite loss series wish media such note.
INC-20231007-002966,AST-002966-1,Drone,deployed,Kind four room.
INC-20231007-002966,AST-002966-2,Engine,staged,Environment statement poor.
INC-20231007-002966,AST-002966-3,Foam Trailer,released,Even city help campaign tend keep later happen.
INC-20250904-002968,AST-002968-1,Engine,staged,Surface employee life strong than buy.
INC-20250904-002968,AST-002968-2,Engine,released,Seven prepare back mouth level main administration.
INC-20250904-002968,AST-002968-3,Ladder,released,Event exactly involve voice yeah realize difference.
INC-20250807-002970,AST-002970-1,Aerial Platform,released,Reality economy animal really all case with.
INC-20250807-002970,AST-002970-2,Aerial Platform,released,Either then already sister.
INC-20250807-002970,AST-002970-3,Engine,staged,Beat economic mother seek my author new.
INC-20251018-002973,AST-002973-1,Drone,staged,Receive worker table letter detail well catch budget.
INC-20251018-002973,AST-002973-2,Foam Trailer,staged,Center trial direction.
INC-20250720-002975,AST-002975-1,Water Tender,deployed,Magazine use thing quite occur mind.
INC-20250720-002975,AST-002975-2,Drone,staged,Offer result some sister high require move.
INC-20250924-002979,AST-002979-1,Foam Trailer,released,Sign ability customer word.
INC-20250924-002979,AST-002979-2,Foam Trailer,released,No dog write you foreign follow.
INC-20241110-002989,AST-002989-1,Engine,released,Mind another side.
INC-20250905-002993,AST-002993-1,Foam Trailer,deployed,Theory woman large.
INC-20250915-002995,AST-002995-1,Water Tender,released,Seven trouble set blood less four knowledge movie.
INC-20250915-002995,AST-002995-2,Engine,deployed,Travel he doctor catch.
INC-20250218-002998,AST-002998-1,Drone,deployed,Field subject matter none language.
INC-20251009-003005,AST-003005-1,Foam Trailer,released,Able above special someone number.
INC-20250828-003006,AST-003006-1,Drone,released,Live become on.
INC-20250828-003006,AST-003006-2,Drone,staged,Real reach employee seven.
INC-20250914-003008,AST-003008-1,Drone,deployed,Woman student way rule create just ten.
INC-20250928-003009,AST-003009-1,Aerial Platform,released,Find development mission across.
INC-20250928-003009,AST-003009-2,Foam Trailer,deployed,Toward well or show.
INC-20251016-003012,AST-003012-1,Ladder,staged,While how successful memory.
INC-20251016-003012,AST-003012-2,Ladder,released,Nearly church trouble direction list black.
INC-20221027-003016,AST-003016-1,Water Tender,staged,Exist return believe effort.
INC-20250807-003017,AST-003017-1,Aerial Platform,staged,Skin tax training left shoulder generation TV.
INC-20250807-003017,AST-003017-2,Foam Trailer,deployed,Class media style agency board policy.
INC-20250910-003020,AST-003020-1,Ladder,released,Hair then anyone vote.
INC-20250910-003020,AST-003020-2,Water Tender,released,Never former simple we thank cold bar house.
INC-20250910-003020,AST-003020-3,Foam Trailer,released,Scientist knowledge want skin.
INC-20250926-003021,AST-003021-1,Ladder,staged,White particular house grow music financial.
INC-20250926-003021,AST-003021-2,Drone,deployed,Tv him recently support major.
INC-20250926-003021,AST-003021-3,Engine,deployed,Job participant woman ten now around challenge.
INC-20251020-003024,AST-003024-1,Engine,deployed,Outside TV such form like her.
INC-20250818-003029,AST-003029-1,Water Tender,deployed,Baby go return hand newspaper.
INC-20250818-003029,AST-003029-2,Drone,staged,News try wait wall.
INC-20250818-003029,AST-003029-3,Engine,released,Edge forward cost member leave happen experience.
INC-20251012-003032,AST-003032-1,Water Tender,released,Perhaps rock positive grow technology despite else.
INC-20251012-003032,AST-003032-2,Foam Trailer,staged,Receive claim if job.
INC-20251012-003032,AST-003032-3,Aerial Platform,deployed,Benefit often one particular evening bed either.
INC-20250519-003035,AST-003035-1,Engine,staged,At trade region contain red ahead light.
INC-20250519-003035,AST-003035-2,Drone,staged,Simple purpose themselves method their.
INC-20250519-003035,AST-003035-3,Ladder,released,Today agency change be.
INC-20230829-003036,AST-003036-1,Ladder,released,Item throw political success hand they.
INC-20230829-003036,AST-003036-2,Foam Trailer,deployed,Foreign from cultural threat wrong.
INC-20230829-003036,AST-003036-3,Aerial Platform,staged,Pattern environment notice.
INC-20251009-003037,AST-003037-1,Engine,staged,Commercial bit something little first great.
INC-20251009-003037,AST-003037-2,Aerial Platform,staged,Successful accept mean need pass laugh degree.
INC-20250130-003039,AST-003039-1,Ladder,released,Official quite choice hard free future memory.
INC-20250824-003040,AST-003040-1,Aerial Platform,released,Onto question various floor.
INC-20250824-003040,AST-003040-2,Water Tender,deployed,Thus white resource adult sign.
INC-20240910-003042,AST-003042-1,Aerial Platform,deployed,I pay perhaps manage realize feel cost.
INC-20240910-003042,AST-003042-2,Ladder,staged,Nothing garden once down.
INC-20250426-003046,AST-003046-1,Water Tender,deployed,Accept generation federal down development hand nothing system.
INC-20251006-003047,AST-003047-1,Drone,staged,Score wait evidence his hit society.
INC-20251006-003047,AST-003047-2,Foam Trailer,released,Gas rich which purpose very.
INC-20251006-003047,AST-003047-3,Ladder,released,Where nothing key operation.
INC-20241020-003050,AST-003050-1,Water Tender,staged,Within window teach lot Mrs.
INC-20241020-003050,AST-003050-2,Aerial Platform,staged,Foot upon charge there yeah role rather.
INC-20241020-003050,AST-003050-3,Foam Trailer,staged,Thousand management range effect off this one.
INC-20241201-003053,AST-003053-1,Aerial Platform,staged,Make try forget visit trade allow.
INC-20241201-003053,AST-003053-2,Ladder,released,Him player marriage.
INC-20241201-003053,AST-003053-3,Drone,released,Student figure hard support production street loss wall.
INC-20250811-003061,AST-003061-1,Drone,staged,Cultural show field democratic involve.
INC-20250811-003061,AST-003061-2,Foam Trailer,deployed,Why sense determine market together society plan.
INC-20240305-003062,AST-003062-1,Drone,released,Whatever week type herself tell.
INC-20240305-003062,AST-003062-2,Ladder,released,Create reality test serious.
INC-20250802-003067,AST-003067-1,Drone,released,Adult them western race get imagine game.
INC-20250424-003070,AST-003070-1,Engine,staged,Hotel whose about source writer finish recent.
INC-20250905-003074,AST-003074-1,Engine,released,Laugh cause agent edge push take.
INC-20250905-003074,AST-003074-2,Foam Trailer,deployed,Sign go help it or home newspaper rule.
INC-20250905-003074,AST-003074-3,Water Tender,deployed,Analysis popular help generation radio have miss black.
INC-20230523-003080,AST-003080-1,Water Tender,deployed,Suddenly somebody suddenly behavior read consumer campaign.
INC-20230523-003080,AST-003080-2,Ladder,deployed,Chair rise result lose close impact computer.
INC-20250907-003082,AST-003082-1,Drone,staged,Citizen address field far data movie campaign six.
INC-20250907-003082,AST-003082-2,Engine,deployed,Town but sure own.
INC-20241227-003083,AST-003083-1,Foam Trailer,released,Onto hope business change.
INC-20241227-003083,AST-003083-2,Ladder,staged,Stock movement space garden weight opportunity red.
INC-20241227-003083,AST-003083-3,Aerial Platform,released,Difficult party material conference interview.
INC-20250726-003088,AST-003088-1,Drone,released,Have reach water hit remain step start outside.
INC-20250616-003097,AST-003097-1,Drone,deployed,Every body wish set.
INC-20250616-003097,AST-003097-2,Foam Trailer,staged,Could writer million system want.
INC-20250616-003097,AST-003097-3,Engine,deployed,Fly person agent across particularly.
INC-20251018-003099,AST-003099-1,Engine,staged,Short do sign citizen could.
INC-20251018-003099,AST-003099-2,Water Tender,released,Its already laugh build personal sister there.
INC-20230820-003100,AST-003100-1,Water Tender,released,Social Democrat unit lot behind fact their.
INC-20230820-003100,AST-003100-2,Ladder,deployed,Both people girl.
INC-20230820-003100,AST-003100-3,Ladder,released,Cold father show pick several water lot.
INC-20250728-003103,AST-003103-1,Engine,deployed,Art fish tree toward my.
INC-20250816-003104,AST-003104-1,Foam Trailer,released,Unit level issue add close others.
INC-20250816-003104,AST-003104-2,Water Tender,released,Man experience last example there street glass.
INC-20250816-003104,AST-003104-3,Foam Trailer,deployed,Heart how almost sit analysis fill our effect.
INC-20250921-003107,AST-003107-1,Drone,staged,Though serious suddenly sure same whether floor.
INC-20250921-003107,AST-003107-2,Ladder,staged,Throughout however us laugh off relationship.
INC-20250705-003108,AST-003108-1,Aerial Platform,released,Big join thought information both sign.
INC-20250705-003108,AST-003108-2,Foam Trailer,staged,Civil role sport blue art offer page affect.
INC-20250705-003108,AST-003108-3,Aerial Platform,released,Be wind sometimes drive imagine.
INC-20250209-003109,AST-003109-1,Drone,staged,Home compare everything.
INC-20241104-003111,AST-003111-1,Ladder,released,Firm computer natural develop.
INC-20241104-003111,AST-003111-2,Engine,released,Form whom right return seven home.
INC-20241111-003114,AST-003114-1,Foam Trailer,staged,Even whole challenge dark little fast finish.
INC-20241025-003116,AST-003116-1,Engine,released,Represent camera two return.
INC-20250404-003120,AST-003120-1,Engine,released,Son half use success.
INC-20250404-003120,AST-003120-2,Aerial Platform,deployed,Look heavy rich grow now consider year.
INC-20250726-003122,AST-003122-1,Engine,released,Participant outside actually seat throw person.
INC-20250726-003122,AST-003122-2,Aerial Platform,staged,Career through sure free price.
INC-20250726-003122,AST-003122-3,Aerial Platform,staged,Large front open who never break really coach.
INC-20250724-003123,AST-003123-1,Foam Trailer,deployed,History these study score personal may individual.
INC-20240308-003124,AST-003124-1,Water Tender,deployed,Model deal throw star.
INC-20250129-003126,AST-003126-1,Water Tender,staged,May foreign individual middle several.
INC-20250129-003126,AST-003126-2,Water Tender,staged,Physical could product however factor major economy.
INC-20250929-003127,AST-003127-1,Aerial Platform,released,Fill people right rise half.
INC-20250929-003127,AST-003127-2,Engine,released,About travel leave west grow.
INC-20250715-003132,AST-003132-1,Drone,deployed,Debate avoid describe somebody wind six traditional soldier.
INC-20250715-003132,AST-003132-2,Foam Trailer,released,Point race concern take.
INC-20250715-003132,AST-003132-3,Engine,staged,Reality indicate deep record employee decision well consumer.
INC-20250128-003133,AST-003133-1,Engine,released,Fill arm feel member account.
INC-20250128-003133,AST-003133-2,Foam Trailer,deployed,Grow event science along several single.
INC-20250128-003133,AST-003133-3,Engine,staged,Protect five heart fight first husband.
INC-20250811-003134,AST-003134-1,Water Tender,deployed,Moment anything civil.
INC-20250101-003135,AST-003135-1,Water Tender,deployed,Support safe require along scene.
INC-20250101-003135,AST-003135-2,Engine,staged,Scientist together enough audience.
INC-20250728-003136,AST-003136-1,Ladder,staged,Policy ever every behavior light seven artist.
INC-20250728-003136,AST-003136-2,Drone,released,Administration outside owner again purpose choice.
INC-20250728-003136,AST-003136-3,Water Tender,released,Own back upon sign.
INC-20251021-003137,AST-003137-1,Aerial Platform,staged,Happen family per relate.
INC-20251021-003137,AST-003137-2,Ladder,released,Stage audience myself world today boy.
INC-20251021-003137,AST-003137-3,Water Tender,staged,Modern method wait.
INC-20251016-003147,AST-003147-1,Foam Trailer,released,Partner why rock.
INC-20250311-003148,AST-003148-1,Foam Trailer,staged,Mention whether he environmental officer feeling.
INC-20250311-003148,AST-003148-2,Aerial Platform,staged,Million wide police floor.
INC-20250311-003148,AST-003148-3,Ladder,staged,Three single various.
INC-20250111-003149,AST-003149-1,Engine,staged,In task that southern reflect few.
INC-20250111-003149,AST-003149-2,Water Tender,staged,Produce early support remain everyone already firm.
INC-20250806-003154,AST-003154-1,Aerial Platform,staged,House bag old fly direction.
INC-20241211-003162,AST-003162-1,Ladder,released,Allow medical sense moment agreement list.
INC-20250529-003167,AST-003167-1,Drone,deployed,Cultural condition threat set weight yourself.
INC-20250529-003167,AST-003167-2,Aerial Platform,staged,Just others debate image listen build threat.
INC-20250529-003167,AST-003167-3,Drone,staged,Affect network growth project minute election everybody.
INC-20250907-003168,AST-003168-1,Ladder,released,Entire hand argue on buy.
INC-20250907-003168,AST-003168-2,Drone,released,Bring though head Mr practice rather another.
INC-20250907-003168,AST-003168-3,Drone,released,Write from walk maybe address catch tell each.
INC-20250728-003169,AST-003169-1,Foam Trailer,deployed,Mention clear fact major Congress upon.
INC-20250728-003169,AST-003169-2,Drone,deployed,Who west seven investment board television.
INC-20250824-003171,AST-003171-1,Ladder,deployed,Cause site wind next west.
INC-20250824-003171,AST-003171-2,Drone,staged,Old modern stay agent able agree box.
INC-20250824-003171,AST-003171-3,Aerial Platform,deployed,Call agent rock.
INC-20251015-003172,AST-003172-1,Ladder,staged,Specific give take trouble try.
INC-20250923-003173,AST-003173-1,Drone,released,Her charge quickly without hold seem society.
INC-20250923-003173,AST-003173-2,Aerial Platform,deployed,Soon show data marriage candidate note.
INC-20250907-003174,AST-003174-1,Aerial Platform,deployed,Assume away campaign fund nice effort.
INC-20250907-003174,AST-003174-2,Foam Trailer,released,To student growth box able hair hour.
INC-20251014-003176,AST-003176-1,Engine,staged,Glass common sure new.
INC-20240603-003181,AST-003181-1,Aerial Platform,released,Billion soldier animal spring.
INC-20240603-003181,AST-003181-2,Aerial Platform,staged,Not science four go.
INC-20251022-003183,AST-003183-1,Water Tender,staged,Chance foreign mother factor on that.
INC-20251022-003183,AST-003183-2,Ladder,staged,Born husband tough ability.
INC-20250909-003184,AST-003184-1,Ladder,staged,Institution American fund than sell discuss.
INC-20250909-003184,AST-003184-2,Aerial Platform,staged,Care traditional claim clearly teacher he consumer.
INC-20251001-003188,AST-003188-1,Foam Trailer,deployed,Subject say point purpose cost.
INC-20251001-003188,AST-003188-2,Engine,staged,Local material rise agree.
INC-20251001-003188,AST-003188-3,Ladder,released,Travel green source many until mention.
INC-20250617-003190,AST-003190-1,Aerial Platform,deployed,Role side program southern real pretty moment.
INC-20250617-003190,AST-003190-2,Aerial Platform,deployed,Of speak nice throw particular per daughter.
INC-20250816-003193,AST-003193-1,Ladder,staged,Attention laugh thank nor bill certainly coach.
INC-20250816-003193,AST-003193-2,Aerial Platform,released,Population company big just.
INC-20250816-003193,AST-003193-3,Engine,deployed,However in happen miss study.
INC-20250307-003203,AST-003203-1,Foam Trailer,staged,Trial identify respond seven dinner.
INC-20250307-003203,AST-003203-2,Ladder,staged,Myself fact time instead worry decade agreement.
INC-20250307-003203,AST-003203-3,Water Tender,staged,Type fast four real word thing reason.
INC-20221113-003206,AST-003206-1,Aerial Platform,staged,Half still cause foreign represent.
INC-20221113-003206,AST-003206-2,Engine,released,Month range whether prove successful fine class live.
INC-20240721-003208,AST-003208-1,Drone,released,Institution wall win respond.
INC-20240721-003208,AST-003208-2,Ladder,staged,Minute bank generation big hot space production next.
INC-20240721-003208,AST-003208-3,Ladder,staged,Position born level character several break.
INC-20250804-003212,AST-003212-1,Foam Trailer,deployed,Indicate campaign include for trip arrive.
INC-20250804-003212,AST-003212-2,Aerial Platform,deployed,Central cell today arm activity nearly.
INC-20250804-003212,AST-003212-3,Drone,released,Drive born agreement discuss skill.
INC-20250911-003213,AST-003213-1,Ladder,deployed,Your they bank.
INC-20250911-003213,AST-003213-2,Drone,staged,Perhaps budget beautiful stand.
INC-20250911-003213,AST-003213-3,Water Tender,deployed,Newspaper drug necessary door.
INC-20250805-003215,AST-003215-1,Foam Trailer,released,Notice give low than author Democrat join.
INC-20250920-003216,AST-003216-1,Drone,staged,She month be family mean use system fire.
INC-20250920-003216,AST-003216-2,Engine,staged,Move where happen bill.
INC-20250920-003216,AST-003216-3,Foam Trailer,staged,Modern lead test goal rate than.
INC-20250920-003217,AST-003217-1,Ladder,deployed,Until happy seek property represent open.
INC-20250918-003218,AST-003218-1,Engine,deployed,Production Republican here these growth attention.
INC-20250918-003218,AST-003218-2,Drone,staged,Official lay fish social scientist we kitchen lot.
INC-20250816-003223,AST-003223-1,Water Tender,staged,I even address collection land race employee.
INC-20251010-003224,AST-003224-1,Water Tender,staged,Economy alone able rich.
INC-20251010-003224,AST-003224-2,Water Tender,staged,Choice me player.
INC-20251010-003224,AST-003224-3,Ladder,released,Research specific technology business least if.
INC-20240421-003228,AST-003228-1,Engine,staged,Environment set draw offer.
INC-20240421-003228,AST-003228-2,Foam Trailer,deployed,One project through single.
INC-20240421-003228,AST-003228-3,Water Tender,deployed,Lose those individual attorney recently budget feel.
INC-20250826-003229,AST-003229-1,Ladder,staged,Measure recent material page.
INC-20250826-003229,AST-003229-2,Engine,released,Beat year second his season.
INC-20251016-003230,AST-003230-1,Drone,released,Significant key available sea form travel enough.
INC-20240318-003231,AST-003231-1,Engine,deployed,Reality remember husband program.
INC-20240318-003231,AST-003231-2,Foam Trailer,staged,Room investment activity ever investment.
INC-20240318-003231,AST-003231-3,Foam Trailer,staged,Vote same physical another off leader.
INC-20250221-003233,AST-003233-1,Water Tender,released,Us occur hotel organization ground.
INC-20250221-003233,AST-003233-2,Engine,released,Onto mention kind second.
INC-20250822-003238,AST-003238-1,Ladder,staged,Young over foreign.
INC-20250822-003238,AST-003238-2,Drone,deployed,Nothing experience reveal radio still mention.
INC-20250823-003241,AST-003241-1,Ladder,released,Bill growth message last he.
INC-20250823-003241,AST-003241-2,Engine,released,Market statement painting card.
INC-20250820-003249,AST-003249-1,Engine,released,Issue behind while understand sea voice indeed.
INC-20250820-003249,AST-003249-2,Ladder,deployed,Up ability skin style able.
INC-20250809-003253,AST-003253-1,Ladder,released,Become draw few continue.
INC-20250809-003253,AST-003253-2,Engine,released,Material better there believe report college language.
INC-20251011-003257,AST-003257-1,Engine,released,Light enjoy answer movement factor respond.
INC-20250918-003261,AST-003261-1,Foam Trailer,deployed,Standard family system.
INC-20240128-003263,AST-003263-1,Engine,released,Remain join east strong raise artist should.
INC-20240128-003263,AST-003263-2,Aerial Platform,released,Imagine hour bit real door.
INC-20240128-003263,AST-003263-3,Foam Trailer,released,List she speech dinner either dinner.
INC-20250821-003264,AST-003264-1,Foam Trailer,released,Measure car real bit.
INC-20230704-003265,AST-003265-1,Drone,released,Forget consumer TV school.
INC-20230704-003265,AST-003265-2,Water Tender,deployed,Society dinner every pass.
INC-20230704-003265,AST-003265-3,Foam Trailer,deployed,Close effort long possible increase standard whether actually.
INC-20241105-003266,AST-003266-1,Engine,released,Magazine fight way pass skill fight item feel.
INC-20241105-003266,AST-003266-2,Water Tender,staged,Someone reach fire able.
INC-20241105-003266,AST-003266-3,Ladder,released,Serve never win customer.
INC-20251014-003273,AST-003273-1,Drone,released,Investment anyone a then generation.
INC-20251014-003273,AST-003273-2,Aerial Platform,deployed,Green prevent section customer create.
INC-20251007-003278,AST-003278-1,Foam Trailer,released,Total red guess try positive far.
INC-20251007-003278,AST-003278-2,Aerial Platform,released,Theory indeed defense center minute charge rate.
INC-20250508-003282,AST-003282-1,Engine,released,Receive hand traditional month hand.
INC-20250508-003282,AST-003282-2,Foam Trailer,deployed,Among window professor baby recognize.
INC-20250507-003292,AST-003292-1,Ladder,released,Wait herself often gas ask enjoy to.
INC-20250530-003297,AST-003297-1,Engine,released,Keep truth say six.
INC-20250530-003297,AST-003297-2,Water Tender,staged,Forward including issue.
INC-20250530-003297,AST-003297-3,Engine,released,Watch situation push wait day mind.
INC-20250521-003300,AST-003300-1,Drone,staged,Society coach voice floor bring.
INC-20251010-003304,AST-003304-1,Foam Trailer,staged,Choice turn task study head foot behind.
INC-20250614-003306,AST-003306-1,Foam Trailer,released,Nation it partner plant.
INC-20250614-003306,AST-003306-2,Water Tender,released,Scientist serve two network professor list exist.
INC-20230906-003308,AST-003308-1,Drone,released,Son tree across production inside parent itself.
INC-20230906-003308,AST-003308-2,Engine,staged,Forward strategy walk store customer space.
INC-20250216-003311,AST-003311-1,Water Tender,deployed,Economy nearly evening fast.
INC-20250216-003311,AST-003311-2,Aerial Platform,deployed,Consumer artist themselves Mr feeling nice letter.
INC-20250216-003311,AST-003311-3,Engine,released,Director again knowledge data table.
INC-20250913-003313,AST-003313-1,Aerial Platform,deployed,Represent he report sea across concern make.
INC-20250913-003313,AST-003313-2,Ladder,released,Whole weight modern.
INC-20251019-003315,AST-003315-1,Foam Trailer,deployed,Face exactly but drive be.
INC-20251019-003315,AST-003315-2,Ladder,released,Leave nor bring.
INC-20241219-003318,AST-003318-1,Engine,deployed,Need help say draw.
INC-20241219-003318,AST-003318-2,Engine,deployed,Attention I behavior crime laugh offer still.
INC-20250930-003325,AST-003325-1,Ladder,released,Adult government table alone.
INC-20241227-003326,AST-003326-1,Aerial Platform,staged,Employee without lose tend allow PM hold.
INC-20241227-003326,AST-003326-2,Ladder,deployed,Evidence level once worry fear.
INC-20250128-003327,AST-003327-1,Water Tender,staged,Later race role case role meeting.
INC-20250128-003327,AST-003327-2,Foam Trailer,released,Several central drug board me federal.
INC-20250128-003327,AST-003327-3,Foam Trailer,staged,Provide threat score experience almost standard.
INC-20251010-003332,AST-003332-1,Water Tender,deployed,Present under couple go white.
INC-20251010-003332,AST-003332-2,Engine,released,Brother picture treat policy.
INC-20250813-003333,AST-003333-1,Aerial Platform,deployed,Poor industry ask daughter value perhaps.
INC-20250728-003336,AST-003336-1,Drone,released,Dinner during baby produce break beyond.
INC-20230616-003338,AST-003338-1,Aerial Platform,deployed,Experience letter act market up.
INC-20230616-003338,AST-003338-2,Drone,deployed,Catch both receive easy staff get wind movement.
INC-20250812-003341,AST-003341-1,Aerial Platform,staged,Movement community group teacher.
INC-20251012-003342,AST-003342-1,Ladder,released,As nearly detail speech region past.
INC-20251012-003342,AST-003342-2,Engine,released,Alone article conference piece.
INC-20250926-003344,AST-003344-1,Aerial Platform,staged,Feel question director get relationship prepare involve.
INC-20250617-003351,AST-003351-1,Water Tender,deployed,Green church young parent military newspaper.
INC-20250617-003351,AST-003351-2,Water Tender,deployed,Western discuss style simply worry out member.
INC-20250617-003351,AST-003351-3,Water Tender,staged,Available since popular herself suddenly as director.
INC-20250929-003353,AST-003353-1,Water Tender,staged,Draw laugh wind small down ten.
INC-20250929-003353,AST-003353-2,Foam Trailer,staged,Newspaper matter four parent.
INC-20250929-003353,AST-003353-3,Drone,released,Hand goal get adult financial study board.
INC-20250427-003356,AST-003356-1,Ladder,staged,Fly director cell perform majority.
INC-20250427-003356,AST-003356-2,Aerial Platform,staged,Approach culture safe look real describe.
INC-20250202-003361,AST-003361-1,Ladder,deployed,Owner city of near.
INC-20250813-003362,AST-003362-1,Drone,deployed,Picture phone community traditional.
INC-20250813-003362,AST-003362-2,Drone,deployed,Drug feeling young technology sign certain model.
INC-20250608-003367,AST-003367-1,Foam Trailer,released,Democrat hand real manager how thousand though.
INC-20250608-003367,AST-003367-2,Engine,deployed,Prevent necessary join edge.
INC-20250608-003367,AST-003367-3,Water Tender,staged,Head win majority.
INC-20250628-003372,AST-003372-1,Engine,staged,Within everything mention.
INC-20250628-003372,AST-003372-2,Water Tender,released,Contain table experience nearly say whole.
INC-20250628-003372,AST-003372-3,Drone,staged,First pay way.
INC-20250328-003382,AST-003382-1,Engine,deployed,Foot young simple fear.
INC-20250328-003382,AST-003382-2,Ladder,released,Shake on continue hour sort society.
INC-20250328-003382,AST-003382-3,Foam Trailer,deployed,Away local recent miss discussion.
INC-20250921-003383,AST-003383-1,Drone,released,Pick positive ten travel better agreement choice top.
INC-20221218-003387,AST-003387-1,Aerial Platform,released,Throw listen trip site.
INC-20221218-003387,AST-003387-2,Water Tender,staged,Degree hold half general true.
INC-20231013-003388,AST-003388-1,Foam Trailer,deployed,Necessary room behavior probably stay.
INC-20241107-003393,AST-003393-1,Engine,deployed,Hospital between several arm movie.
INC-20241107-003393,AST-003393-2,Water Tender,deployed,State list note later term response employee.
INC-20241107-003393,AST-003393-3,Drone,staged,Street certain surface among of try art.
INC-20250805-003398,AST-003398-1,Engine,staged,Business last lot we chance simple.
INC-20250618-003401,AST-003401-1,Aerial Platform,deployed,Safe require car maybe particular.
INC-20250618-003401,AST-003401-2,Aerial Platform,released,Degree impact far front.
INC-20250618-003401,AST-003401-3,Engine,deployed,Test bed first suddenly else along daughter hit.
INC-20251021-003402,AST-003402-1,Engine,deployed,Room police start material task.
INC-20250228-003406,AST-003406-1,Ladder,staged,A between ever our today teacher could.
INC-20250914-003410,AST-003410-1,Water Tender,deployed,Will realize degree western purpose anyone.
INC-20250914-003410,AST-003410-2,Foam Trailer,deployed,Picture enter home edge between support.
INC-20231108-003416,AST-003416-1,Aerial Platform,released,At team bag even story.
INC-20231108-003416,AST-003416-2,Foam Trailer,staged,Person white machine development fill traditional network.
INC-20231108-003416,AST-003416-3,Engine,staged,Go edge eye put some.
INC-20250901-003418,AST-003418-1,Drone,deployed,International laugh artist store.
INC-20250726-003420,AST-003420-1,Engine,released,Maybe common various statement almost term chair also.
INC-20250726-003420,AST-003420-2,Engine,released,Ground education community.
INC-20250726-003420,AST-003420-3,Water Tender,staged,Will someone executive pattern.
INC-20251018-003424,AST-003424-1,Water Tender,released,Reach data old charge defense author.
INC-20250911-003425,AST-003425-1,Engine,deployed,Themselves season watch stay significant however.
INC-20250919-003430,AST-003430-1,Aerial Platform,staged,Ready game cold.
INC-20250919-003430,AST-003430-2,Water Tender,staged,Arm east moment win.
INC-20250919-003430,AST-003430-3,Water Tender,deployed,Become at two hair inside.
INC-20250923-003437,AST-003437-1,Foam Trailer,staged,Company create difficult catch.
INC-20240530-003438,AST-003438-1,Aerial Platform,deployed,Human whom film research.
INC-20240530-003438,AST-003438-2,Ladder,staged,Buy no shake.
INC-20240530-003438,AST-003438-3,Drone,staged,Week industry from already.
INC-20250823-003440,AST-003440-1,Ladder,deployed,Yourself lead population couple at.
INC-20250823-003440,AST-003440-2,Foam Trailer,deployed,Back my point issue find.
INC-20250823-003440,AST-003440-3,Water Tender,staged,Once management get produce perform attention likely hard.
INC-20241230-003441,AST-003441-1,Aerial Platform,released,For animal course month.
INC-20240210-003443,AST-003443-1,Foam Trailer,staged,Growth war entire expect just may unit stay.
INC-20240210-003443,AST-003443-2,Ladder,deployed,Decide behavior however material could.
INC-20251010-003446,AST-003446-1,Ladder,staged,Go several determine performance article hope else.
INC-20251010-003446,AST-003446-2,Aerial Platform,deployed,Ahead before hard.
INC-20251010-003446,AST-003446-3,Drone,released,Brother job listen Mrs nothing Mr.
INC-20240518-003450,AST-003450-1,Drone,released,Wide possible hope yeah number exist card.
INC-20240518-003450,AST-003450-2,Ladder,released,Final foot small generation out child.
INC-20240518-003450,AST-003450-3,Ladder,released,Watch sort with down surface newspaper many.
INC-20251021-003451,AST-003451-1,Engine,released,Big force ground teach sea interesting lay.
INC-20251021-003451,AST-003451-2,Aerial Platform,deployed,Face establish number head yet treatment.
INC-20251021-003451,AST-003451-3,Ladder,released,Ok power trouble whether stand child serve.
INC-20241227-003455,AST-003455-1,Aerial Platform,staged,Heart though place.
INC-20241227-003455,AST-003455-2,Aerial Platform,released,Challenge continue war the oil.
INC-20241227-003455,AST-003455-3,Ladder,released,Decide thank so realize well sure yeah food.
INC-20251008-003457,AST-003457-1,Drone,staged,Decade soldier example exactly dinner six area.
INC-20251008-003457,AST-003457-2,Foam Trailer,released,Current father appear.
INC-20251008-003457,AST-003457-3,Aerial Platform,released,So forget out security.
INC-20251003-003459,AST-003459-1,Foam Trailer,staged,Economy art culture safe left near.
INC-20251011-003473,AST-003473-1,Engine,deployed,Image leader image start represent.
INC-20240111-003476,AST-003476-1,Water Tender,staged,Network bit here business.
INC-20240111-003476,AST-003476-2,Ladder,released,That too nothing race.
INC-20240111-003476,AST-003476-3,Aerial Platform,deployed,Daughter time sing myself stage several.
INC-20250815-003477,AST-003477-1,Aerial Platform,released,Cultural environment its pass order Mr.
INC-20250815-003477,AST-003477-2,Drone,staged,Money total forget car sort create reach.
INC-20250815-003477,AST-003477-3,Drone,released,Daughter hold allow consider.
INC-20250825-003480,AST-003480-1,Aerial Platform,deployed,Guess report between west.
INC-20250825-003480,AST-003480-2,Engine,released,Indeed see play simple high both.
INC-20250825-003480,AST-003480-3,Drone,staged,Hard cover various security down put.
INC-20251010-003483,AST-003483-1,Ladder,staged,Later month box save would between.
INC-20250813-003487,AST-003487-1,Ladder,deployed,Color site coach model law create across.
INC-20250813-003487,AST-003487-2,Engine,released,Various difficult purpose drop wide possible.
INC-20250913-003489,AST-003489-1,Drone,released,Test write statement half.
INC-20250725-003491,AST-003491-1,Water Tender,deployed,Include coach many real blood close.
INC-20250725-003491,AST-003491-2,Foam Trailer,deployed,Possible fight region.
INC-20250418-003492,AST-003492-1,Engine,deployed,Population be make ahead cost song lot.
INC-20250418-003492,AST-003492-2,Foam Trailer,deployed,Difference billion home game eat half remain.
INC-20251011-003495,AST-003495-1,Water Tender,staged,Speak allow brother face door.
INC-20251011-003495,AST-003495-2,Ladder,staged,Happy list party new.
INC-20251011-003495,AST-003495-3,Foam Trailer,released,Soldier point west current black continue.
INC-20250830-003496,AST-003496-1,Aerial Platform,released,Police another future issue her popular kitchen.
INC-20250728-003502,AST-003502-1,Aerial Platform,deployed,Think baby surface loss nearly pay activity.
INC-20250728-003502,AST-003502-2,Aerial Platform,released,Avoid nice sing.
INC-20250728-003502,AST-003502-3,Ladder,deployed,Middle likely fall whatever officer quality campaign reason.
INC-20221126-003504,AST-003504-1,Drone,staged,Air parent most road color home clear.
INC-20250929-003506,AST-003506-1,Ladder,deployed,Effect hotel room fall should yourself.
INC-20250929-003506,AST-003506-2,Drone,deployed,Several letter something black first place drop throw.
INC-20251014-003507,AST-003507-1,Drone,released,Letter city oil environment put reality.
INC-20240722-003509,AST-003509-1,Water Tender,deployed,Executive have benefit place watch view special.
INC-20240117-003510,AST-003510-1,Foam Trailer,staged,Husband attack personal president city air movie.
INC-20250805-003512,AST-003512-1,Drone,staged,Task modern sea teach.
INC-20250805-003512,AST-003512-2,Ladder,released,Wait and organization degree against.
INC-20250819-003520,AST-003520-1,Drone,released,Contain score move pretty.
INC-20250819-003520,AST-003520-2,Engine,deployed,Thus yeah whose relationship worry.
INC-20250819-003520,AST-003520-3,Water Tender,staged,Position sometimes open.
INC-20231220-003521,AST-003521-1,Ladder,deployed,This let actually draw.
INC-20231220-003521,AST-003521-2,Engine,released,Skill medical available team.
INC-20250921-003522,AST-003522-1,Drone,deployed,Star each station education.
INC-20250817-003525,AST-003525-1,Aerial Platform,staged,Receive control six mean paper image.
INC-20250817-003525,AST-003525-2,Drone,staged,Produce toward crime find run.
INC-20250926-003527,AST-003527-1,Ladder,deployed,Today stop present mother ball since action.
INC-20250926-003527,AST-003527-2,Engine,staged,Civil service either card offer research think.
INC-20240625-003529,AST-003529-1,Foam Trailer,released,Billion behind condition only.
INC-20251014-003536,AST-003536-1,Foam Trailer,staged,Art lead night discuss window group enough.
INC-20251014-003536,AST-003536-2,Ladder,deployed,Bag surface available car.
INC-20250815-003538,AST-003538-1,Aerial Platform,deployed,And provide voice authority deep could keep.
INC-20250108-003542,AST-003542-1,Aerial Platform,deployed,Party may staff quality set player.
INC-20250108-003542,AST-003542-2,Water Tender,released,Her indicate democratic chance itself.
INC-20250525-003544,AST-003544-1,Engine,released,Rest government adult night commercial dream.
INC-20250920-003547,AST-003547-1,Ladder,deployed,Of least yourself radio realize.
INC-20250920-003547,AST-003547-2,Foam Trailer,released,Capital less add environmental today theory wide.
INC-20230820-003548,AST-003548-1,Engine,staged,Hot cost international dark dinner go result defense.
INC-20250411-003552,AST-003552-1,Ladder,released,Many power ten eight be detail go although.
INC-20250326-003554,AST-003554-1,Foam Trailer,deployed,Economic represent save or.
INC-20250326-003554,AST-003554-2,Foam Trailer,deployed,Magazine life safe nothing no game security.
INC-20240120-003559,AST-003559-1,Ladder,deployed,Easy always reflect.
INC-20240120-003559,AST-003559-2,Water Tender,deployed,Both think commercial rest.
INC-20240120-003559,AST-003559-3,Engine,released,She data image lawyer old development.
INC-20231101-003560,AST-003560-1,Drone,released,Mission develop family baby then keep.
INC-20250903-003562,AST-003562-1,Foam Trailer,released,Commercial own carry cup.
INC-20250903-003562,AST-003562-2,Aerial Platform,staged,Important walk provide ok important send.
INC-20250323-003564,AST-003564-1,Drone,released,Accept adult month sense meet task degree.
INC-20250323-003564,AST-003564-2,Aerial Platform,released,According voice system low someone.
INC-20250915-003569,AST-003569-1,Engine,staged,Receive move economic build.
INC-20250726-003570,AST-003570-1,Drone,deployed,Shoulder within public.
INC-20250726-003570,AST-003570-2,Drone,staged,Impact speech station industry remember forward practice.
INC-20250726-003570,AST-003570-3,Water Tender,deployed,Daughter baby magazine wrong.
INC-20251007-003571,AST-003571-1,Drone,released,Such media political tend daughter.
INC-20250720-003578,AST-003578-1,Aerial Platform,released,Song whom public may form spring sing.
INC-20250720-003578,AST-003578-2,Water Tender,staged,Similar race school a direction threat right.
INC-20250720-003578,AST-003578-3,Aerial Platform,staged,Do bad personal organization whole.
INC-20250831-003581,AST-003581-1,Drone,staged,Cut talk everyone enjoy join.
INC-20250831-003581,AST-003581-2,Ladder,staged,Visit always decide size.
INC-20250831-003581,AST-003581-3,Drone,staged,Movement yes message.
INC-20251004-003582,AST-003582-1,Engine,staged,Dark head help range black response whatever computer.
INC-20251004-003582,AST-003582-2,Water Tender,deployed,Rather national notice everyone collection yourself.
INC-20241231-003584,AST-003584-1,Engine,deployed,For yard fill pattern actually base because.
INC-20241231-003584,AST-003584-2,Drone,deployed,Stand everybody easy positive real official street.
INC-20241105-003588,AST-003588-1,Water Tender,released,Cultural church nature people.
INC-20241108-003593,AST-003593-1,Ladder,deployed,Some technology evening upon truth.
INC-20250406-003596,AST-003596-1,Drone,deployed,Guess else old though.
INC-20250406-003596,AST-003596-2,Ladder,released,Maintain according special fund.
INC-20250406-003596,AST-003596-3,Engine,staged,Manager side ball south return need attack.
INC-20250915-003600,AST-003600-1,Engine,released,Church project turn site everybody sometimes.
INC-20250915-003600,AST-003600-2,Engine,staged,Simply yes now poor at.
INC-20250915-003600,AST-003600-3,Aerial Platform,deployed,Can rest threat true loss.
INC-20250306-003601,AST-003601-1,Ladder,deployed,Near happen citizen page against good.
INC-20250306-003601,AST-003601-2,Drone,released,Become station paper.
INC-20251007-003606,AST-003606-1,Foam Trailer,released,Read director support least.
INC-20251007-003606,AST-003606-2,Ladder,staged,Explain join page game remain view represent.
INC-20251007-003606,AST-003606-3,Drone,deployed,Yourself democratic collection decide newspaper candidate likely.
INC-20250908-003609,AST-003609-1,Engine,staged,Claim its very garden single.
INC-20250908-003609,AST-003609-2,Aerial Platform,deployed,Officer skin quality keep decision southern or.
INC-20251018-003610,AST-003610-1,Drone,deployed,Produce one east professor evening sound economic.
INC-20230706-003615,AST-003615-1,Aerial Platform,staged,Movement speak finish system total small.
INC-20230706-003615,AST-003615-2,Drone,deployed,Listen weight affect perhaps if every.
INC-20230706-003615,AST-003615-3,Water Tender,deployed,Summer produce central realize.
INC-20241128-003616,AST-003616-1,Engine,deployed,System group down improve note trade risk fight.
INC-20241128-003616,AST-003616-2,Foam Trailer,staged,Class significant fear not toward.
INC-20240617-003617,AST-003617-1,Drone,staged,People once none film.
INC-20240617-003617,AST-003617-2,Engine,released,Wall approach security you energy.
INC-20240617-003617,AST-003617-3,Ladder,released,Song able say per guy bank travel ball.
INC-20230418-003619,AST-003619-1,Engine,deployed,Clear high hard forget bar.
INC-20230418-003619,AST-003619-2,Foam Trailer,released,Represent child same tell test space.
INC-20240707-003623,AST-003623-1,Foam Trailer,staged,Article job though model run.
INC-20240707-003623,AST-003623-2,Drone,released,Night night skin specific task degree.
INC-20250804-003629,AST-003629-1,Drone,deployed,Carry college form sea and theory take window.
INC-20250804-003629,AST-003629-2,Foam Trailer,staged,Down somebody might modern long box find.
INC-20250804-003629,AST-003629-3,Ladder,released,Manager thousand tell certain character page rich finally.
INC-20250611-003630,AST-003630-1,Aerial Platform,staged,Food our ago.
INC-20250611-003630,AST-003630-2,Water Tender,deployed,Back despite trouble simply control since far.
INC-20250611-003630,AST-003630-3,Aerial Platform,staged,Throw support serve attention.
INC-20250912-003632,AST-003632-1,Engine,staged,A fund between rule.
INC-20250808-003634,AST-003634-1,Ladder,staged,Page whom idea guy anyone forward wall.
INC-20250808-003634,AST-003634-2,Foam Trailer,staged,Focus do parent threat majority fund cover.
INC-20250808-003634,AST-003634-3,Water Tender,released,Report cultural consumer data end.
INC-20250815-003638,AST-003638-1,Ladder,released,View owner time.
INC-20250815-003638,AST-003638-2,Foam Trailer,deployed,Ball economic most which tough film rather.
INC-20250815-003638,AST-003638-3,Aerial Platform,released,Against because space even air image.
INC-20250909-003643,AST-003643-1,Water Tender,staged,Cultural cultural open individual individual.
INC-20250909-003643,AST-003643-2,Foam Trailer,released,Music seem item near computer special agent.
INC-20250909-003643,AST-003643-3,Drone,deployed,Idea region success present where.
INC-20241115-003650,AST-003650-1,Drone,deployed,Point whole chair set debate movie nor.
INC-20241115-003650,AST-003650-2,Aerial Platform,released,Position find general computer center loss or.
INC-20241115-003650,AST-003650-3,Drone,released,Rich buy inside.
INC-20250731-003652,AST-003652-1,Drone,staged,Past hit structure expect church again.
INC-20251017-003653,AST-003653-1,Drone,staged,Military street beat sometimes either analysis.
INC-20250510-003658,AST-003658-1,Water Tender,released,Fill maintain important service.
INC-20250510-003658,AST-003658-2,Aerial Platform,deployed,Lawyer discover drug executive write they by.
INC-20250510-003658,AST-003658-3,Aerial Platform,released,Such present game actually.
INC-20251005-003661,AST-003661-1,Aerial Platform,deployed,Share fill eat.
INC-20251005-003661,AST-003661-2,Water Tender,staged,Total truth still them.
INC-20250831-003663,AST-003663-1,Aerial Platform,deployed,Fear interesting whether few reality.
INC-20250831-003663,AST-003663-2,Ladder,deployed,Boy member because way develop three.
INC-20251009-003667,AST-003667-1,Drone,released,Happen might join late home third without.
INC-20250903-003668,AST-003668-1,Ladder,released,Rule strategy his score again rise game.
INC-20250903-003668,AST-003668-2,Water Tender,deployed,Though glass leader quality particular leave will.
INC-20250910-003677,AST-003677-1,Aerial Platform,staged,City must then decision fish without kind.
INC-20250910-003677,AST-003677-2,Ladder,released,Operation share assume away color matter.
INC-20250907-003679,AST-003679-1,Water Tender,deployed,Free treatment my thus.
INC-20250907-003679,AST-003679-2,Drone,released,Affect natural week general.
INC-20250907-003679,AST-003679-3,Water Tender,released,Pick consumer computer run thank.
INC-20250824-003684,AST-003684-1,Engine,deployed,Moment spend design become reason.
INC-20251005-003685,AST-003685-1,Foam Trailer,deployed,Half wind others tax second.
INC-20251005-003685,AST-003685-2,Engine,staged,Simple mind want several budget.
INC-20251005-003685,AST-003685-3,Aerial Platform,released,Feeling work way Democrat majority nature learn source.
INC-20241221-003687,AST-003687-1,Ladder,released,According cover certainly note become full.
INC-20241221-003687,AST-003687-2,Drone,released,Bag office future enough.
INC-20231201-003690,AST-003690-1,Water Tender,staged,Staff fact sense simply painting.
INC-20231201-003690,AST-003690-2,Foam Trailer,released,Let live player.
INC-20231201-003690,AST-003690-3,Drone,released,Go nothing important join population medical beyond.
INC-20250428-003692,AST-003692-1,Foam Trailer,staged,Side either team key.
INC-20241116-003697,AST-003697-1,Drone,staged,Event business affect beat check rather piece even.
INC-20250723-003701,AST-003701-1,Foam Trailer,released,First market stock.
INC-20250723-003701,AST-003701-2,Foam Trailer,staged,Travel analysis huge.
INC-20250727-003703,AST-003703-1,Aerial Platform,deployed,Rock build need adult.
INC-20250727-003703,AST-003703-2,Foam Trailer,released,Head by tree Mr.
INC-20250727-003703,AST-003703-3,Water Tender,deployed,Republican them minute.
INC-20250901-003704,AST-003704-1,Water Tender,released,Political seven couple she there oil admit.
INC-20241122-003705,AST-003705-1,Aerial Platform,staged,Last American range table we.
INC-20221214-003708,AST-003708-1,Aerial Platform,deployed,Likely anything Mr best nature seat consider commercial.
INC-20221214-003708,AST-003708-2,Ladder,deployed,Tough remember free set region.
INC-20251006-003709,AST-003709-1,Engine,released,Leg as point American street analysis.
INC-20250415-003712,AST-003712-1,Ladder,deployed,Someone dog trade.
INC-20251010-003713,AST-003713-1,Water Tender,released,Huge small tell police.
INC-20250724-003715,AST-003715-1,Aerial Platform,staged,Brother defense involve able environmental.
INC-20250724-003715,AST-003715-2,Engine,staged,Simple strategy each sure book.
INC-20250724-003715,AST-003715-3,Drone,deployed,Anything feeling month she.
INC-20250912-003717,AST-003717-1,Drone,staged,School manage alone my.
INC-20250629-003721,AST-003721-1,Ladder,released,Yard section save or television toward.
INC-20250629-003721,AST-003721-2,Ladder,deployed,Develop indeed traditional may.
INC-20250629-003721,AST-003721-3,Ladder,staged,My hundred move return bill end my.
INC-20250724-003724,AST-003724-1,Aerial Platform,released,Total heavy tend third see end week.
INC-20250724-003724,AST-003724-2,Water Tender,staged,Majority field skill drop Mr.
INC-20241221-003727,AST-003727-1,Aerial Platform,deployed,Pass upon board these stop indicate within project.
INC-20241221-003727,AST-003727-2,Aerial Platform,deployed,Dog range begin police blue prevent police.
INC-20241221-003727,AST-003727-3,Ladder,released,Culture off impact mean condition.
INC-20240103-003730,AST-003730-1,Water Tender,released,Special group own expect.
INC-20240103-003730,AST-003730-2,Engine,released,Add serve example bring under school.
INC-20240103-003730,AST-003730-3,Water Tender,staged,Trial water second free as.
INC-20250925-003731,AST-003731-1,Drone,staged,Short she effort reason at.
INC-20250729-003732,AST-003732-1,Foam Trailer,deployed,Some participant hold boy.
INC-20250708-003733,AST-003733-1,Water Tender,deployed,Computer reason house light.
INC-20250708-003733,AST-003733-2,Engine,staged,Rock there read live staff information.
INC-20250522-003737,AST-003737-1,Water Tender,released,Social recognize event music cold instead attention.
INC-20250126-003741,AST-003741-1,Aerial Platform,deployed,Research throw could participant.
INC-20250126-003741,AST-003741-2,Aerial Platform,released,That purpose goal wear light.
INC-20250824-003746,AST-003746-1,Water Tender,deployed,Consider follow sometimes treatment customer know soon.
INC-20250306-003747,AST-003747-1,Water Tender,released,Over accept today safe small here.
INC-20250306-003747,AST-003747-2,Foam Trailer,deployed,Every door too likely.
INC-20250118-003748,AST-003748-1,Engine,deployed,Stuff base respond safe case arrive how.
INC-20250118-003748,AST-003748-2,Foam Trailer,released,Participant another so party among.
INC-20250118-003748,AST-003748-3,Drone,staged,Social experience heavy pay then reason job toward.
INC-20251014-003749,AST-003749-1,Ladder,deployed,Song rule set produce author care manage.
INC-20250708-003751,AST-003751-1,Aerial Platform,deployed,Project crime wear concern risk their require.
INC-20250107-003752,AST-003752-1,Drone,staged,Explain mother Mrs present network who space.
INC-20250107-003752,AST-003752-2,Water Tender,deployed,Of certain recognize man.
INC-20250923-003756,AST-003756-1,Drone,released,Process only care official above a.
INC-20250923-003756,AST-003756-2,Ladder,released,On such itself prevent sense yard.
INC-20250914-003757,AST-003757-1,Ladder,staged,Chair group live action listen.
INC-20250914-003757,AST-003757-2,Drone,staged,Kid will week go happen let.
INC-20250824-003759,AST-003759-1,Foam Trailer,deployed,Director space economy teacher old size.
INC-20250824-003759,AST-003759-2,Ladder,deployed,Then simple thousand.
INC-20251006-003761,AST-003761-1,Aerial Platform,released,Yard nothing visit never eight.
INC-20250820-003766,AST-003766-1,Water Tender,released,Dream similar during share nothing amount.
INC-20250820-003766,AST-003766-2,Engine,released,Scientist far bring probably citizen.
INC-20250820-003766,AST-003766-3,Ladder,released,Loss instead account let them prepare board.
INC-20250823-003768,AST-003768-1,Ladder,released,South themselves serious and.
INC-20230113-003773,AST-003773-1,Water Tender,released,Ball listen pretty.
INC-20230113-003773,AST-003773-2,Engine,staged,Itself class buy knowledge fast market.
INC-20230113-003773,AST-003773-3,Water Tender,staged,Music age ahead most.
INC-20251005-003780,AST-003780-1,Engine,staged,Base poor away American wrong mouth trouble thousand.
INC-20251005-003780,AST-003780-2,Ladder,staged,Where wish itself part who.
INC-20250726-003782,AST-003782-1,Ladder,deployed,Gun between actually fast.
INC-20250726-003782,AST-003782-2,Water Tender,deployed,Step support bag writer relationship.
INC-20250905-003784,AST-003784-1,Foam Trailer,staged,Land through down can who.
INC-20250905-003784,AST-003784-2,Engine,released,Conference place might sign order area.
INC-20250905-003784,AST-003784-3,Foam Trailer,released,Weight study try recent above medical note.
INC-20241011-003785,AST-003785-1,Ladder,released,Tough executive skin national.
INC-20241011-003785,AST-003785-2,Ladder,deployed,Compare when past.
INC-20250921-003787,AST-003787-1,Water Tender,deployed,Perhaps reason point win business party plant.
INC-20241205-003793,AST-003793-1,Engine,staged,Wait avoid style case American practice something final.
INC-20241205-003793,AST-003793-2,Aerial Platform,deployed,Interest continue create heart.
INC-20241205-003793,AST-003793-3,Aerial Platform,staged,Discover talk under protect option.
INC-20241103-003798,AST-003798-1,Ladder,staged,Week step Congress approach inside half suggest current.
INC-20241103-003798,AST-003798-2,Ladder,staged,My past cost month reach life.
INC-20241103-003798,AST-003798-3,Foam Trailer,staged,Six subject worker lose determine.
INC-20241002-003800,AST-003800-1,Drone,staged,Citizen position discuss western discover lead.
INC-20250722-003803,AST-003803-1,Water Tender,released,Learn without knowledge focus.
INC-20250823-003811,AST-003811-1,Aerial Platform,released,Support a challenge time.
INC-20250707-003812,AST-003812-1,Drone,staged,Type computer bank data company nearly wide.
INC-20241102-003815,AST-003815-1,Water Tender,staged,Range practice near.
INC-20241102-003815,AST-003815-2,Water Tender,released,Admit experience clearly leave accept degree.
INC-20240918-003820,AST-003820-1,Engine,deployed,Dark practice research past capital society cut up.
INC-20251010-003826,AST-003826-1,Aerial Platform,staged,Often side treat with send act.
INC-20251010-003826,AST-003826-2,Foam Trailer,deployed,Lot look investment push suggest.
INC-20250930-003829,AST-003829-1,Ladder,released,Learn me one available.
INC-20250930-003829,AST-003829-2,Water Tender,staged,Surface prepare as she attack forward.
INC-20250217-003832,AST-003832-1,Aerial Platform,staged,Identify blood worker outside hot paper.
INC-20250217-003832,AST-003832-2,Ladder,deployed,Mention film machine six energy but.
INC-20250217-003832,AST-003832-3,Aerial Platform,deployed,Born least act lot ball nice.
INC-20251008-003833,AST-003833-1,Engine,staged,Public next voice single type perhaps.
INC-20251008-003833,AST-003833-2,Water Tender,released,Weight space group good could laugh.
INC-20250816-003835,AST-003835-1,Water Tender,released,Quickly its difficult cup.
INC-20250805-003837,AST-003837-1,Engine,released,Choose support ever game.
INC-20250805-003837,AST-003837-2,Ladder,released,Possible accept pay improve image protect feel.
INC-20250805-003837,AST-003837-3,Aerial Platform,deployed,Society law sense moment if our.
INC-20251014-003838,AST-003838-1,Water Tender,deployed,Police think magazine.
INC-20251014-003838,AST-003838-2,Aerial Platform,staged,Behavior them protect single.
INC-20251014-003838,AST-003838-3,Water Tender,deployed,Laugh customer else summer.
INC-20250914-003842,AST-003842-1,Foam Trailer,staged,Two soldier simple.
INC-20250914-003842,AST-003842-2,Ladder,staged,Leg least down window image establish election.
INC-20250914-003842,AST-003842-3,Engine,released,Poor large place pass participant.
INC-20250127-003844,AST-003844-1,Foam Trailer,released,Skill necessary probably Mrs agent debate.
INC-20250127-003844,AST-003844-2,Aerial Platform,deployed,Project impact discussion necessary these attention along.
INC-20250127-003844,AST-003844-3,Aerial Platform,staged,Parent western nation system sea author seek.
INC-20230805-003847,AST-003847-1,Ladder,staged,Often hit rest one quite everything.
INC-20230805-003847,AST-003847-2,Ladder,deployed,New range capital wife she old travel watch.
INC-20250729-003851,AST-003851-1,Ladder,staged,True mean after serious.
INC-20250729-003851,AST-003851-2,Drone,staged,Enough child can scientist church own.
INC-20250729-003851,AST-003851-3,Water Tender,staged,Contain mother human.
INC-20250731-003852,AST-003852-1,Ladder,staged,Least quite strong interest.
INC-20250731-003852,AST-003852-2,Aerial Platform,deployed,Executive within eat maintain.
INC-20250731-003852,AST-003852-3,Water Tender,released,Difficult month any alone wish.
INC-20250924-003855,AST-003855-1,Foam Trailer,staged,Create none support show major.
INC-20250801-003856,AST-003856-1,Engine,released,Painting last base growth yeah them us election.
INC-20250617-003862,AST-003862-1,Foam Trailer,staged,Scene heavy collection follow.
INC-20251022-003863,AST-003863-1,Drone,released,Owner situation size why.
INC-20251022-003863,AST-003863-2,Aerial Platform,deployed,Institution interest month life choice many charge recognize.
INC-20250429-003868,AST-003868-1,Ladder,staged,Writer war stand wonder think during power.
INC-20250928-003873,AST-003873-1,Drone,staged,Billion resource improve special close main.
INC-20250928-003873,AST-003873-2,Water Tender,deployed,Edge science number fill.
INC-20250928-003873,AST-003873-3,Ladder,released,Future lawyer tell ground mother leave similar.
INC-20250721-003874,AST-003874-1,Engine,deployed,Bar finish material window authority.
INC-20250721-003874,AST-003874-2,Foam Trailer,deployed,Fact day sometimes produce election today.
INC-20250721-003874,AST-003874-3,Aerial Platform,deployed,Decision moment alone certain director.
INC-20250831-003877,AST-003877-1,Drone,released,Small arm send another.
INC-20241230-003882,AST-003882-1,Aerial Platform,deployed,Apply well economy go nor.
INC-20251005-003886,AST-003886-1,Ladder,released,Responsibility owner professional treatment almost experience those sure.
INC-20250811-003887,AST-003887-1,Aerial Platform,staged,But language bad.
INC-20250811-003887,AST-003887-2,Engine,staged,Road difficult rather pull.
INC-20250811-003887,AST-003887-3,Ladder,released,Four officer conference position listen bank.
INC-20250829-003891,AST-003891-1,Foam Trailer,deployed,North may measure same of.
INC-20250829-003891,AST-003891-2,Drone,released,Sell meet ahead democratic.
INC-20250829-003891,AST-003891-3,Foam Trailer,staged,Right even need type.
INC-20250802-003892,AST-003892-1,Aerial Platform,staged,Seat two scene look religious step ago civil.
INC-20251014-003895,AST-003895-1,Ladder,deployed,Tough ahead point news author.
INC-20251014-003895,AST-003895-2,Water Tender,deployed,Member yeah against bit apply agent option.
INC-20250927-003897,AST-003897-1,Engine,staged,Pick yeah wrong foreign.
INC-20241220-003899,AST-003899-1,Ladder,deployed,And ball technology stage peace window myself he.
INC-20241220-003899,AST-003899-2,Drone,staged,Beautiful board than cut relate look positive.
INC-20241220-003899,AST-003899-3,Engine,released,Decade nature later.
INC-20250409-003904,AST-003904-1,Drone,staged,Prepare large seek peace.
INC-20250409-003904,AST-003904-2,Water Tender,deployed,Sure PM economy or ever its.
INC-20251003-003905,AST-003905-1,Drone,released,Ten employee participant mission before not.
INC-20251003-003905,AST-003905-2,Engine,deployed,Painting significant often only summer media drop.
INC-20251003-003905,AST-003905-3,Foam Trailer,released,Area information main test itself kitchen manager try.
INC-20250828-003906,AST-003906-1,Water Tender,deployed,Painting commercial ready not quality back base good.
INC-20240618-003907,AST-003907-1,Foam Trailer,released,Price occur arm look.
INC-20240618-003907,AST-003907-2,Aerial Platform,deployed,Should beyond commercial growth leader author.
INC-20240618-003907,AST-003907-3,Water Tender,staged,Outside animal voice light.
INC-20250713-003908,AST-003908-1,Foam Trailer,released,Six investment evidence beautiful investment feel.
INC-20250713-003908,AST-003908-2,Engine,released,All over mission western view.
INC-20221120-003915,AST-003915-1,Aerial Platform,deployed,Machine senior pass every.
INC-20250719-003916,AST-003916-1,Water Tender,staged,A foot fine human special fish old meeting.
INC-20250719-003916,AST-003916-2,Drone,deployed,Manager southern green whether.
INC-20250719-003916,AST-003916-3,Ladder,released,News maintain significant director cover reach fish.
INC-20250731-003918,AST-003918-1,Ladder,deployed,She discuss wind month red really keep.
INC-20250731-003918,AST-003918-2,Water Tender,released,Too address then.
INC-20250801-003920,AST-003920-1,Water Tender,staged,Teacher prevent some blue phone plant.
INC-20250801-003920,AST-003920-2,Drone,released,Board similar common outside.
INC-20250801-003920,AST-003920-3,Drone,deployed,Attention own growth gas statement everyone best.
INC-20240501-003926,AST-003926-1,Drone,staged,Manager stay explain movement right.
INC-20240501-003926,AST-003926-2,Engine,deployed,Nearly again avoid health drive expect about.
INC-20240501-003926,AST-003926-3,Water Tender,released,Fight edge trouble cold.
INC-20250112-003928,AST-003928-1,Drone,deployed,Account herself he strategy these reduce.
INC-20231013-003932,AST-003932-1,Drone,deployed,Air spring short treatment.
INC-20250515-003935,AST-003935-1,Foam Trailer,staged,Fall difference deal lot.
INC-20251005-003936,AST-003936-1,Engine,released,Hotel through position moment peace.
INC-20251005-003936,AST-003936-2,Drone,deployed,Smile nation doctor mean dinner hope fire.
INC-20251005-003936,AST-003936-3,Aerial Platform,staged,Ability edge thus head use agency with.
INC-20251020-003937,AST-003937-1,Water Tender,released,Figure performance head however site.
INC-20251021-003939,AST-003939-1,Ladder,released,Center general section drop question short add.
INC-20251021-003939,AST-003939-2,Engine,staged,Consumer find down.
INC-20251005-003941,AST-003941-1,Ladder,released,Spring choice soldier movement available much better value.
INC-20251005-003941,AST-003941-2,Aerial Platform,deployed,News woman life move.
INC-20250303-003942,AST-003942-1,Foam Trailer,released,Because well school become voice.
INC-20250409-003943,AST-003943-1,Engine,released,Mention indicate attack mouth only not large.
INC-20230127-003947,AST-003947-1,Drone,deployed,Movie likely some speech protect worker maybe science.
INC-20231216-003948,AST-003948-1,Foam Trailer,staged,Fight very chance pay season administration security.
INC-20231216-003948,AST-003948-2,Foam Trailer,released,Goal deal street front practice.
INC-20250407-003949,AST-003949-1,Engine,released,Hold ball a service institution ten eight.
INC-20250407-003949,AST-003949-2,Engine,released,Social whole agency action organization seat future.
INC-20251008-003950,AST-003950-1,Aerial Platform,released,Use picture item involve age choice event.
INC-20251008-003950,AST-003950-2,Engine,deployed,Team hear meet hope exactly administration church.
INC-20251008-003950,AST-003950-3,Foam Trailer,released,Try today test student.
INC-20250221-003951,AST-003951-1,Aerial Platform,released,Small politics phone imagine risk.
INC-20250221-003951,AST-003951-2,Aerial Platform,staged,Allow young heavy between.
INC-20250221-003951,AST-003951-3,Engine,staged,Soon campaign sister seven those general.
INC-20250808-003952,AST-003952-1,Foam Trailer,deployed,Strong ability owner enter impact this officer left.
INC-20250724-003953,AST-003953-1,Engine,released,Special military usually always.
INC-20250724-003953,AST-003953-2,Engine,staged,This important often.
INC-20240416-003954,AST-003954-1,Engine,deployed,Edge cut item trouble.
INC-20240416-003954,AST-003954-2,Ladder,released,Forward issue difference development.
INC-20240416-003954,AST-003954-3,Foam Trailer,deployed,Scientist president star room partner standard how.
INC-20250427-003958,AST-003958-1,Foam Trailer,released,Term billion southern election court.
INC-20250427-003958,AST-003958-2,Aerial Platform,deployed,Brother set quite bit second fear daughter.
INC-20250427-003958,AST-003958-3,Engine,staged,Drug ask eight protect describe theory once rate.
INC-20251017-003960,AST-003960-1,Water Tender,staged,Education spring current yard anything.
INC-20251017-003960,AST-003960-2,Engine,deployed,On determine item few who maintain himself.
INC-20251017-003960,AST-003960-3,Aerial Platform,deployed,Doctor around then could.
INC-20250912-003961,AST-003961-1,Engine,staged,Determine before phone security but face.
INC-20250912-003961,AST-003961-2,Ladder,released,Cultural mean natural offer care grow experience.
INC-20250912-003961,AST-003961-3,Water Tender,released,Democratic his Republican tough leave price owner.
INC-20240422-003963,AST-003963-1,Engine,staged,Tonight employee full off sometimes think fall somebody.
INC-20240422-003963,AST-003963-2,Aerial Platform,released,Message make data practice time happen capital discuss.
INC-20250713-003964,AST-003964-1,Drone,staged,Serve business next large.
INC-20250713-003964,AST-003964-2,Drone,released,Peace order list rather law house.
INC-20250817-003965,AST-003965-1,Foam Trailer,released,Draw face election might perhaps.
INC-20250103-003966,AST-003966-1,Aerial Platform,deployed,Everyone together by peace.
INC-20250214-003970,AST-003970-1,Aerial Platform,staged,Current since quality.
INC-20250214-003970,AST-003970-2,Foam Trailer,released,Enough field wide city.
INC-20250214-003970,AST-003970-3,Aerial Platform,deployed,Yes politics hospital seven oil.
INC-20231228-003974,AST-003974-1,Aerial Platform,staged,Dinner for save themselves throw care.
INC-20250424-003975,AST-003975-1,Aerial Platform,staged,Bring size simply can him case.
INC-20250424-003975,AST-003975-2,Drone,staged,Truth heart interesting finish conference different.
INC-20250424-003975,AST-003975-3,Aerial Platform,released,As citizen cultural father always.
INC-20250616-003978,AST-003978-1,Aerial Platform,staged,To family heart yard.
INC-20240612-003981,AST-003981-1,Water Tender,released,Unit wish issue easy point improve.
INC-20240612-003981,AST-003981-2,Water Tender,released,Practice Congress start still during yourself.
INC-20251020-003986,AST-003986-1,Aerial Platform,staged,Write ability himself.
INC-20251020-003986,AST-003986-2,Foam Trailer,released,Recently company detail form range a.
INC-20251020-003986,AST-003986-3,Ladder,staged,Anything son baby power heart will not up.
INC-20250815-003991,AST-003991-1,Ladder,deployed,Pm dinner himself herself.
INC-20250815-003991,AST-003991-2,Aerial Platform,deployed,Surface very child future series.
INC-20250726-003992,AST-003992-1,Water Tender,deployed,Tell town current keep amount change.
INC-20241105-003996,AST-003996-1,Water Tender,released,World green oil.
INC-20241105-003996,AST-003996-2,Aerial Platform,released,Price plan specific this voice how join.
INC-20250830-003998,AST-003998-1,Aerial Platform,deployed,Card memory song management economic.
INC-20250830-003998,AST-003998-2,Water Tender,released,Detail TV tonight.
INC-20240212-004001,AST-004001-1,Engine,staged,Economic billion reason.
INC-20250805-004002,AST-004002-1,Water Tender,deployed,Six deal official decide.
INC-20250805-004002,AST-004002-2,Engine,released,Wonder light site tonight national item answer.
INC-20250805-004002,AST-004002-3,Ladder,deployed,Determine despite break wonder ability color.
INC-20250926-004006,AST-004006-1,Ladder,staged,Matter meet final learn all.
INC-20250728-004009,AST-004009-1,Aerial Platform,staged,Decide program finally pressure same character land.
INC-20250728-004009,AST-004009-2,Water Tender,staged,Whose end worry recognize share detail.
INC-20250728-004009,AST-004009-3,Drone,released,Watch director glass take contain lot occur.
INC-20250222-004010,AST-004010-1,Drone,staged,Draw stop source cover mission.
INC-20250222-004010,AST-004010-2,Foam Trailer,released,Base audience have whether.
INC-20250830-004013,AST-004013-1,Ladder,deployed,Play themselves other evening.
INC-20250830-004013,AST-004013-2,Aerial Platform,staged,Since meet section without effect bed thought suggest.
INC-20251007-004015,AST-004015-1,Engine,deployed,Pattern mission his mind according.
INC-20251007-004015,AST-004015-2,Foam Trailer,released,General admit whatever charge also any bar.
INC-20251007-004015,AST-004015-3,Foam Trailer,released,Cultural culture factor who.
INC-20250703-004017,AST-004017-1,Foam Trailer,released,Security everything already strategy food money red prepare.
INC-20250703-004017,AST-004017-2,Water Tender,staged,Cost future positive writer seven large mission.
INC-20250703-004017,AST-004017-3,Aerial Platform,staged,Financial agent owner manage cause organization list discuss.
INC-20251006-004018,AST-004018-1,Ladder,staged,Hold Mrs successful fund protect fine huge.
INC-20251006-004018,AST-004018-2,Ladder,released,Participant minute smile middle.
INC-20250805-004020,AST-004020-1,Drone,staged,Prove debate major recognize resource rather.
INC-20241128-004032,AST-004032-1,Water Tender,staged,Table study model interesting leg half task.
INC-20241128-004032,AST-004032-2,Ladder,staged,Report seven want deep.
INC-20221110-004036,AST-004036-1,Aerial Platform,staged,Own cold whom tonight health.
INC-20221110-004036,AST-004036-2,Foam Trailer,released,Alone age home theory pull work career move.
INC-20221110-004036,AST-004036-3,Drone,deployed,Suddenly less specific student.
INC-20251013-004037,AST-004037-1,Foam Trailer,staged,Event firm upon avoid movement similar.
INC-20250205-004041,AST-004041-1,Ladder,released,Official south according arrive human.
INC-20250205-004041,AST-004041-2,Water Tender,staged,Perform treatment answer require.
INC-20250205-004041,AST-004041-3,Foam Trailer,deployed,Art generation southern role hotel consider respond event.
INC-20250803-004043,AST-004043-1,Ladder,released,Forget treatment general wall dark whose.
INC-20250803-004043,AST-004043-2,Ladder,released,Reveal present consider many pay.
INC-20250803-004043,AST-004043-3,Aerial Platform,released,North on decision research.
INC-20250210-004045,AST-004045-1,Ladder,staged,Before budget business executive.
INC-20250414-004048,AST-004048-1,Foam Trailer,released,Blue hospital right federal before meeting later commercial.
INC-20250921-004049,AST-004049-1,Drone,staged,Black eight us society fill many prepare.
INC-20250921-004049,AST-004049-2,Water Tender,released,Help less arrive turn more Mrs work there.
INC-20240301-004051,AST-004051-1,Drone,staged,Pay people before with.
INC-20240301-004051,AST-004051-2,Ladder,staged,Upon phone fall college.
INC-20250214-004055,AST-004055-1,Aerial Platform,released,Seat production teacher capital however push might.
INC-20250214-004055,AST-004055-2,Drone,staged,Training treatment enjoy every still top age.
INC-20250730-004056,AST-004056-1,Ladder,staged,Majority cause red water way notice political.
INC-20250730-004056,AST-004056-2,Foam Trailer,staged,Majority yes since way always.
INC-20251022-004057,AST-004057-1,Aerial Platform,staged,Matter scientist environment rate after choose social almost.
INC-20250919-004058,AST-004058-1,Water Tender,staged,North policy development investment position.
INC-20250919-004058,AST-004058-2,Drone,deployed,Would citizen investment nature follow four entire region.
INC-20250919-004058,AST-004058-3,Water Tender,deployed,Side because crime chair itself ever base.
INC-20250607-004059,AST-004059-1,Aerial Platform,staged,Ball bar remain win rule not again.
INC-20241115-004062,AST-004062-1,Foam Trailer,released,Bar side staff value TV food treatment.
INC-20250828-004063,AST-004063-1,Ladder,deployed,Fine choice concern if culture in.
INC-20250920-004069,AST-004069-1,Engine,deployed,Reality democratic way suggest be practice buy.
INC-20250920-004069,AST-004069-2,Water Tender,deployed,Agency international ever a think door lay.
INC-20250920-004069,AST-004069-3,Drone,staged,Believe popular during contain know apply exactly.
INC-20221220-004070,AST-004070-1,Drone,staged,Sound body cover speech better green thousand.
INC-20221220-004070,AST-004070-2,Water Tender,released,Century against whose.
INC-20221220-004070,AST-004070-3,Engine,staged,Best game follow.
INC-20241027-004075,AST-004075-1,Water Tender,released,Activity interview behavior industry dog late data.
INC-20241027-004075,AST-004075-2,Foam Trailer,released,Of glass eye oil admit affect.
INC-20241027-004075,AST-004075-3,Water Tender,deployed,Suffer stay a various field break entire child.
INC-20250906-004076,AST-004076-1,Engine,released,And relationship their civil financial court yet.
INC-20250725-004077,AST-004077-1,Ladder,deployed,Stop pull pick them baby.
INC-20250725-004077,AST-004077-2,Engine,released,Career as piece through matter condition through.
INC-20250725-004077,AST-004077-3,Foam Trailer,staged,Six arm could fine.
INC-20250513-004078,AST-004078-1,Foam Trailer,released,Style camera responsibility kitchen.
INC-20250513-004078,AST-004078-2,Water Tender,deployed,Water push strategy speak.
INC-20240920-004081,AST-004081-1,Drone,deployed,Hand her support field.
INC-20250811-004089,AST-004089-1,Aerial Platform,deployed,Under culture matter woman card meeting.
INC-20250905-004090,AST-004090-1,Aerial Platform,deployed,Movie behind art score.
INC-20251007-004091,AST-004091-1,Aerial Platform,staged,Drop growth office between take while.
INC-20251007-004091,AST-004091-2,Aerial Platform,released,Group range Mrs how product have.
INC-20250816-004097,AST-004097-1,Foam Trailer,staged,Reflect she east paper yeah cultural they per.
INC-20250816-004097,AST-004097-2,Foam Trailer,staged,Similar research information finally.
INC-20250816-004097,AST-004097-3,Drone,released,Fund avoid television brother poor look.
INC-20251019-004102,AST-004102-1,Aerial Platform,deployed,Around with threat young hour authority specific father.
INC-20251019-004102,AST-004102-2,Water Tender,staged,World no appear yet.
INC-20250816-004104,AST-004104-1,Foam Trailer,staged,Environment minute seem election.
INC-20250816-004104,AST-004104-2,Foam Trailer,released,Another customer debate could town sea cup become.
INC-20250128-004108,AST-004108-1,Aerial Platform,released,Help scientist surface yard.
INC-20250828-004115,AST-004115-1,Ladder,deployed,Where bill image partner thought.
INC-20250929-004116,AST-004116-1,Foam Trailer,deployed,Nice later mention your about.
INC-20250922-004118,AST-004118-1,Ladder,deployed,Middle left great power.
INC-20250922-004118,AST-004118-2,Water Tender,deployed,Anything environment whole.
INC-20241024-004119,AST-004119-1,Aerial Platform,deployed,Federal use wind part doctor get hope church.
INC-20250805-004123,AST-004123-1,Drone,staged,Year eye official address represent teach.
INC-20250731-004125,AST-004125-1,Ladder,released,Film shoulder production my manager alone.
INC-20250524-004144,AST-004144-1,Foam Trailer,staged,Picture people happy spring today information believe.
INC-20250524-004144,AST-004144-2,Ladder,staged,Party its mouth there ago order.
INC-20250524-004144,AST-004144-3,Foam Trailer,deployed,Surface be today process off west movement.
INC-20250918-004146,AST-004146-1,Aerial Platform,released,Military leader card perhaps body determine determine.
INC-20250918-004146,AST-004146-2,Foam Trailer,deployed,Early wall Democrat end official sit.
INC-20240401-004149,AST-004149-1,Engine,released,Blood some information better.
INC-20250913-004159,AST-004159-1,Engine,released,Total television interesting six foot he.
INC-20250629-004162,AST-004162-1,Aerial Platform,released,Knowledge many place suggest clearly.
INC-20250910-004164,AST-004164-1,Engine,deployed,Early in dream rise computer that national.
INC-20250910-004164,AST-004164-2,Engine,deployed,Young president dark economic argue name.
INC-20250919-004167,AST-004167-1,Foam Trailer,staged,Low area break human learn something prevent.
INC-20250913-004169,AST-004169-1,Engine,released,Able anything people start.
INC-20250913-004169,AST-004169-2,Engine,deployed,Push as especially evening.
INC-20250913-004169,AST-004169-3,Aerial Platform,deployed,Read traditional moment research approach together.
INC-20250904-004171,AST-004171-1,Water Tender,deployed,In large several.
INC-20250904-004171,AST-004171-2,Foam Trailer,deployed,News firm during race.
INC-20250904-004171,AST-004171-3,Ladder,deployed,Plan wife goal agree.
INC-20250505-004175,AST-004175-1,Engine,released,The forward foot president early instead.
INC-20250505-004175,AST-004175-2,Ladder,released,Deal mouth would event population interest.
INC-20250505-004175,AST-004175-3,Foam Trailer,deployed,Receive provide fund everybody treatment friend approach building.
INC-20250811-004176,AST-004176-1,Engine,deployed,Market government country.
INC-20231228-004179,AST-004179-1,Drone,deployed,Decision trouble investment still interview health power.
INC-20250901-004180,AST-004180-1,Aerial Platform,deployed,Side issue money decide edge enjoy past serve.
INC-20250901-004180,AST-004180-2,Aerial Platform,released,Sure data bring too notice laugh.
INC-20250901-004180,AST-004180-3,Engine,staged,Air certain everyone manage whose.
INC-20250425-004181,AST-004181-1,Foam Trailer,staged,Thus base black one light than glass.
INC-20250425-004181,AST-004181-2,Drone,staged,Both performance level try stay claim.
INC-20250918-004183,AST-004183-1,Aerial Platform,deployed,Research order rule budget someone that person through.
INC-20250918-004183,AST-004183-2,Water Tender,released,Guy accept able sea threat call network his.
INC-20250918-004183,AST-004183-3,Drone,staged,Entire in their chance leader across.
INC-20250728-004189,AST-004189-1,Engine,deployed,Wife board while boy.
INC-20250926-004190,AST-004190-1,Engine,released,May expert news party scientist economic major.
INC-20230327-004200,AST-004200-1,Water Tender,deployed,Hospital six necessary ago Democrat might.
INC-20230327-004200,AST-004200-2,Drone,staged,Less he energy quickly information.
INC-20230327-004200,AST-004200-3,Ladder,staged,Campaign cause trial quickly camera for while.
INC-20250827-004204,AST-004204-1,Engine,released,Guess cause sign including single good food million.
INC-20250827-004204,AST-004204-2,Drone,released,Man our rise attention.
INC-20251010-004206,AST-004206-1,Foam Trailer,released,Change serious adult drive food.
INC-20230225-004208,AST-004208-1,Foam Trailer,released,Note realize my why sound recently.
INC-20230225-004208,AST-004208-2,Ladder,deployed,Edge medical door eight just apply.
INC-20251014-004209,AST-004209-1,Water Tender,deployed,Bill cover drug give late send human.
INC-20250906-004212,AST-004212-1,Engine,deployed,But responsibility fine interview much eat style group.
INC-20250906-004212,AST-004212-2,Aerial Platform,released,For process likely leave.
INC-20250805-004215,AST-004215-1,Aerial Platform,staged,Southern to few car would.
INC-20250805-004215,AST-004215-2,Foam Trailer,deployed,Evening different over significant type.
INC-20250805-004215,AST-004215-3,Aerial Platform,staged,Which success mouth word wait past necessary performance.
INC-20241203-004218,AST-004218-1,Engine,staged,Likely sure environment early oil hear pay area.
INC-20251014-004220,AST-004220-1,Engine,released,Suddenly stop character decision itself.
INC-20250406-004221,AST-004221-1,Drone,staged,Everyone skin save water.
INC-20250406-004221,AST-004221-2,Ladder,staged,Main nothing though.
INC-20250406-004221,AST-004221-3,Water Tender,staged,Perhaps sister bill back cut citizen become.
INC-20250529-004222,AST-004222-1,Drone,deployed,Pick prove address why.
INC-20250529-004222,AST-004222-2,Ladder,released,Minute ahead project individual opportunity service.
INC-20250913-004223,AST-004223-1,Water Tender,released,Child property tend quickly almost site.
INC-20250913-004223,AST-004223-2,Foam Trailer,released,Sure newspaper glass lawyer expert into suddenly push.
INC-20250908-004224,AST-004224-1,Drone,staged,Billion crime bring.
INC-20250126-004245,AST-004245-1,Foam Trailer,staged,Economic stop social whom Mr and big.
INC-20250728-004250,AST-004250-1,Water Tender,staged,Policy social available little could free happy.
INC-20250728-004250,AST-004250-2,Engine,released,Summer open majority inside line share family.
INC-20250728-004250,AST-004250-3,Foam Trailer,released,Black simply society seek anything range man.
INC-20250531-004254,AST-004254-1,Engine,deployed,Room industry eat name.
INC-20250524-004255,AST-004255-1,Foam Trailer,released,Cell reality read hundred watch stay call tell.
INC-20250524-004255,AST-004255-2,Ladder,deployed,Positive eight me card difference together charge Mrs.
INC-20250524-004255,AST-004255-3,Aerial Platform,deployed,Cover draw member international consider.
INC-20250904-004257,AST-004257-1,Aerial Platform,released,Window institution only put especially may including.
INC-20250904-004257,AST-004257-2,Drone,staged,Try against opportunity.
INC-20230123-004258,AST-004258-1,Water Tender,released,Hotel role source agreement avoid attention deep.
INC-20250828-004262,AST-004262-1,Water Tender,deployed,Throw wait century fund.
INC-20250728-004263,AST-004263-1,Engine,deployed,Them social rich ever game direction.
INC-20250728-004263,AST-004263-2,Drone,deployed,Central administration within part color quickly human.
INC-20250728-004263,AST-004263-3,Engine,deployed,Understand environmental everybody truth author interesting debate.
INC-20250822-004266,AST-004266-1,Foam Trailer,released,Performance production dark staff space baby room practice.
INC-20250214-004267,AST-004267-1,Aerial Platform,staged,She feel federal like plan last.
INC-20250214-004267,AST-004267-2,Engine,staged,Rate modern into remain.
INC-20250214-004267,AST-004267-3,Aerial Platform,deployed,Forward result threat less pass.
INC-20230404-004269,AST-004269-1,Drone,released,Yourself husband wear participant moment peace meeting.
INC-20240521-004270,AST-004270-1,Water Tender,released,Doctor end others end conference.
INC-20230719-004271,AST-004271-1,Ladder,released,Surface issue fly.
INC-20230719-004271,AST-004271-2,Foam Trailer,released,Camera art human most yes board.
INC-20230719-004271,AST-004271-3,Ladder,deployed,Whole table itself expert.
INC-20240802-004272,AST-004272-1,Drone,deployed,Capital actually marriage begin.
INC-20240802-004272,AST-004272-2,Engine,deployed,Miss himself resource move computer participant mention.
INC-20240802-004272,AST-004272-3,Foam Trailer,staged,As important dream.
INC-20250622-004273,AST-004273-1,Drone,deployed,With join result area both.
INC-20250622-004273,AST-004273-2,Water Tender,deployed,Seat husband research modern traditional.
INC-20250622-004273,AST-004273-3,Water Tender,deployed,Pass house himself half turn.
INC-20250728-004280,AST-004280-1,Aerial Platform,deployed,Result develop happen tonight growth.
INC-20250728-004280,AST-004280-2,Aerial Platform,deployed,Government hospital evening good production.
INC-20230427-004283,AST-004283-1,Engine,released,Better TV turn event.
INC-20230427-004283,AST-004283-2,Aerial Platform,released,Inside sell her laugh lead senior.
INC-20230427-004283,AST-004283-3,Water Tender,deployed,Identify all agreement stop always today mother character.
INC-20250617-004287,AST-004287-1,Water Tender,deployed,Skin keep arrive experience street.
INC-20250617-004287,AST-004287-2,Foam Trailer,staged,Character beautiful space administration support policy.
INC-20250617-004287,AST-004287-3,Foam Trailer,deployed,Station Congress and year.
INC-20251022-004290,AST-004290-1,Ladder,deployed,Southern bring best cell purpose computer.
INC-20241111-004293,AST-004293-1,Water Tender,staged,Event note above poor pattern.
INC-20250729-004294,AST-004294-1,Engine,released,Down care against mission hair fine.
INC-20250729-004294,AST-004294-2,Aerial Platform,released,Go real paper something make local.
INC-20230511-004295,AST-004295-1,Ladder,staged,Check sell discover offer necessary agent down.
INC-20230511-004295,AST-004295-2,Drone,deployed,Officer us home source parent.
INC-20230511-004295,AST-004295-3,Engine,staged,Tax woman course international for.
INC-20250918-004296,AST-004296-1,Foam Trailer,staged,Air wear single magazine represent.
INC-20231225-004302,AST-004302-1,Ladder,staged,Theory many specific see final.
INC-20231225-004302,AST-004302-2,Drone,staged,Study voice resource popular unit before.
INC-20231225-004302,AST-004302-3,Foam Trailer,released,Give feel investment or spring television.
INC-20240218-004303,AST-004303-1,Engine,deployed,Break film tax seem despite finally.
INC-20240218-004303,AST-004303-2,Engine,released,World line campaign change why.
INC-20251002-004304,AST-004304-1,Water Tender,deployed,Half son yes call wrong heart.
INC-20250926-004306,AST-004306-1,Aerial Platform,staged,Among news message college television.
INC-20250926-004306,AST-004306-2,Aerial Platform,released,Big rather couple scientist fish player above.
INC-20250926-004306,AST-004306-3,Drone,staged,Current because better stuff wish degree safe.
INC-20250927-004307,AST-004307-1,Ladder,staged,Program three range there since condition strong.
INC-20250208-004308,AST-004308-1,Engine,deployed,Machine father deal with thank memory.
INC-20250208-004308,AST-004308-2,Engine,released,Assume right beat structure industry husband book.
INC-20250525-004309,AST-004309-1,Ladder,deployed,Effect scientist help itself until life such.
INC-20250525-004309,AST-004309-2,Aerial Platform,released,Everyone team class.
INC-20250525-004309,AST-004309-3,Ladder,deployed,Decade population money director should sport data.
INC-20250923-004312,AST-004312-1,Engine,released,Employee fast bring.
INC-20250923-004312,AST-004312-2,Engine,deployed,Finally nation couple tonight.
INC-20250923-004312,AST-004312-3,Aerial Platform,staged,Those class behavior get force.
INC-20250824-004313,AST-004313-1,Drone,staged,Standard forward eight world citizen.
INC-20250824-004313,AST-004313-2,Foam Trailer,deployed,Paper possible teacher data write foot popular.
INC-20250824-004313,AST-004313-3,Drone,staged,Summer cover organization.
INC-20250819-004314,AST-004314-1,Drone,released,Lose race area drive water idea player country.
INC-20250929-004316,AST-004316-1,Drone,staged,Either house that.
INC-20250929-004316,AST-004316-2,Aerial Platform,deployed,Create because responsibility ball option Mrs.
INC-20240618-004317,AST-004317-1,Drone,deployed,Matter product hard.
INC-20240618-004317,AST-004317-2,Engine,released,Score level participant agent hear magazine.
INC-20250819-004319,AST-004319-1,Ladder,deployed,Hope data decade get or today race.
INC-20250803-004320,AST-004320-1,Aerial Platform,deployed,Republican loss outside Democrat and dinner.
INC-20250803-004320,AST-004320-2,Engine,released,Care design design believe decide form.
INC-20221208-004325,AST-004325-1,Water Tender,staged,Air maybe very approach but.
INC-20221208-004325,AST-004325-2,Ladder,released,Identify system lose article accept.
INC-20230526-004326,AST-004326-1,Water Tender,staged,Into those make plant article.
INC-20230526-004326,AST-004326-2,Foam Trailer,staged,Team color already.
INC-20251021-004327,AST-004327-1,Water Tender,staged,Significant account need follow.
INC-20251021-004327,AST-004327-2,Ladder,deployed,Study sometimes hand see because.
INC-20251021-004327,AST-004327-3,Ladder,staged,Modern owner season such candidate firm.
INC-20250916-004328,AST-004328-1,Water Tender,deployed,Action reduce do stage technology sometimes Republican.
INC-20250916-004328,AST-004328-2,Aerial Platform,staged,Life could bit series.
INC-20250613-004331,AST-004331-1,Aerial Platform,deployed,Each knowledge ten.
INC-20250613-004331,AST-004331-2,Water Tender,staged,Election couple pressure evidence only.
INC-20250613-004331,AST-004331-3,Ladder,released,Include seek Mrs.
INC-20250903-004340,AST-004340-1,Drone,deployed,National our foot throughout relationship him show.
INC-20250903-004340,AST-004340-2,Engine,deployed,Among summer old carry itself meeting model.
INC-20251022-004343,AST-004343-1,Drone,deployed,Include Mrs watch never behavior brother.
INC-20251022-004343,AST-004343-2,Engine,deployed,Choose product instead traditional beautiful job.
INC-20251009-004344,AST-004344-1,Engine,released,Professor often edge up career last note.
INC-20251009-004344,AST-004344-2,Engine,released,His sound ever inside enjoy effort.
INC-20250520-004345,AST-004345-1,Aerial Platform,staged,Between available reality seem already we job.
INC-20250520-004345,AST-004345-2,Foam Trailer,staged,Either writer tonight maintain management allow.
INC-20250520-004345,AST-004345-3,Water Tender,released,Speak through individual consumer unit.
INC-20240805-004346,AST-004346-1,Aerial Platform,deployed,Leader market newspaper trial something show third sit.
INC-20240805-004346,AST-004346-2,Foam Trailer,released,Mother fire beautiful more.
INC-20250827-004349,AST-004349-1,Aerial Platform,staged,Crime whole surface already especially.
INC-20250827-004349,AST-004349-2,Aerial Platform,released,Exist voice process environment.
INC-20250827-004349,AST-004349-3,Drone,deployed,Collection claim future deal.
INC-20250724-004350,AST-004350-1,Engine,released,Whole page fish.
INC-20250724-004350,AST-004350-2,Drone,released,Buy think although police site once.
INC-20250726-004351,AST-004351-1,Water Tender,staged,Tree reach pay natural news.
INC-20250726-004351,AST-004351-2,Ladder,staged,Ahead pull in ability spring contain make call.
INC-20250726-004351,AST-004351-3,Aerial Platform,released,Resource region often perhaps become perform oil.
INC-20250511-004356,AST-004356-1,Drone,deployed,Safe soldier according issue follow participant both social.
INC-20250511-004356,AST-004356-2,Drone,staged,Way yard anything else.
INC-20250511-004356,AST-004356-3,Engine,released,Claim rather we degree me.
INC-20250603-004357,AST-004357-1,Ladder,released,Fact together production race capital husband single series.
INC-20250817-004359,AST-004359-1,Drone,staged,Quite there begin great thing anyone quality serious.
INC-20250817-004359,AST-004359-2,Engine,staged,Responsibility then eye minute and project to.
INC-20250817-004359,AST-004359-3,Engine,deployed,Customer city together rich.
INC-20250923-004360,AST-004360-1,Drone,released,Fall important always issue then represent goal.
INC-20250923-004360,AST-004360-2,Drone,deployed,Thought meet issue build.
INC-20250914-004363,AST-004363-1,Aerial Platform,deployed,Compare seek determine its talk poor student.
INC-20250914-004363,AST-004363-2,Aerial Platform,released,Use room institution.
INC-20250914-004363,AST-004363-3,Engine,deployed,Laugh write catch dog.
INC-20250722-004365,AST-004365-1,Engine,staged,Soldier those character half.
INC-20250722-004365,AST-004365-2,Foam Trailer,staged,Share she serious town age.
INC-20250722-004365,AST-004365-3,Foam Trailer,deployed,Fear often television hand art.
INC-20250716-004368,AST-004368-1,Ladder,released,Line particular quickly seek movie adult.
INC-20250809-004369,AST-004369-1,Water Tender,deployed,Can compare exactly left box sit.
INC-20250809-004369,AST-004369-2,Engine,released,Recognize analysis poor economy.
INC-20250809-004369,AST-004369-3,Ladder,deployed,Rich sometimes six address.
INC-20241029-004372,AST-004372-1,Aerial Platform,released,He have score.
INC-20240628-004375,AST-004375-1,Engine,deployed,Data school operation method like.
INC-20240628-004375,AST-004375-2,Drone,released,Hundred spring campaign.
INC-20250925-004377,AST-004377-1,Aerial Platform,staged,Notice hour get dinner would young write.
INC-20250925-004377,AST-004377-2,Ladder,released,Thing room camera approach.
INC-20251017-004378,AST-004378-1,Drone,released,Cover protect ball.
INC-20251004-004380,AST-004380-1,Ladder,released,Though especially box peace.
INC-20251004-004380,AST-004380-2,Drone,deployed,Sound present follow glass even early none.
INC-20251004-004380,AST-004380-3,Engine,deployed,International again hot.
INC-20250926-004381,AST-004381-1,Engine,deployed,Rate enter reflect song wind game.
INC-20241106-004382,AST-004382-1,Ladder,deployed,Provide hour fire.
INC-20241106-004382,AST-004382-2,Water Tender,released,Security girl dog perhaps form change energy.
INC-20241106-004382,AST-004382-3,Ladder,staged,Result begin him magazine feel.
INC-20251004-004385,AST-004385-1,Aerial Platform,staged,Example network goal condition.
INC-20251004-004385,AST-004385-2,Drone,deployed,It campaign return consumer by improve.
INC-20251004-004385,AST-004385-3,Aerial Platform,deployed,New sister rate charge arrive build as.
INC-20250806-004386,AST-004386-1,Aerial Platform,deployed,Difficult force early participant early under.
INC-20250806-004386,AST-004386-2,Ladder,released,Bill newspaper kitchen admit experience.
INC-20250929-004388,AST-004388-1,Ladder,deployed,Dark nation young candidate race look growth.
INC-20250929-004388,AST-004388-2,Aerial Platform,deployed,Suggest produce to.
INC-20250730-004390,AST-004390-1,Water Tender,released,Page door avoid.
INC-20250730-004390,AST-004390-2,Engine,released,President Republican list religious.
INC-20250730-004390,AST-004390-3,Drone,released,Various front gas wrong our.
INC-20250208-004394,AST-004394-1,Drone,deployed,Level account sister near among real provide.
INC-20250902-004400,AST-004400-1,Ladder,deployed,Drive claim day environmental small once.
INC-20251006-004401,AST-004401-1,Engine,released,Other exist capital part make.
INC-20251006-004401,AST-004401-2,Ladder,released,Realize want last little apply.
INC-20251006-004401,AST-004401-3,Aerial Platform,released,By three own past subject when.
INC-20250901-004407,AST-004407-1,Aerial Platform,deployed,Why surface health physical home.
INC-20250901-004407,AST-004407-2,Engine,deployed,Special difficult land leader ball wrong drug.
INC-20250901-004407,AST-004407-3,Ladder,deployed,Include different artist none.
INC-20250118-004409,AST-004409-1,Water Tender,deployed,Help list able agreement.
INC-20250118-004409,AST-004409-2,Engine,deployed,Instead strategy plant resource girl.
INC-20250118-004409,AST-004409-3,Aerial Platform,released,Stop fly eight inside can indeed agree.
INC-20231117-004413,AST-004413-1,Engine,released,Baby hit event Republican already just treatment.
INC-20231117-004413,AST-004413-2,Foam Trailer,staged,Maybe group partner beyond role.
INC-20230921-004415,AST-004415-1,Foam Trailer,staged,Simply account animal fast thought see man.
INC-20230921-004415,AST-004415-2,Engine,released,Second modern little sort season if.
INC-20251004-004417,AST-004417-1,Water Tender,staged,Affect act sing author likely page.
INC-20251019-004418,AST-004418-1,Engine,deployed,Establish nation rich kitchen guy.
INC-20251019-004418,AST-004418-2,Ladder,deployed,Family play as decade everybody way produce.
INC-20250929-004419,AST-004419-1,Drone,deployed,Wonder center fish eat ahead truth never.
INC-20250917-004420,AST-004420-1,Aerial Platform,deployed,Parent them again hot message amount church.
INC-20251017-004424,AST-004424-1,Water Tender,staged,Job your establish like force.
INC-20251017-004424,AST-004424-2,Drone,deployed,Leave floor outside forward fire center.
INC-20221201-004428,AST-004428-1,Engine,released,Address recognize star hospital arm skill read.
INC-20221201-004428,AST-004428-2,Foam Trailer,released,Hit deep along offer at act development.
INC-20250202-004429,AST-004429-1,Aerial Platform,released,Morning condition program marriage director center commercial.
INC-20250202-004429,AST-004429-2,Drone,staged,Power control but black increase.
INC-20250520-004431,AST-004431-1,Ladder,deployed,Key discover bed war.
INC-20250520-004431,AST-004431-2,Ladder,released,Develop federal leave now right know drive upon.
INC-20250520-004431,AST-004431-3,Foam Trailer,deployed,Senior hospital race miss mother beyond.
INC-20250718-004436,AST-004436-1,Engine,released,Reason condition whom cover plant travel.
INC-20250718-004436,AST-004436-2,Drone,released,Sure majority anyone while child risk.
INC-20250901-004440,AST-004440-1,Foam Trailer,staged,Camera hospital difference good but simple.
INC-20250901-004440,AST-004440-2,Aerial Platform,released,Kid type peace either power.
INC-20250928-004441,AST-004441-1,Drone,deployed,Game participant would leader.
INC-20250928-004441,AST-004441-2,Aerial Platform,deployed,International court organization.
INC-20250614-004442,AST-004442-1,Ladder,staged,Explain day whom that matter bar.
INC-20250614-004442,AST-004442-2,Foam Trailer,released,Improve recently whose production interest international.
INC-20250919-004445,AST-004445-1,Aerial Platform,released,Opportunity third action social.
INC-20250919-004445,AST-004445-2,Foam Trailer,released,Move voice require team lot.
INC-20250919-004445,AST-004445-3,Aerial Platform,released,Structure agency listen have argue father.
INC-20250913-004448,AST-004448-1,Engine,deployed,Where particular even game return challenge everything.
INC-20250913-004448,AST-004448-2,Engine,deployed,Staff difficult for vote alone.
INC-20250913-004448,AST-004448-3,Water Tender,deployed,Instead lose spring medical fear guess.
INC-20250927-004449,AST-004449-1,Drone,staged,Natural market carry.
INC-20250927-004449,AST-004449-2,Water Tender,released,Class bring woman so including scene better.
INC-20230301-004453,AST-004453-1,Ladder,staged,Throughout total like.
INC-20250610-004454,AST-004454-1,Drone,staged,Gas green similar require.
INC-20250731-004455,AST-004455-1,Water Tender,staged,Quality in successful second.
INC-20251017-004460,AST-004460-1,Engine,released,Get respond against perform reach.
INC-20251017-004460,AST-004460-2,Engine,released,Someone put notice enter.
INC-20251017-004460,AST-004460-3,Engine,staged,Energy market now science partner.
INC-20250908-004462,AST-004462-1,Foam Trailer,staged,Region people throughout rule.
INC-20250908-004462,AST-004462-2,Aerial Platform,deployed,Fight feel cell magazine radio air check benefit.
INC-20221202-004463,AST-004463-1,Water Tender,deployed,Move learn sing hard entire hit.
INC-20221202-004463,AST-004463-2,Engine,deployed,Trouble less leg sister exist believe crime significant.
INC-20250822-004465,AST-004465-1,Foam Trailer,staged,Recent need near score sea.
INC-20250822-004465,AST-004465-2,Foam Trailer,deployed,Might discover sit writer measure.
INC-20250822-004465,AST-004465-3,Engine,released,Thousand country financial factor drop tough without.
INC-20250811-004466,AST-004466-1,Aerial Platform,deployed,Control join dark generation.
INC-20250811-004466,AST-004466-2,Engine,released,Of development high future.
INC-20250811-004466,AST-004466-3,Engine,released,Onto get throughout everybody though with.
INC-20251022-004471,AST-004471-1,Engine,released,Want paper least information pattern discover successful.
INC-20250804-004472,AST-004472-1,Drone,released,Job morning technology discuss head.
INC-20250804-004472,AST-004472-2,Drone,deployed,Effort million record goal name success standard.
INC-20250804-004472,AST-004472-3,Water Tender,staged,Method politics world candidate increase sure modern hair.
INC-20221210-004484,AST-004484-1,Drone,staged,Discover federal several never.
INC-20250823-004493,AST-004493-1,Engine,released,Kid wall gun at not.
INC-20250823-004493,AST-004493-2,Water Tender,staged,High already court sense.
INC-20250823-004493,AST-004493-3,Engine,released,Size phone imagine will maybe shoulder.
INC-20250619-004494,AST-004494-1,Foam Trailer,deployed,Industry half break stop.
INC-20250619-004494,AST-004494-2,Ladder,deployed,Government partner full allow some field.
INC-20250113-004495,AST-004495-1,Water Tender,released,After foot yard yes serve imagine.
INC-20250113-004495,AST-004495-2,Ladder,staged,Across impact guess human most collection.
INC-20250326-004498,AST-004498-1,Engine,deployed,Human local else glass.
INC-20250326-004498,AST-004498-2,Foam Trailer,staged,Amount organization agree use rich under money.
INC-20250921-004504,AST-004504-1,Ladder,released,Apply look wrong central move.
INC-20250921-004504,AST-004504-2,Ladder,released,Short court poor opportunity admit write either until.
INC-20250921-004504,AST-004504-3,Engine,deployed,Table bit describe determine religious health.
INC-20250814-004505,AST-004505-1,Foam Trailer,released,Summer bill news everyone upon.
INC-20250814-004505,AST-004505-2,Foam Trailer,released,Field draw first what.
INC-20250801-004507,AST-004507-1,Foam Trailer,staged,Reason real artist apply relationship source.
INC-20250801-004507,AST-004507-2,Ladder,deployed,Form edge call decade lawyer conference growth.
INC-20250801-004507,AST-004507-3,Water Tender,deployed,Land must he him popular save whether.
INC-20250731-004508,AST-004508-1,Aerial Platform,staged,Couple grow pay wind herself air gas.
INC-20250816-004510,AST-004510-1,Drone,staged,Building design despite pay watch.
INC-20250816-004510,AST-004510-2,Drone,staged,Market service suggest card reason understand give.
INC-20250612-004511,AST-004511-1,Ladder,staged,Hospital carry effect Mrs rule stop difficult.
INC-20250612-004511,AST-004511-2,Foam Trailer,released,Build trial front reality course shoulder.
INC-20250612-004511,AST-004511-3,Aerial Platform,staged,Century call drop.
INC-20250727-004514,AST-004514-1,Drone,staged,Letter first sing old hand however film bank.
INC-20250727-004514,AST-004514-2,Foam Trailer,deployed,Reality save parent chair stand.
INC-20251012-004515,AST-004515-1,Ladder,released,Air knowledge anyone north stay.
INC-20251012-004515,AST-004515-2,Foam Trailer,staged,Stage specific audience call.
INC-20251012-004515,AST-004515-3,Aerial Platform,released,Suddenly hand road president thus word.
INC-20250904-004521,AST-004521-1,Ladder,staged,Mr manager two memory wife whole war.
INC-20240401-004522,AST-004522-1,Aerial Platform,released,Movie couple early measure.
INC-20240401-004522,AST-004522-2,Engine,staged,Treatment represent lay reason Democrat.
INC-20251018-004525,AST-004525-1,Drone,released,Sit condition walk for.
INC-20250918-004532,AST-004532-1,Aerial Platform,staged,Dinner whose remain we about.
INC-20250930-004533,AST-004533-1,Engine,deployed,Stage once understand score choose.
INC-20250930-004533,AST-004533-2,Foam Trailer,staged,Answer act imagine everyone time none.
INC-20250930-004533,AST-004533-3,Ladder,staged,For his physical court difference.
INC-20250302-004536,AST-004536-1,Drone,deployed,General human or morning.
INC-20250302-004536,AST-004536-2,Aerial Platform,staged,Watch must chance value add job future.
INC-20250809-004540,AST-004540-1,Drone,staged,Our east like his.
INC-20250809-004540,AST-004540-2,Water Tender,staged,Sister on while.
INC-20250824-004544,AST-004544-1,Foam Trailer,staged,Health nor national simple morning main.
INC-20250824-004544,AST-004544-2,Aerial Platform,deployed,Detail important arrive Republican black.
INC-20250824-004544,AST-004544-3,Foam Trailer,deployed,Organization general support practice wrong themselves yourself.
INC-20250924-004546,AST-004546-1,Foam Trailer,staged,Marriage tax sort attack list.
INC-20250924-004546,AST-004546-2,Ladder,deployed,Coach others find wrong eye center couple.
INC-20250924-004546,AST-004546-3,Water Tender,deployed,Note voice good turn center foreign manager.
INC-20250911-004548,AST-004548-1,Water Tender,staged,Until try window adult reflect woman without.
INC-20250811-004556,AST-004556-1,Foam Trailer,deployed,Exist upon rise standard.
INC-20250926-004558,AST-004558-1,Foam Trailer,released,Behind success partner visit when.
INC-20251018-004559,AST-004559-1,Drone,released,Enough pass always wear again everybody cut those.
INC-20240110-004560,AST-004560-1,Water Tender,staged,Hand total instead thus cost us over.
INC-20250804-004561,AST-004561-1,Drone,staged,Ask my young campaign clearly.
INC-20250804-004561,AST-004561-2,Ladder,staged,Lose write real parent prove run behind.
INC-20250115-004563,AST-004563-1,Ladder,staged,Doctor only run reach another every film.
INC-20250115-004563,AST-004563-2,Drone,released,Appear decision stop detail over station own event.
INC-20250821-004566,AST-004566-1,Engine,deployed,Adult maybe trial sit record.
INC-20250821-004566,AST-004566-2,Water Tender,staged,As cold another family why first both.
INC-20250821-004566,AST-004566-3,Water Tender,staged,Also main spend girl serious speak test.
INC-20250708-004569,AST-004569-1,Engine,deployed,Represent consider today spring hand.
INC-20240727-004573,AST-004573-1,Water Tender,released,Close body price few real time.
INC-20251012-004575,AST-004575-1,Ladder,released,Town letter leg budget market resource risk.
INC-20250920-004576,AST-004576-1,Engine,deployed,Staff design sport opportunity suggest.
INC-20250907-004580,AST-004580-1,Engine,staged,The focus start ago media.
INC-20250907-004580,AST-004580-2,Ladder,deployed,Cold beautiful many want point environment real.
INC-20250907-004580,AST-004580-3,Water Tender,deployed,Forget get bring court movement.
INC-20240921-004582,AST-004582-1,Engine,staged,Shake before country.
INC-20240921-004582,AST-004582-2,Ladder,deployed,Painting individual firm benefit difference do.
INC-20250502-004585,AST-004585-1,Engine,released,Send perhaps thing school within big.
INC-20250912-004589,AST-004589-1,Aerial Platform,staged,Question form short moment anyone.
INC-20250912-004589,AST-004589-2,Aerial Platform,deployed,Mind fly growth man wait health.
INC-20250912-004589,AST-004589-3,Foam Trailer,staged,Major by network seven.
INC-20250518-004596,AST-004596-1,Ladder,deployed,House vote low entire health like.
INC-20250218-004597,AST-004597-1,Aerial Platform,staged,Protect drug save agency.
INC-20250218-004597,AST-004597-2,Water Tender,staged,Fast statement tough summer sing whose find.
INC-20250819-004598,AST-004598-1,Engine,staged,Government answer central agree model parent call clearly.
INC-20250819-004598,AST-004598-2,Drone,deployed,Plant action recently radio sound middle cut.
INC-20251019-004603,AST-004603-1,Aerial Platform,staged,True if short customer ok political from then.
INC-20251019-004603,AST-004603-2,Engine,released,Century particular fact something face simple.
INC-20251003-004604,AST-004604-1,Foam Trailer,staged,Task sell rise pretty in.
INC-20251003-004604,AST-004604-2,Ladder,deployed,Onto great middle center.
INC-20251003-004604,AST-004604-3,Ladder,released,Probably between full really population.
INC-20250428-004609,AST-004609-1,Water Tender,staged,Everybody man street long.
INC-20250428-004609,AST-004609-2,Foam Trailer,staged,Herself air yeah south.
INC-20250728-004610,AST-004610-1,Aerial Platform,deployed,Pattern laugh effort.
INC-20250929-004613,AST-004613-1,Aerial Platform,staged,Memory decision see war.
INC-20250929-004613,AST-004613-2,Aerial Platform,deployed,Time growth consumer lot avoid.
INC-20250929-004613,AST-004613-3,Water Tender,deployed,Minute rise half candidate attention however.
INC-20250725-004616,AST-004616-1,Aerial Platform,staged,Ten would rock commercial great official husband.
INC-20250805-004617,AST-004617-1,Ladder,staged,Like single who stop.
INC-20250805-004617,AST-004617-2,Ladder,staged,Same understand four agency walk best possible it.
INC-20250526-004620,AST-004620-1,Engine,released,Current alone wall you.
INC-20250526-004620,AST-004620-2,Water Tender,released,Inside around trial finish guess computer name.
INC-20250108-004622,AST-004622-1,Ladder,deployed,Politics every single worry girl.
INC-20250815-004623,AST-004623-1,Water Tender,released,Shake note professor product.
INC-20250709-004625,AST-004625-1,Foam Trailer,deployed,Stuff sign truth science manager response call make.
INC-20250709-004625,AST-004625-2,Water Tender,released,Because myself news street consumer anything situation.
INC-20251008-004629,AST-004629-1,Ladder,released,Ok since fine yet improve sign.
INC-20251016-004630,AST-004630-1,Aerial Platform,released,Project mention growth out smile future green.
INC-20251016-004630,AST-004630-2,Foam Trailer,staged,Cup move human lawyer draw dark government.
INC-20250719-004632,AST-004632-1,Drone,staged,Actually network consider everybody cut probably hear.
INC-20251011-004633,AST-004633-1,Foam Trailer,staged,Bank painting hair real.
INC-20251011-004633,AST-004633-2,Water Tender,released,Town ground magazine reality statement song.
INC-20251011-004633,AST-004633-3,Aerial Platform,staged,Argue director mention party just church natural.
INC-20241223-004635,AST-004635-1,Water Tender,staged,Success challenge end soon.
INC-20241223-004635,AST-004635-2,Aerial Platform,staged,Understand international politics anything hair and she woman.
INC-20241223-004635,AST-004635-3,Ladder,deployed,Window wait all central.
INC-20250727-004636,AST-004636-1,Foam Trailer,released,Party view service agree with weight.
INC-20250727-004636,AST-004636-2,Aerial Platform,staged,Open direction loss owner each shake.
INC-20251007-004639,AST-004639-1,Foam Trailer,released,Enjoy over nation picture operation third check.
INC-20251007-004639,AST-004639-2,Foam Trailer,staged,Picture any poor face music total after pattern.
INC-20251007-004639,AST-004639-3,Ladder,staged,Receive build smile despite huge yes.
INC-20250910-004644,AST-004644-1,Ladder,released,Call near strong condition others responsibility school.
INC-20251003-004645,AST-004645-1,Foam Trailer,staged,Majority college pretty speak speech.
INC-20251003-004645,AST-004645-2,Foam Trailer,staged,Camera this pass at involve level strategy than.
INC-20251003-004645,AST-004645-3,Drone,staged,Note claim use skill imagine imagine debate.
INC-20250303-004646,AST-004646-1,Aerial Platform,released,Write age begin realize building.
INC-20250725-004651,AST-004651-1,Aerial Platform,deployed,But hotel administration stop member.
INC-20250725-004651,AST-004651-2,Foam Trailer,deployed,Their stay small decision staff question financial walk.
INC-20250725-004651,AST-004651-3,Water Tender,released,End performance dark describe.
INC-20250709-004653,AST-004653-1,Drone,released,Political unit bad keep skill model.
INC-20250709-004653,AST-004653-2,Engine,released,Site as yourself senior he person.
INC-20250709-004653,AST-004653-3,Drone,staged,Rate soon wear war me particular interest.
INC-20250928-004655,AST-004655-1,Water Tender,released,Weight open prove cold rather sound plant.
INC-20250526-004663,AST-004663-1,Ladder,released,Raise modern accept knowledge happen wonder.
INC-20250526-004663,AST-004663-2,Ladder,staged,War available fund begin.
INC-20250905-004665,AST-004665-1,Ladder,deployed,Safe bank human.
INC-20250905-004665,AST-004665-2,Water Tender,staged,Whatever edge if approach.
INC-20250819-004668,AST-004668-1,Foam Trailer,staged,Traditional rather well these.
INC-20250819-004668,AST-004668-2,Engine,deployed,First oil would.
INC-20250728-004669,AST-004669-1,Engine,deployed,Religious son low interest however such when.
INC-20250728-004669,AST-004669-2,Drone,released,Risk fill or trip able early like.
INC-20251012-004670,AST-004670-1,Foam Trailer,released,Subject today live energy mind push somebody.
INC-20251012-004670,AST-004670-2,Drone,released,Person focus everyone opportunity.
INC-20251011-004675,AST-004675-1,Drone,staged,Million discuss point.
INC-20251011-004675,AST-004675-2,Aerial Platform,staged,Dark everything perhaps upon none.
INC-20251011-004675,AST-004675-3,Foam Trailer,released,Western find power prove hold if culture.
INC-20250913-004680,AST-004680-1,Aerial Platform,deployed,Among international middle plan sound bag start.
INC-20250913-004680,AST-004680-2,Aerial Platform,deployed,Light stuff six better.
INC-20250930-004683,AST-004683-1,Ladder,deployed,Improve only together analysis sort accept sound.
INC-20250930-004683,AST-004683-2,Engine,staged,Room industry not professor scene artist draw.
INC-20250930-004683,AST-004683-3,Engine,staged,My consider eye range everything president center.
INC-20250828-004684,AST-004684-1,Ladder,deployed,Until say several star majority.
INC-20250828-004684,AST-004684-2,Engine,deployed,Right two technology gun discuss thousand about.
INC-20250827-004685,AST-004685-1,Water Tender,released,Explain special less.
INC-20251004-004686,AST-004686-1,Aerial Platform,staged,Enough care threat.
INC-20250916-004690,AST-004690-1,Foam Trailer,released,Recognize wish know yet mean stock.
INC-20250916-004690,AST-004690-2,Water Tender,released,Board detail or soldier including stuff.
INC-20250807-004705,AST-004705-1,Foam Trailer,deployed,Growth firm strong American stuff set.
INC-20250314-004706,AST-004706-1,Foam Trailer,deployed,Arrive create cultural firm develop inside.
INC-20250314-004706,AST-004706-2,Drone,staged,Present herself he determine group.
INC-20250314-004706,AST-004706-3,Foam Trailer,released,Heart activity take buy such.
INC-20250128-004708,AST-004708-1,Engine,released,Voice probably never.
INC-20241204-004709,AST-004709-1,Ladder,staged,Per box then.
INC-20241204-004709,AST-004709-2,Water Tender,deployed,Imagine strategy natural east.
INC-20241204-004709,AST-004709-3,Foam Trailer,deployed,Sure north good give hit fill.
INC-20250829-004714,AST-004714-1,Drone,staged,Help those because time record.
INC-20250922-004715,AST-004715-1,Ladder,staged,Six push research until.
INC-20240227-004716,AST-004716-1,Ladder,released,Me across again arm.
INC-20240227-004716,AST-004716-2,Foam Trailer,staged,Everyone explain enter morning.
INC-20240227-004716,AST-004716-3,Water Tender,staged,Be name company similar.
INC-20251003-004718,AST-004718-1,Water Tender,released,President kid serve.
INC-20251003-004726,AST-004726-1,Foam Trailer,released,Result season soldier.
INC-20251003-004726,AST-004726-2,Water Tender,released,Economic drop stay against something central dog.
INC-20241118-004729,AST-004729-1,Drone,deployed,Ready industry beat head.
INC-20241118-004729,AST-004729-2,Aerial Platform,released,Stage then check.
INC-20241118-004729,AST-004729-3,Ladder,staged,Thus meet state easy.
INC-20250219-004730,AST-004730-1,Water Tender,staged,Debate minute cultural student message.
INC-20250219-004730,AST-004730-2,Aerial Platform,deployed,Consumer candidate either current foot early involve.
INC-20250219-004730,AST-004730-3,Foam Trailer,staged,We bill since window seven onto.
INC-20250906-004731,AST-004731-1,Drone,deployed,Today majority next arrive feeling mean there.
INC-20251019-004732,AST-004732-1,Foam Trailer,deployed,Me officer employee size authority.
INC-20251019-004732,AST-004732-2,Engine,deployed,Statement soldier exactly age success.
INC-20251019-004732,AST-004732-3,Drone,deployed,Yard capital make mother eye senior event.
INC-20250409-004734,AST-004734-1,Ladder,deployed,Seem control phone country good food step trade.
INC-20250409-004734,AST-004734-2,Drone,deployed,Must attention coach talk.
INC-20250409-004734,AST-004734-3,Ladder,staged,Reason might much miss decade bit much easy.
INC-20250927-004736,AST-004736-1,Aerial Platform,staged,Generation require design commercial kid piece cut section.
INC-20250927-004736,AST-004736-2,Ladder,staged,Hear response security toward.
INC-20250927-004736,AST-004736-3,Aerial Platform,deployed,Staff start trip.
INC-20250905-004745,AST-004745-1,Water Tender,staged,Some far position kitchen.
INC-20250905-004745,AST-004745-2,Engine,deployed,Since explain trip vote all talk water.
INC-20250905-004745,AST-004745-3,Engine,deployed,Pick off about.
INC-20241118-004749,AST-004749-1,Foam Trailer,deployed,Line purpose tonight quickly certain third make.
INC-20241118-004749,AST-004749-2,Drone,deployed,For girl serve see interest message why.
INC-20251003-004750,AST-004750-1,Engine,deployed,Could why medical pay.
INC-20251003-004750,AST-004750-2,Aerial Platform,staged,Capital tell minute left medical.
INC-20250830-004753,AST-004753-1,Foam Trailer,deployed,Finish develop although almost statement.
INC-20250830-004753,AST-004753-2,Drone,released,Against one near small ball.
INC-20250830-004753,AST-004753-3,Water Tender,staged,Check phone how five.
INC-20250102-004756,AST-004756-1,Drone,staged,Deep collection service.
INC-20250102-004756,AST-004756-2,Water Tender,staged,Respond rather task most building but.
INC-20250102-004756,AST-004756-3,Aerial Platform,staged,Whether know after value.
INC-20250819-004759,AST-004759-1,Water Tender,released,Either newspaper relate choice act like poor daughter.
INC-20250819-004759,AST-004759-2,Water Tender,deployed,Bag help find turn.
INC-20250819-004759,AST-004759-3,Drone,deployed,Apply interesting occur mean discussion suggest actually.
INC-20240220-004761,AST-004761-1,Drone,released,Role I office ball expect some nature.
INC-20240220-004761,AST-004761-2,Water Tender,deployed,Government actually last unit sense.
INC-20240220-004761,AST-004761-3,Engine,deployed,Ago perhaps authority behind people.
INC-20250914-004764,AST-004764-1,Ladder,deployed,Behavior air character student whole.
INC-20250914-004765,AST-004765-1,Foam Trailer,released,Property movie several.
INC-20250914-004765,AST-004765-2,Water Tender,deployed,Couple baby move describe picture front.
INC-20250914-004765,AST-004765-3,Ladder,released,Range specific side soldier religious region.
INC-20250705-004770,AST-004770-1,Engine,released,Kitchen hear visit question candidate.
INC-20250705-004770,AST-004770-2,Aerial Platform,released,Feel leg little box anything.
INC-20250705-004770,AST-004770-3,Engine,deployed,Media media day federal.
INC-20251017-004771,AST-004771-1,Engine,released,Serve shoulder place budget.
INC-20250927-004772,AST-004772-1,Drone,released,Improve shoulder two.
INC-20250927-004772,AST-004772-2,Foam Trailer,staged,Woman hold truth front.
INC-20241204-004777,AST-004777-1,Drone,released,Modern thank language wall how.
INC-20241204-004777,AST-004777-2,Engine,released,Century although these sit us last decade.
INC-20241204-004777,AST-004777-3,Foam Trailer,staged,Standard evidence five across my admit song.
INC-20250906-004779,AST-004779-1,Engine,released,Work firm nothing argue whatever.
INC-20250906-004779,AST-004779-2,Foam Trailer,released,Same statement job commercial room group.
INC-20250906-004779,AST-004779-3,Water Tender,deployed,Politics note cause few military.
INC-20240126-004780,AST-004780-1,Engine,staged,Together building middle despite think military.
INC-20250814-004782,AST-004782-1,Aerial Platform,deployed,Artist other statement feel fly list.
INC-20250814-004782,AST-004782-2,Water Tender,staged,Painting green book vote then.
INC-20250922-004785,AST-004785-1,Engine,deployed,Either write evening similar give worry.
INC-20250922-004785,AST-004785-2,Aerial Platform,deployed,Church catch consumer member during throw.
INC-20241208-004790,AST-004790-1,Ladder,deployed,Or pick explain sometimes consumer effect skin respond.
INC-20241208-004790,AST-004790-2,Foam Trailer,released,This face read case.
INC-20241208-004790,AST-004790-3,Ladder,staged,Once later section.
INC-20250819-004791,AST-004791-1,Drone,deployed,Organization society green call.
INC-20250819-004791,AST-004791-2,Aerial Platform,staged,Wait close on.
INC-20250819-004791,AST-004791-3,Aerial Platform,released,Statement world training.
INC-20251006-004792,AST-004792-1,Drone,deployed,Hear production modern cold to.
INC-20251006-004792,AST-004792-2,Ladder,staged,First show talk.
INC-20251006-004792,AST-004792-3,Aerial Platform,released,Development college myself buy you cause.
INC-20250824-004793,AST-004793-1,Drone,released,Before science whom beautiful do.
INC-20250725-004794,AST-004794-1,Aerial Platform,deployed,Best way former energy.
INC-20250725-004794,AST-004794-2,Ladder,staged,Ready another opportunity.
INC-20250411-004797,AST-004797-1,Foam Trailer,released,Of choice prevent morning full.
INC-20250411-004797,AST-004797-2,Aerial Platform,staged,Meeting bit be leg majority.
INC-20250411-004797,AST-004797-3,Drone,released,Grow high record state.
INC-20250828-004799,AST-004799-1,Ladder,released,Maybe look away.
INC-20250910-004801,AST-004801-1,Aerial Platform,deployed,See experience together couple defense onto.
INC-20250910-004801,AST-004801-2,Foam Trailer,staged,Later eight bank glass high fine I.
INC-20250910-004801,AST-004801-3,Water Tender,released,Soldier media garden than care whose make above.
INC-20250131-004802,AST-004802-1,Engine,staged,Score western red owner.
INC-20250131-004802,AST-004802-2,Aerial Platform,staged,Safe station statement.
INC-20251021-004804,AST-004804-1,Aerial Platform,released,Marriage company tend defense where.
INC-20250911-004805,AST-004805-1,Foam Trailer,staged,Treatment budget you star sport leader.
INC-20251003-004806,AST-004806-1,Foam Trailer,released,Group world quite affect water purpose choose.
INC-20251003-004806,AST-004806-2,Water Tender,deployed,Never purpose enjoy sort occur major.
INC-20251003-004806,AST-004806-3,Engine,released,Little dark successful person bad laugh either.
INC-20251008-004807,AST-004807-1,Ladder,deployed,Enjoy admit cut there statement event understand design.
INC-20250823-004808,AST-004808-1,Engine,staged,Hear country moment.
INC-20251016-004810,AST-004810-1,Water Tender,released,Blue someone poor now condition sea put contain.
INC-20251016-004810,AST-004810-2,Aerial Platform,released,Leg social all between under same next.
INC-20251016-004810,AST-004810-3,Foam Trailer,released,Trip consider area individual security this.
INC-20251009-004812,AST-004812-1,Ladder,deployed,Election mouth hospital skill Mrs.
INC-20251008-004817,AST-004817-1,Water Tender,staged,Respond nearly management floor program.
INC-20251008-004817,AST-004817-2,Aerial Platform,deployed,Serious serious center what happy indicate girl.
INC-20250223-004820,AST-004820-1,Foam Trailer,released,Vote growth majority federal way strong.
INC-20250223-004820,AST-004820-2,Drone,staged,Identify including until rise natural.
INC-20250223-004820,AST-004820-3,Aerial Platform,deployed,Per reality team star.
INC-20250916-004825,AST-004825-1,Engine,staged,Adult line represent actually cost.
INC-20250530-004826,AST-004826-1,Engine,deployed,Democrat series agree music to rate small.
INC-20250429-004827,AST-004827-1,Aerial Platform,staged,Enjoy manager citizen serious full.
INC-20250726-004837,AST-004837-1,Aerial Platform,deployed,Yard walk author worker peace.
INC-20250726-004837,AST-004837-2,Drone,staged,House everybody measure PM job.
INC-20250722-004838,AST-004838-1,Aerial Platform,deployed,Decade special fire whether professor.
INC-20250722-004838,AST-004838-2,Water Tender,released,Laugh through test financial listen.
INC-20250113-004839,AST-004839-1,Aerial Platform,released,Part former result late concern.
INC-20250113-004839,AST-004839-2,Drone,deployed,Continue especially billion card officer total.
INC-20250113-004839,AST-004839-3,Engine,deployed,Offer hand official compare blood.
INC-20250924-004843,AST-004843-1,Engine,deployed,Order now wait ever.
INC-20250904-004845,AST-004845-1,Water Tender,released,Term month step still also sell husband.
INC-20250904-004845,AST-004845-2,Aerial Platform,staged,Trade expect decide kitchen church out.
INC-20250904-004845,AST-004845-3,Water Tender,staged,Room law story election almost.
INC-20251013-004846,AST-004846-1,Aerial Platform,staged,Factor skin wish high.
INC-20241206-004849,AST-004849-1,Ladder,released,Available instead report very second.
INC-20241206-004849,AST-004849-2,Water Tender,staged,Sea expert those property professor available office.
INC-20251017-004850,AST-004850-1,Engine,deployed,Realize summer great sign note.
INC-20251017-004850,AST-004850-2,Engine,deployed,Trial however pick difference involve soldier.
INC-20251017-004850,AST-004850-3,Aerial Platform,staged,Admit focus national foot civil race room college.
INC-20240216-004852,AST-004852-1,Engine,deployed,Must car line tonight create voice.
INC-20240216-004852,AST-004852-2,Engine,staged,Drive must tax scene above animal cover.
INC-20251017-004853,AST-004853-1,Water Tender,released,Office current understand somebody edge get.
INC-20251011-004858,AST-004858-1,Engine,deployed,Office available skill mouth watch process generation.
INC-20251011-004858,AST-004858-2,Water Tender,deployed,Generation half government animal help teach.
INC-20251011-004858,AST-004858-3,Drone,staged,Account provide which cause party that.
INC-20251014-004860,AST-004860-1,Engine,staged,Heavy camera organization heart sport house.
INC-20251014-004860,AST-004860-2,Engine,deployed,Instead effect couple another catch.
INC-20241111-004864,AST-004864-1,Drone,staged,Trip issue mouth.
INC-20231211-004865,AST-004865-1,Aerial Platform,staged,Size development effort movie air.
INC-20231211-004865,AST-004865-2,Drone,deployed,Report ten include public indicate level career.
INC-20240618-004867,AST-004867-1,Aerial Platform,deployed,Forget southern something material business.
INC-20221114-004869,AST-004869-1,Aerial Platform,staged,When policy ahead cold agree agreement.
INC-20221114-004869,AST-004869-2,Drone,staged,May business process product federal provide court.
INC-20250816-004870,AST-004870-1,Aerial Platform,released,Quickly drop weight effort position stop toward.
INC-20250921-004871,AST-004871-1,Engine,released,Community they play these clearly do by.
INC-20250921-004871,AST-004871-2,Drone,staged,Agree increase could under.
INC-20250210-004872,AST-004872-1,Foam Trailer,deployed,Baby assume energy bag behind.
INC-20250210-004872,AST-004872-2,Drone,released,Its west level car hard arrive.
INC-20250210-004872,AST-004872-3,Engine,released,Blue artist admit ok make media.
INC-20250623-004873,AST-004873-1,Aerial Platform,released,Positive life risk force letter.
INC-20250623-004873,AST-004873-2,Drone,deployed,Every party item system.
INC-20250922-004874,AST-004874-1,Aerial Platform,staged,By girl design age.
INC-20250726-004875,AST-004875-1,Drone,staged,What commercial size human themselves treat half.
INC-20250726-004875,AST-004875-2,Ladder,deployed,Light trouble seven admit start make.
INC-20250726-004875,AST-004875-3,Drone,released,Bed travel that among tough read.
INC-20241020-004881,AST-004881-1,Drone,released,Nice per population Congress.
INC-20241020-004881,AST-004881-2,Water Tender,released,Dream fine animal.
INC-20241020-004881,AST-004881-3,Water Tender,released,Hear gas instead person health.
INC-20250925-004882,AST-004882-1,Engine,released,Forget life main painting.
INC-20250925-004882,AST-004882-2,Water Tender,released,Mind bill side mention.
INC-20250517-004883,AST-004883-1,Ladder,staged,Region range professor indeed clearly central.
INC-20250517-004883,AST-004883-2,Ladder,released,Past ball scientist live.
INC-20250517-004883,AST-004883-3,Aerial Platform,deployed,Feeling speech prepare.
INC-20250809-004889,AST-004889-1,Water Tender,released,Behavior analysis include foot goal practice.
INC-20250827-004890,AST-004890-1,Ladder,deployed,Book prepare true strong other put.
INC-20250827-004890,AST-004890-2,Engine,deployed,Nothing open whose fire way level.
INC-20250827-004890,AST-004890-3,Engine,released,Discussion half me.
INC-20241105-004892,AST-004892-1,Aerial Platform,deployed,Rise foot pull letter.
INC-20241105-004892,AST-004892-2,Water Tender,released,Argue along benefit get listen stage.
INC-20241105-004892,AST-004892-3,Water Tender,released,Here town crime.
INC-20230109-004894,AST-004894-1,Water Tender,released,Those country second three particular a.
INC-20230109-004894,AST-004894-2,Foam Trailer,deployed,Never especially key five.
INC-20250807-004895,AST-004895-1,Foam Trailer,released,Politics operation high whose certain.
INC-20250807-004895,AST-004895-2,Engine,staged,Anything past successful list hair leave.
INC-20250807-004895,AST-004895-3,Engine,staged,Minute career store adult artist wife.
INC-20251018-004898,AST-004898-1,Foam Trailer,deployed,Base hold national member pull high son.
INC-20251018-004898,AST-004898-2,Ladder,staged,Police team half artist everything cold of.
INC-20251005-004911,AST-004911-1,Ladder,deployed,Three sense direction change.
INC-20250813-004913,AST-004913-1,Drone,deployed,Return maybe plant major gun way window wind.
INC-20250813-004913,AST-004913-2,Drone,staged,Forget control benefit guy point better.
INC-20241213-004915,AST-004915-1,Ladder,deployed,Rate fall none let maintain role street enjoy.
INC-20251021-004917,AST-004917-1,Drone,deployed,Minute research opportunity at each happen.
INC-20251021-004917,AST-004917-2,Engine,deployed,Nearly conference turn bar take rest run.
INC-20251021-004917,AST-004917-3,Ladder,deployed,Sing Mr politics ability.
INC-20251003-004918,AST-004918-1,Drone,deployed,Before have later great news away.
INC-20250204-004922,AST-004922-1,Ladder,deployed,Work will seven lay risk color life seek.
INC-20250204-004922,AST-004922-2,Ladder,staged,Huge course ten rich.
INC-20250809-004924,AST-004924-1,Foam Trailer,released,Member magazine group sort organization back.
INC-20250809-004924,AST-004924-2,Drone,staged,Simple prove compare.
INC-20251020-004925,AST-004925-1,Foam Trailer,deployed,Foot color north listen every exist own.
INC-20251020-004925,AST-004925-2,Drone,staged,Interview floor lawyer two matter.
INC-20251012-004926,AST-004926-1,Drone,staged,Or clear name teach her suggest.
INC-20251012-004926,AST-004926-2,Aerial Platform,deployed,Necessary suddenly cell American affect.
INC-20251008-004928,AST-004928-1,Ladder,deployed,Concern exactly task still.
INC-20251008-004928,AST-004928-2,Ladder,staged,Wind interesting lot phone should tend.
INC-20251017-004929,AST-004929-1,Drone,deployed,Simple good move board region leg push relate.
INC-20251017-004929,AST-004929-2,Foam Trailer,staged,Important leader travel fall.
INC-20251017-004929,AST-004929-3,Water Tender,released,Treat worker sure.
INC-20250729-004930,AST-004930-1,Engine,staged,Knowledge will music perhaps rich thank.
INC-20250729-004930,AST-004930-2,Ladder,deployed,Understand firm yet apply discussion though how risk.
INC-20250729-004930,AST-004930-3,Drone,released,Parent institution time large decade.
INC-20251022-004932,AST-004932-1,Aerial Platform,deployed,Fine follow business traditional.
INC-20250915-004933,AST-004933-1,Foam Trailer,staged,Soon half three TV last hour.
INC-20250915-004933,AST-004933-2,Water Tender,staged,Door agency indeed.
INC-20250322-004934,AST-004934-1,Ladder,deployed,Name among floor.
INC-20250322-004934,AST-004934-2,Foam Trailer,staged,Tv radio take similar class short bag.
INC-20250322-004934,AST-004934-3,Water Tender,deployed,Last push personal find guess wall.
INC-20250807-004935,AST-004935-1,Water Tender,deployed,Write mission state life bring could force.
INC-20250807-004935,AST-004935-2,Foam Trailer,released,Certainly state this answer term game contain.
INC-20250807-004935,AST-004935-3,Aerial Platform,staged,Hour respond onto tax.
INC-20250929-004937,AST-004937-1,Engine,staged,Official material my moment.
INC-20250805-004941,AST-004941-1,Water Tender,staged,Environment lead animal those likely war.
INC-20250805-004941,AST-004941-2,Engine,staged,Protect thank shake believe similar.
INC-20250816-004942,AST-004942-1,Engine,deployed,Soon institution value box president several situation.
INC-20250816-004942,AST-004942-2,Drone,deployed,Station answer drug analysis yeah network.
INC-20240719-004943,AST-004943-1,Ladder,deployed,Her receive run.
INC-20240719-004943,AST-004943-2,Drone,staged,Real road eight task drop start.
INC-20240719-004943,AST-004943-3,Ladder,released,Often affect court citizen.
INC-20241129-004948,AST-004948-1,Drone,staged,Cultural tough however old.
INC-20241129-004948,AST-004948-2,Ladder,staged,Moment agreement commercial any stop ten.
INC-20241203-004949,AST-004949-1,Aerial Platform,staged,Me keep since price difference ability.
INC-20250828-004950,AST-004950-1,Engine,staged,Law officer crime join choose reveal himself.
INC-20250828-004950,AST-004950-2,Ladder,deployed,Reflect herself group game social.
INC-20230623-004954,AST-004954-1,Foam Trailer,staged,Focus economic increase difficult.
INC-20250531-004955,AST-004955-1,Drone,released,Identify financial girl candidate easy health minute.
INC-20250531-004955,AST-004955-2,Foam Trailer,deployed,Fast traditional risk white she we reality.
INC-20250531-004955,AST-004955-3,Aerial Platform,staged,Spring everyone even modern college meeting service whole.
INC-20250807-004963,AST-004963-1,Water Tender,deployed,Relationship together real yourself.
INC-20250807-004963,AST-004963-2,Ladder,staged,Fact development save enter language piece.
INC-20250807-004963,AST-004963-3,Foam Trailer,deployed,Road account necessary skill sister heart.
INC-20240129-004966,AST-004966-1,Foam Trailer,released,Everybody each machine rock win.
INC-20240129-004966,AST-004966-2,Engine,staged,Cost difference perform surface federal particular wall.
INC-20240129-004966,AST-004966-3,Aerial Platform,deployed,Industry population as top.
INC-20241216-004968,AST-004968-1,Aerial Platform,released,Another computer beautiful bit son.
INC-20250908-004972,AST-004972-1,Water Tender,deployed,Line thousand seat less.
INC-20250914-004973,AST-004973-1,Drone,released,Animal arm line station.
INC-20250914-004973,AST-004973-2,Drone,deployed,Court lot me election.
INC-20250718-004974,AST-004974-1,Water Tender,deployed,Light share world.
INC-20250718-004974,AST-004974-2,Ladder,deployed,Hundred surface business course process.
INC-20250718-004974,AST-004974-3,Drone,staged,Realize relationship involve painting.
INC-20250805-004975,AST-004975-1,Ladder,released,Responsibility pass wonder.
INC-20250805-004975,AST-004975-2,Drone,staged,Off mission rich letter big.
INC-20250805-004975,AST-004975-3,Foam Trailer,released,Within tough guy past.
INC-20250626-004977,AST-004977-1,Ladder,staged,Father must foot.
INC-20250626-004977,AST-004977-2,Drone,deployed,City say firm.
INC-20250827-004980,AST-004980-1,Drone,staged,Conference table culture while teach professional.
INC-20250827-004980,AST-004980-2,Foam Trailer,staged,Whether fear add later.
INC-20250827-004980,AST-004980-3,Drone,released,Campaign indicate simply box thousand tell even.
INC-20251009-004981,AST-004981-1,Foam Trailer,released,Road year poor.
INC-20251009-004981,AST-004981-2,Ladder,deployed,Always purpose each feel yet three himself.
INC-20251009-004981,AST-004981-3,Engine,released,Through tend music until strategy may throw.
INC-20250427-004982,AST-004982-1,Engine,released,Better here miss understand.
INC-20250427-004982,AST-004982-2,Engine,staged,Scene sometimes maybe.
INC-20250621-004983,AST-004983-1,Water Tender,released,Wind determine discussion black.
INC-20241104-004987,AST-004987-1,Foam Trailer,released,Investment real thought various thus type can.
INC-20241104-004987,AST-004987-2,Water Tender,staged,Admit only simple record court investment.
INC-20250912-004988,AST-004988-1,Water Tender,deployed,Race yet hair job.
INC-20240611-004989,AST-004989-1,Foam Trailer,staged,Each lawyer tough other.
INC-20240611-004989,AST-004989-2,Foam Trailer,staged,Teach staff human live training quality.
INC-20250505-004993,AST-004993-1,Engine,deployed,Want hard image and.
INC-20250505-004993,AST-004993-2,Water Tender,released,Everybody billion finally experience scientist nor goal.
INC-20250505-004993,AST-004993-3,Water Tender,deployed,What thought spring politics.
INC-20250909-004994,AST-004994-1,Ladder,released,Environment five that one list.
INC-20250909-004994,AST-004994-2,Drone,deployed,Smile industry could set.
INC-20250911-004996,AST-004996-1,Foam Trailer,staged,Eye spend rest election fill action likely.
INC-20250203-004997,AST-004997-1,Drone,released,Middle next green whose direction vote star.
INC-20250203-004997,AST-004997-2,Foam Trailer,deployed,Exist tonight game position hand find.
INC-20250203-004997,AST-004997-3,Ladder,deployed,Top occur why put rule act cover.
INC-20250923-004998,AST-004998-1,Aerial Platform,staged,Easy reflect water miss how truth.
