incident_number,author,note,created_at
INC-20250214-000002,Ronald Horton,All occupants evacuated. Primary search complete.,2025-02-14T04:51:26.139696+00:00
INC-20250214-000002,Michael West,Ventilation operations completed on roof.,2025-02-14T04:51:26.139696+00:00
INC-20251007-000004,Howard Norman,Ventilation operations completed on roof.,2025-10-07T04:13:36.139696+00:00
INC-20251019-000006,Travis Johnson,Fire origin investigation underway.,2025-10-19T17:42:22.139696+00:00
INC-20241128-000008,Karen Jenkins,Fire origin investigation underway.,2024-11-28T04:58:14.139696+00:00
INC-20241128-000008,Kenneth Martinez,Fire origin investigation underway.,2024-11-28T04:58:14.139696+00:00
INC-20241128-000008,Benjamin Owens,Initial size-up complete. Fire showing from second floor.,2024-11-28T04:58:14.139696+00:00
INC-20250729-000009,Craig Huber,Utilities secured. Gas and electric shutoff confirmed.,2025-07-29T23:43:20.139696+00:00
INC-20250729-000009,Mario Mendez,Fire knocked down. Overhaul in progress.,2025-07-29T23:43:20.139696+00:00
INC-20250729-000009,Martin Vargas,Initial size-up complete. Fire showing from second floor.,2025-07-29T23:43:20.139696+00:00
INC-20251007-000012,Brent Brooks,Defensive operations established due to structural instability.,2025-10-07T03:45:52.139696+00:00
INC-20251007-000012,Ms. Holly Thomas,Utilities secured. Gas and electric shutoff confirmed.,2025-10-07T03:45:52.139696+00:00
INC-20250831-000014,Crystal Williams,Ventilation operations completed on roof.,2025-08-31T17:17:08.139696+00:00
INC-20250831-000014,Mr. Nathan Hampton,Fire origin investigation underway.,2025-08-31T17:17:08.139696+00:00
INC-20250803-000016,Michele Vaughn,Initial size-up complete. Fire showing from second floor.,2025-08-03T10:10:58.139696+00:00
INC-20250803-000016,John Castro DVM,Fire origin investigation underway.,2025-08-03T10:10:58.139696+00:00
INC-20250829-000020,Deborah Ward,All occupants evacuated. Primary search complete.,2025-08-29T21:00:04.139696+00:00
INC-20250829-000020,Michael Marshall,All occupants evacuated. Primary search complete.,2025-08-29T21:00:04.139696+00:00
INC-20250829-000020,Michael Leblanc,All occupants evacuated. Primary search complete.,2025-08-29T21:00:04.139696+00:00
INC-20250220-000022,Amber Cooper,Fire knocked down. Overhaul in progress.,2025-02-20T03:59:09.139696+00:00
INC-20250220-000022,Zachary Michael,Thermal imaging scan reveals no hidden hot spots.,2025-02-20T03:59:09.139696+00:00
INC-20250426-000026,Daisy Perez,All occupants evacuated. Primary search complete.,2025-04-26T16:03:33.139696+00:00
INC-20250913-000027,Suzanne Dominguez,Initial size-up complete. Fire showing from second floor.,2025-09-13T08:17:05.139696+00:00
INC-20250913-000027,Jennifer Allen,Thermal imaging scan reveals no hidden hot spots.,2025-09-13T08:17:05.139696+00:00
INC-20250905-000028,Lauren Butler,Thermal imaging scan reveals no hidden hot spots.,2025-09-05T10:09:38.139696+00:00
INC-20250905-000028,Gary James,Initial size-up complete. Fire showing from second floor.,2025-09-05T10:09:38.139696+00:00
INC-20250728-000029,Crystal Mann,All occupants evacuated. Primary search complete.,2025-07-28T06:34:18.139696+00:00
INC-20250728-000029,Jonathan Brooks,All occupants evacuated. Primary search complete.,2025-07-28T06:34:18.139696+00:00
INC-20250515-000031,Angela Frey,Initial size-up complete. Fire showing from second floor.,2025-05-15T11:42:37.139696+00:00
INC-20250511-000032,Melinda Ramirez,Fire origin investigation underway.,2025-05-11T15:45:10.139696+00:00
INC-20251004-000033,Michael Guerrero,Defensive operations established due to structural instability.,2025-10-04T10:09:28.139696+00:00
INC-20251017-000034,Jeffrey Hawkins,Fire knocked down. Overhaul in progress.,2025-10-17T13:10:01.139696+00:00
INC-20250905-000037,Alyssa Acosta,Fire knocked down. Overhaul in progress.,2025-09-05T03:38:42.139696+00:00
INC-20250905-000037,Christine Salinas,Defensive operations established due to structural instability.,2025-09-05T03:38:42.139696+00:00
INC-20250905-000037,Andrea Abbott,Fire knocked down. Overhaul in progress.,2025-09-05T03:38:42.139696+00:00
INC-20250913-000038,Maria Lucas,All occupants evacuated. Primary search complete.,2025-09-13T22:30:31.139696+00:00
INC-20250913-000038,Erin Hogan,Thermal imaging scan reveals no hidden hot spots.,2025-09-13T22:30:31.139696+00:00
INC-20250908-000039,Eric Gibson,All occupants evacuated. Primary search complete.,2025-09-08T06:16:45.139696+00:00
INC-20250731-000040,Mrs. Carrie Moore,Utilities secured. Gas and electric shutoff confirmed.,2025-07-31T03:28:45.139696+00:00
INC-20250731-000040,Tina Hall,All occupants evacuated. Primary search complete.,2025-07-31T03:28:45.139696+00:00
INC-20230621-000047,Bianca Phelps,Fire origin investigation underway.,2023-06-21T15:17:07.139696+00:00
INC-20250824-000048,Mariah Williams,Ventilation operations completed on roof.,2025-08-24T09:26:33.139696+00:00
INC-20250824-000048,Molly Fischer,Utilities secured. Gas and electric shutoff confirmed.,2025-08-24T09:26:33.139696+00:00
INC-20250824-000048,Brandon Davis,All occupants evacuated. Primary search complete.,2025-08-24T09:26:33.139696+00:00
INC-20250814-000049,Brandi Haney,All occupants evacuated. Primary search complete.,2025-08-14T05:20:14.139696+00:00
INC-20250814-000049,Joseph Smith,Thermal imaging scan reveals no hidden hot spots.,2025-08-14T05:20:14.139696+00:00
INC-20250111-000052,Stephen Wise,Fire origin investigation underway.,2025-01-11T03:54:13.139696+00:00
INC-20250111-000052,Robert Nelson,Fire origin investigation underway.,2025-01-11T03:54:13.139696+00:00
INC-20250814-000053,Timothy Mathews,Ventilation operations completed on roof.,2025-08-14T02:49:01.139696+00:00
INC-20250814-000053,Suzanne Yang,Utilities secured. Gas and electric shutoff confirmed.,2025-08-14T02:49:01.139696+00:00
INC-20250814-000053,Frank Butler,Defensive operations established due to structural instability.,2025-08-14T02:49:01.139696+00:00
INC-20250911-000056,Paul Carpenter,Utilities secured. Gas and electric shutoff confirmed.,2025-09-11T19:50:02.139696+00:00
INC-20250531-000060,Denise Griffin,Fire origin investigation underway.,2025-05-31T20:15:43.139696+00:00
INC-20250724-000061,Sylvia Brown,Thermal imaging scan reveals no hidden hot spots.,2025-07-24T16:33:21.139696+00:00
INC-20250724-000061,Colleen Bradford PhD,Ventilation operations completed on roof.,2025-07-24T16:33:21.139696+00:00
INC-20250902-000063,Chad Moore,Defensive operations established due to structural instability.,2025-09-03T00:29:58.139696+00:00
INC-20250902-000063,Rebecca Yu,All occupants evacuated. Primary search complete.,2025-09-03T00:29:58.139696+00:00
INC-20251011-000064,Patricia Bradley,All occupants evacuated. Primary search complete.,2025-10-11T04:43:36.139696+00:00
INC-20250104-000065,Melissa Martin,Fire origin investigation underway.,2025-01-04T02:53:31.139696+00:00
INC-20250104-000065,Ryan Phillips,Initial size-up complete. Fire showing from second floor.,2025-01-04T02:53:31.139696+00:00
INC-20250104-000065,Trevor Jones,Defensive operations established due to structural instability.,2025-01-04T02:53:31.139696+00:00
INC-20240329-000066,Jeffrey Phillips,Thermal imaging scan reveals no hidden hot spots.,2024-03-29T15:57:35.139696+00:00
INC-20250903-000068,Lori Flowers MD,Ventilation operations completed on roof.,2025-09-03T07:52:49.139696+00:00
INC-20250903-000068,Suzanne Jones,Thermal imaging scan reveals no hidden hot spots.,2025-09-03T07:52:49.139696+00:00
INC-20250903-000068,James Nguyen,Utilities secured. Gas and electric shutoff confirmed.,2025-09-03T07:52:49.139696+00:00
INC-20250922-000070,Samuel Suarez,Utilities secured. Gas and electric shutoff confirmed.,2025-09-22T18:38:16.139696+00:00
INC-20250922-000070,Corey Whitaker,Thermal imaging scan reveals no hidden hot spots.,2025-09-22T18:38:16.139696+00:00
INC-20251008-000071,Steven Curry,Initial size-up complete. Fire showing from second floor.,2025-10-08T12:18:48.139696+00:00
INC-20250810-000076,Julie Wilson,Initial size-up complete. Fire showing from second floor.,2025-08-10T04:51:31.139696+00:00
INC-20250810-000076,Mark Carpenter,Ventilation operations completed on roof.,2025-08-10T04:51:31.139696+00:00
INC-20250810-000076,Kaitlyn Lee,Thermal imaging scan reveals no hidden hot spots.,2025-08-10T04:51:31.139696+00:00
INC-20250912-000080,Jennifer James,Defensive operations established due to structural instability.,2025-09-12T14:42:00.139696+00:00
INC-20250607-000081,Susan Watts,Fire origin investigation underway.,2025-06-07T08:38:30.139696+00:00
INC-20250607-000081,Mr. Adam Davis,All occupants evacuated. Primary search complete.,2025-06-07T08:38:30.139696+00:00
INC-20250607-000081,Kenneth Snyder,Defensive operations established due to structural instability.,2025-06-07T08:38:30.139696+00:00
INC-20251007-000086,Brent Hopkins,Initial size-up complete. Fire showing from second floor.,2025-10-07T19:42:00.139696+00:00
INC-20251007-000086,Henry Schultz,Fire origin investigation underway.,2025-10-07T19:42:00.139696+00:00
INC-20251007-000086,Kimberly Brooks,Utilities secured. Gas and electric shutoff confirmed.,2025-10-07T19:42:00.139696+00:00
INC-20250202-000089,James Brown,Fire origin investigation underway.,2025-02-02T20:52:07.139696+00:00
INC-20250202-000089,Derek Floyd,Utilities secured. Gas and electric shutoff confirmed.,2025-02-02T20:52:07.139696+00:00
INC-20250202-000089,Miss Brianna Brown,Thermal imaging scan reveals no hidden hot spots.,2025-02-02T20:52:07.139696+00:00
INC-20250319-000091,Dawn Rivera,Utilities secured. Gas and electric shutoff confirmed.,2025-03-19T12:25:28.139696+00:00
INC-20250802-000092,Jennifer Bailey,Defensive operations established due to structural instability.,2025-08-02T11:22:59.139696+00:00
INC-20250802-000092,Mary Rivera,Fire knocked down. Overhaul in progress.,2025-08-02T11:22:59.139696+00:00
INC-20250802-000092,Travis Montgomery,Defensive operations established due to structural instability.,2025-08-02T11:22:59.139696+00:00
INC-20250606-000094,Allison Love,Utilities secured. Gas and electric shutoff confirmed.,2025-06-06T18:58:31.139696+00:00
INC-20251016-000098,Kevin Cunningham,All occupants evacuated. Primary search complete.,2025-10-16T00:23:13.139696+00:00
INC-20251016-000098,Eugene Patterson,All occupants evacuated. Primary search complete.,2025-10-16T00:23:13.139696+00:00
INC-20251016-000098,David Walker,All occupants evacuated. Primary search complete.,2025-10-16T00:23:13.139696+00:00
INC-20240608-000099,Jonathon Johnson,Fire knocked down. Overhaul in progress.,2024-06-08T21:11:37.139696+00:00
INC-20240608-000099,Jennifer Lawrence,Utilities secured. Gas and electric shutoff confirmed.,2024-06-08T21:11:37.139696+00:00
INC-20250708-000100,Nicole Taylor,Defensive operations established due to structural instability.,2025-07-08T07:49:12.139696+00:00
INC-20250406-000103,Jason Thomas,Defensive operations established due to structural instability.,2025-04-06T05:21:04.139696+00:00
INC-20250406-000103,Patricia Hanson,Initial size-up complete. Fire showing from second floor.,2025-04-06T05:21:04.139696+00:00
INC-20250406-000103,Carol Jennings,Defensive operations established due to structural instability.,2025-04-06T05:21:04.139696+00:00
INC-20250219-000104,Samantha Prince,Fire knocked down. Overhaul in progress.,2025-02-19T22:40:42.139696+00:00
INC-20250122-000108,Matthew Lara,Thermal imaging scan reveals no hidden hot spots.,2025-01-22T19:24:28.139696+00:00
INC-20250122-000108,Andrew Greene,Thermal imaging scan reveals no hidden hot spots.,2025-01-22T19:24:28.139696+00:00
INC-20251005-000109,Jason Rodriguez,Initial size-up complete. Fire showing from second floor.,2025-10-05T04:32:47.139696+00:00
INC-20251005-000109,Edward Arroyo,Fire knocked down. Overhaul in progress.,2025-10-05T04:32:47.139696+00:00
INC-20250822-000110,Jennifer Gomez,Initial size-up complete. Fire showing from second floor.,2025-08-22T14:38:09.139696+00:00
INC-20250822-000110,Mercedes Baker,Defensive operations established due to structural instability.,2025-08-22T14:38:09.139696+00:00
INC-20250822-000110,James Goodman,Defensive operations established due to structural instability.,2025-08-22T14:38:09.139696+00:00
INC-20251021-000111,Thomas Lowe,All occupants evacuated. Primary search complete.,2025-10-21T21:13:29.139696+00:00
INC-20251021-000111,Lisa Duran,Thermal imaging scan reveals no hidden hot spots.,2025-10-21T21:13:29.139696+00:00
INC-20250921-000115,Jason Bell,All occupants evacuated. Primary search complete.,2025-09-21T08:32:45.139696+00:00
INC-20250921-000115,Lisa Ray,Fire knocked down. Overhaul in progress.,2025-09-21T08:32:45.139696+00:00
INC-20250816-000117,Matthew Dalton,Fire knocked down. Overhaul in progress.,2025-08-16T05:16:19.139696+00:00
INC-20250816-000117,John Proctor,Fire origin investigation underway.,2025-08-16T05:16:19.139696+00:00
INC-20240202-000119,Susan Aguirre,Defensive operations established due to structural instability.,2024-02-02T08:02:58.139696+00:00
INC-20250309-000120,Derrick Espinoza,Defensive operations established due to structural instability.,2025-03-09T22:47:16.139696+00:00
INC-20230919-000121,Sandra Martinez,Utilities secured. Gas and electric shutoff confirmed.,2023-09-19T09:25:56.139696+00:00
INC-20230919-000121,Danielle Wise,Fire knocked down. Overhaul in progress.,2023-09-19T09:25:56.139696+00:00
INC-20250129-000122,Anthony Estrada,Ventilation operations completed on roof.,2025-01-29T10:13:19.139696+00:00
INC-20250129-000122,Cynthia Hamilton,All occupants evacuated. Primary search complete.,2025-01-29T10:13:19.139696+00:00
INC-20250929-000124,Jacob Smith,Utilities secured. Gas and electric shutoff confirmed.,2025-09-29T13:50:54.139696+00:00
INC-20250618-000128,Eric Walker,Utilities secured. Gas and electric shutoff confirmed.,2025-06-18T20:23:10.139696+00:00
INC-20241105-000130,Jenna Griffin,Ventilation operations completed on roof.,2024-11-05T00:30:27.139696+00:00
INC-20241105-000130,Kathy Walker,Defensive operations established due to structural instability.,2024-11-05T00:30:27.139696+00:00
INC-20241105-000130,James Anderson,Initial size-up complete. Fire showing from second floor.,2024-11-05T00:30:27.139696+00:00
INC-20251007-000131,Jeffrey Cohen,Defensive operations established due to structural instability.,2025-10-07T12:29:29.139696+00:00
INC-20251007-000131,Ashley Gutierrez,Ventilation operations completed on roof.,2025-10-07T12:29:29.139696+00:00
INC-20251016-000133,Antonio Gonzalez,Utilities secured. Gas and electric shutoff confirmed.,2025-10-16T11:56:49.139696+00:00
INC-20251016-000133,Denise Marshall,Initial size-up complete. Fire showing from second floor.,2025-10-16T11:56:49.139696+00:00
INC-20250823-000134,James Cooke,Fire knocked down. Overhaul in progress.,2025-08-23T20:50:25.139696+00:00
INC-20250823-000134,Terry Avery MD,Initial size-up complete. Fire showing from second floor.,2025-08-23T20:50:25.139696+00:00
INC-20250823-000134,James Taylor,Fire knocked down. Overhaul in progress.,2025-08-23T20:50:25.139696+00:00
INC-20250621-000137,Troy Gonzales,Fire knocked down. Overhaul in progress.,2025-06-21T14:29:56.139696+00:00
INC-20250621-000137,Melissa Delacruz,Fire knocked down. Overhaul in progress.,2025-06-21T14:29:56.139696+00:00
INC-20221116-000138,James Torres,Utilities secured. Gas and electric shutoff confirmed.,2022-11-16T01:58:25.139696+00:00
INC-20221116-000138,Julia Henderson,Ventilation operations completed on roof.,2022-11-16T01:58:25.139696+00:00
INC-20230323-000139,Carly Quinn,Fire knocked down. Overhaul in progress.,2023-03-23T15:12:53.139696+00:00
INC-20230323-000139,Michael Walters,All occupants evacuated. Primary search complete.,2023-03-23T15:12:53.139696+00:00
INC-20230323-000139,Michael Acosta,Initial size-up complete. Fire showing from second floor.,2023-03-23T15:12:53.139696+00:00
INC-20251005-000141,Samantha Clark,All occupants evacuated. Primary search complete.,2025-10-05T16:24:12.139696+00:00
INC-20231114-000143,Emily Fox,All occupants evacuated. Primary search complete.,2023-11-14T03:50:29.139696+00:00
INC-20231114-000143,Heather Anderson DDS,Fire knocked down. Overhaul in progress.,2023-11-14T03:50:29.139696+00:00
INC-20250607-000144,Gregory Shaffer,Fire knocked down. Overhaul in progress.,2025-06-07T04:42:19.139696+00:00
INC-20250607-000144,Martin Vaughn,Initial size-up complete. Fire showing from second floor.,2025-06-07T04:42:19.139696+00:00
INC-20250607-000144,Barry Evans,Fire knocked down. Overhaul in progress.,2025-06-07T04:42:19.139696+00:00
INC-20250917-000145,Tanya Brown,Initial size-up complete. Fire showing from second floor.,2025-09-17T01:30:59.139696+00:00
INC-20250917-000145,Krystal Gregory,Defensive operations established due to structural instability.,2025-09-17T01:30:59.139696+00:00
INC-20230117-000146,Thomas Oconnor,Fire origin investigation underway.,2023-01-17T04:34:49.139696+00:00
INC-20230117-000146,Patricia Thomas,Fire origin investigation underway.,2023-01-17T04:34:49.139696+00:00
INC-20250711-000152,Edward Wood,Utilities secured. Gas and electric shutoff confirmed.,2025-07-11T10:13:12.139696+00:00
INC-20250711-000152,Amy Warner,All occupants evacuated. Primary search complete.,2025-07-11T10:13:12.139696+00:00
INC-20250526-000153,Shane Martinez,All occupants evacuated. Primary search complete.,2025-05-26T18:51:01.139696+00:00
INC-20250526-000153,Matthew Thomas,All occupants evacuated. Primary search complete.,2025-05-26T18:51:01.139696+00:00
INC-20250526-000153,Mary Proctor,Thermal imaging scan reveals no hidden hot spots.,2025-05-26T18:51:01.139696+00:00
INC-20250728-000154,Mary Sutton,Defensive operations established due to structural instability.,2025-07-28T20:24:15.139696+00:00
INC-20250728-000154,Lauren Austin,Fire origin investigation underway.,2025-07-28T20:24:15.139696+00:00
INC-20250705-000156,Michael Washington,Fire knocked down. Overhaul in progress.,2025-07-05T06:30:44.139696+00:00
INC-20250705-000156,Shannon Cooper,All occupants evacuated. Primary search complete.,2025-07-05T06:30:44.139696+00:00
INC-20250221-000157,Jeanette Baker,All occupants evacuated. Primary search complete.,2025-02-21T06:33:34.139696+00:00
INC-20230822-000163,Thomas Williams,Ventilation operations completed on roof.,2023-08-22T19:11:09.139696+00:00
INC-20230822-000163,Bianca Jackson,Utilities secured. Gas and electric shutoff confirmed.,2023-08-22T19:11:09.139696+00:00
INC-20230822-000163,Eric Leon,Thermal imaging scan reveals no hidden hot spots.,2023-08-22T19:11:09.139696+00:00
INC-20250331-000165,Christopher Porter,Utilities secured. Gas and electric shutoff confirmed.,2025-03-31T09:11:42.139696+00:00
INC-20250331-000165,Lori Patton,Fire origin investigation underway.,2025-03-31T09:11:42.139696+00:00
INC-20250507-000167,James Ellis,Fire knocked down. Overhaul in progress.,2025-05-07T14:40:30.139696+00:00
INC-20250507-000167,Ian Nelson,Fire origin investigation underway.,2025-05-07T14:40:30.139696+00:00
INC-20250507-000167,Andrew Carroll,Fire knocked down. Overhaul in progress.,2025-05-07T14:40:30.139696+00:00
INC-20250811-000168,Morgan Gordon MD,Thermal imaging scan reveals no hidden hot spots.,2025-08-11T04:35:58.139696+00:00
INC-20250811-000168,Robert Horton,Initial size-up complete. Fire showing from second floor.,2025-08-11T04:35:58.139696+00:00
INC-20251005-000170,Kimberly Norton,Thermal imaging scan reveals no hidden hot spots.,2025-10-05T13:33:28.139696+00:00
INC-20250727-000171,Christine Mcgee,Fire knocked down. Overhaul in progress.,2025-07-27T03:27:50.139696+00:00
INC-20250727-000171,Harold Adams,Fire knocked down. Overhaul in progress.,2025-07-27T03:27:50.139696+00:00
INC-20250525-000173,Harry Bryant,Defensive operations established due to structural instability.,2025-05-25T12:35:01.139696+00:00
INC-20250908-000174,Jerry Cantrell,All occupants evacuated. Primary search complete.,2025-09-08T19:34:50.139696+00:00
INC-20250908-000174,Barbara Johnson,Ventilation operations completed on roof.,2025-09-08T19:34:50.139696+00:00
INC-20250908-000174,Patricia Gould,Defensive operations established due to structural instability.,2025-09-08T19:34:50.139696+00:00
INC-20250602-000176,Jennifer Henry,Initial size-up complete. Fire showing from second floor.,2025-06-02T14:29:11.139696+00:00
INC-20250903-000178,Katherine Arellano,Ventilation operations completed on roof.,2025-09-03T03:03:54.139696+00:00
INC-20250903-000178,Heidi Castillo,Thermal imaging scan reveals no hidden hot spots.,2025-09-03T03:03:54.139696+00:00
INC-20240330-000180,Kevin Morrow,Fire origin investigation underway.,2024-03-30T02:41:09.139696+00:00
INC-20240330-000180,Joseph Watson,Utilities secured. Gas and electric shutoff confirmed.,2024-03-30T02:41:09.139696+00:00
INC-20240330-000180,Mr. Thomas Garcia,Initial size-up complete. Fire showing from second floor.,2024-03-30T02:41:09.139696+00:00
INC-20250925-000181,Alyssa Olsen,Ventilation operations completed on roof.,2025-09-25T03:53:56.139696+00:00
INC-20250925-000181,Scott Thomas,Ventilation operations completed on roof.,2025-09-25T03:53:56.139696+00:00
INC-20240221-000183,Kelly Garcia,Initial size-up complete. Fire showing from second floor.,2024-02-21T22:55:26.139696+00:00
INC-20240221-000183,Alexis Robinson,Initial size-up complete. Fire showing from second floor.,2024-02-21T22:55:26.139696+00:00
INC-20240221-000183,Douglas Winters,All occupants evacuated. Primary search complete.,2024-02-21T22:55:26.139696+00:00
INC-20231017-000184,Michele Hawkins,Ventilation operations completed on roof.,2023-10-17T16:23:08.139696+00:00
INC-20231017-000184,Garrett Wilson,Thermal imaging scan reveals no hidden hot spots.,2023-10-17T16:23:08.139696+00:00
INC-20250904-000190,Jose Fisher,Ventilation operations completed on roof.,2025-09-04T23:16:09.139696+00:00
INC-20250904-000190,John Johnson,Defensive operations established due to structural instability.,2025-09-04T23:16:09.139696+00:00
INC-20250904-000190,Kelly Morris,Ventilation operations completed on roof.,2025-09-04T23:16:09.139696+00:00
INC-20250818-000192,Kimberly Ibarra,Fire knocked down. Overhaul in progress.,2025-08-18T08:21:12.139696+00:00
INC-20250818-000192,Kelli Lopez,Thermal imaging scan reveals no hidden hot spots.,2025-08-18T08:21:12.139696+00:00
INC-20250818-000192,Mr. Rodney Hurley III,Fire knocked down. Overhaul in progress.,2025-08-18T08:21:12.139696+00:00
INC-20250730-000193,Christopher Mcdaniel,Fire origin investigation underway.,2025-07-30T03:50:35.139696+00:00
INC-20250730-000193,David Hernandez,Fire knocked down. Overhaul in progress.,2025-07-30T03:50:35.139696+00:00
INC-20250103-000194,Kenneth Mason,Fire origin investigation underway.,2025-01-03T09:33:36.139696+00:00
INC-20250103-000194,Matthew Carpenter,Initial size-up complete. Fire showing from second floor.,2025-01-03T09:33:36.139696+00:00
INC-20250902-000195,Michael Richmond,All occupants evacuated. Primary search complete.,2025-09-02T18:45:31.139696+00:00
INC-20250902-000195,Taylor Cox,Thermal imaging scan reveals no hidden hot spots.,2025-09-02T18:45:31.139696+00:00
INC-20250902-000195,Samantha Smith,Fire origin investigation underway.,2025-09-02T18:45:31.139696+00:00
INC-20250523-000198,Alexander Hansen,Defensive operations established due to structural instability.,2025-05-23T13:17:43.139696+00:00
INC-20251015-000199,Susan Wood,Utilities secured. Gas and electric shutoff confirmed.,2025-10-15T06:18:39.139696+00:00
INC-20251015-000199,Judith Smith,Fire knocked down. Overhaul in progress.,2025-10-15T06:18:39.139696+00:00
INC-20251015-000199,Frank Steele,All occupants evacuated. Primary search complete.,2025-10-15T06:18:39.139696+00:00
INC-20250121-000201,Carl Savage,Utilities secured. Gas and electric shutoff confirmed.,2025-01-21T04:11:18.139696+00:00
INC-20250121-000201,Nicole Howe,Defensive operations established due to structural instability.,2025-01-21T04:11:18.139696+00:00
INC-20250116-000202,Herbert Fletcher,Thermal imaging scan reveals no hidden hot spots.,2025-01-16T16:37:19.139696+00:00
INC-20241030-000204,Tiffany Moore,Fire knocked down. Overhaul in progress.,2024-10-30T13:46:01.139696+00:00
INC-20251001-000205,Mark Davis,Initial size-up complete. Fire showing from second floor.,2025-10-01T18:36:04.139696+00:00
INC-20250811-000206,Brian Coleman,All occupants evacuated. Primary search complete.,2025-08-11T21:02:25.139696+00:00
INC-20250811-000206,Matthew Carroll,Fire knocked down. Overhaul in progress.,2025-08-11T21:02:25.139696+00:00
INC-20250811-000206,David Miller,Initial size-up complete. Fire showing from second floor.,2025-08-11T21:02:25.139696+00:00
INC-20250902-000207,William Green,Fire origin investigation underway.,2025-09-02T16:24:07.139696+00:00
INC-20250902-000207,Jessica Smith,Ventilation operations completed on roof.,2025-09-02T16:24:07.139696+00:00
INC-20250902-000207,Adam Rios,Defensive operations established due to structural instability.,2025-09-02T16:24:07.139696+00:00
INC-20250909-000211,Ashley Rodriguez,Ventilation operations completed on roof.,2025-09-09T18:45:51.139696+00:00
INC-20250909-000211,Rachael Meza,Defensive operations established due to structural instability.,2025-09-09T18:45:51.139696+00:00
INC-20250729-000212,Jason Mack,Fire origin investigation underway.,2025-07-29T22:00:36.139696+00:00
INC-20250729-000212,Robert Peterson,Utilities secured. Gas and electric shutoff confirmed.,2025-07-29T22:00:36.139696+00:00
INC-20250809-000213,Ernest Holden,Thermal imaging scan reveals no hidden hot spots.,2025-08-09T05:00:38.139696+00:00
INC-20250809-000213,Antonio Malone,Thermal imaging scan reveals no hidden hot spots.,2025-08-09T05:00:38.139696+00:00
INC-20250809-000213,Margaret Orr,Fire knocked down. Overhaul in progress.,2025-08-09T05:00:38.139696+00:00
INC-20251006-000216,Dustin Glover,Fire origin investigation underway.,2025-10-06T13:53:29.139696+00:00
INC-20251006-000216,Megan Klein,Utilities secured. Gas and electric shutoff confirmed.,2025-10-06T13:53:29.139696+00:00
INC-20251006-000216,Danielle Murphy,Thermal imaging scan reveals no hidden hot spots.,2025-10-06T13:53:29.139696+00:00
INC-20241113-000217,Shelby Silva,Fire origin investigation underway.,2024-11-13T03:33:49.139696+00:00
INC-20251004-000222,Susan Smith,All occupants evacuated. Primary search complete.,2025-10-04T04:34:03.139696+00:00
INC-20250915-000224,Thomas Anderson,Initial size-up complete. Fire showing from second floor.,2025-09-15T16:22:33.139696+00:00
INC-20250622-000225,Jack Campbell DVM,Thermal imaging scan reveals no hidden hot spots.,2025-06-22T12:38:55.139696+00:00
INC-20250622-000225,Christine Gonzalez,Initial size-up complete. Fire showing from second floor.,2025-06-22T12:38:55.139696+00:00
INC-20241111-000226,Wayne Byrd,Fire origin investigation underway.,2024-11-11T17:05:21.139696+00:00
INC-20241111-000226,Melanie Ware,Fire knocked down. Overhaul in progress.,2024-11-11T17:05:21.139696+00:00
INC-20250806-000228,Eric Sims,Fire knocked down. Overhaul in progress.,2025-08-06T11:44:53.139696+00:00
INC-20250806-000228,Michael Hansen,Fire origin investigation underway.,2025-08-06T11:44:53.139696+00:00
INC-20250822-000230,John Morrison,Thermal imaging scan reveals no hidden hot spots.,2025-08-22T19:23:23.139696+00:00
INC-20250822-000230,Wesley Holmes,Utilities secured. Gas and electric shutoff confirmed.,2025-08-22T19:23:23.139696+00:00
INC-20250822-000230,Brianna Young,Fire knocked down. Overhaul in progress.,2025-08-22T19:23:23.139696+00:00
INC-20240505-000232,William Cox,All occupants evacuated. Primary search complete.,2024-05-05T17:50:25.139696+00:00
INC-20240505-000232,Alvin Wilson,Thermal imaging scan reveals no hidden hot spots.,2024-05-05T17:50:25.139696+00:00
INC-20250726-000237,Darren Wilson,Ventilation operations completed on roof.,2025-07-26T16:24:03.139696+00:00
INC-20251016-000238,Elijah Short,Defensive operations established due to structural instability.,2025-10-16T09:41:30.139696+00:00
INC-20250929-000239,Melissa Clark,Utilities secured. Gas and electric shutoff confirmed.,2025-09-29T20:56:42.139696+00:00
INC-20250916-000244,Miranda Robinson,Initial size-up complete. Fire showing from second floor.,2025-09-16T10:43:13.139696+00:00
INC-20250916-000244,Willie Tran DVM,Fire origin investigation underway.,2025-09-16T10:43:13.139696+00:00
INC-20250916-000244,Brian Miranda,Utilities secured. Gas and electric shutoff confirmed.,2025-09-16T10:43:13.139696+00:00
INC-20250827-000247,Misty Williams,Ventilation operations completed on roof.,2025-08-27T14:52:14.139696+00:00
INC-20250827-000247,Robyn Morris,Initial size-up complete. Fire showing from second floor.,2025-08-27T14:52:14.139696+00:00
INC-20250829-000248,Jennifer Saunders,Fire knocked down. Overhaul in progress.,2025-08-29T11:53:33.139696+00:00
INC-20250829-000248,Dr. Micheal Moody DVM,All occupants evacuated. Primary search complete.,2025-08-29T11:53:33.139696+00:00
INC-20250829-000248,Darlene Davis,All occupants evacuated. Primary search complete.,2025-08-29T11:53:33.139696+00:00
INC-20250731-000250,Donald Schneider,Defensive operations established due to structural instability.,2025-07-31T10:44:57.139696+00:00
INC-20250731-000250,Kelly Madden,Fire origin investigation underway.,2025-07-31T10:44:57.139696+00:00
INC-20250930-000254,Belinda Frederick MD,Initial size-up complete. Fire showing from second floor.,2025-09-30T06:27:37.139696+00:00
INC-20250930-000254,Tina Wise,Initial size-up complete. Fire showing from second floor.,2025-09-30T06:27:37.139696+00:00
INC-20250930-000254,Hannah Fletcher,Defensive operations established due to structural instability.,2025-09-30T06:27:37.139696+00:00
INC-20250412-000255,Ray Newman,Ventilation operations completed on roof.,2025-04-12T15:51:36.139696+00:00
INC-20250412-000255,Jennifer Willis,Defensive operations established due to structural instability.,2025-04-12T15:51:36.139696+00:00
INC-20250412-000255,Kelly Lopez,Fire origin investigation underway.,2025-04-12T15:51:36.139696+00:00
INC-20240108-000256,Kelly Pena,Ventilation operations completed on roof.,2024-01-08T07:43:12.139696+00:00
INC-20251020-000259,James Bishop,Fire knocked down. Overhaul in progress.,2025-10-20T23:57:22.139696+00:00
INC-20251020-000259,Shelley Drake,All occupants evacuated. Primary search complete.,2025-10-20T23:57:22.139696+00:00
INC-20251020-000259,Seth Morales,Ventilation operations completed on roof.,2025-10-20T23:57:22.139696+00:00
INC-20251006-000260,Lonnie Miller,Fire knocked down. Overhaul in progress.,2025-10-06T12:56:56.139696+00:00
INC-20250913-000261,Jeremy Wilson,Ventilation operations completed on roof.,2025-09-13T13:48:38.139696+00:00
INC-20250913-000261,Cynthia Lewis,Fire origin investigation underway.,2025-09-13T13:48:38.139696+00:00
INC-20250913-000261,Mary Davis,Initial size-up complete. Fire showing from second floor.,2025-09-13T13:48:38.139696+00:00
INC-20250803-000262,Martin Hoffman,Utilities secured. Gas and electric shutoff confirmed.,2025-08-03T17:12:58.139696+00:00
INC-20250803-000262,Rhonda Walker,Defensive operations established due to structural instability.,2025-08-03T17:12:58.139696+00:00
INC-20250724-000263,Rebecca Peck,Fire knocked down. Overhaul in progress.,2025-07-24T03:57:15.139696+00:00
INC-20230318-000266,Scott Garcia,All occupants evacuated. Primary search complete.,2023-03-18T06:28:40.139696+00:00
INC-20230318-000266,Shannon Bennett,Thermal imaging scan reveals no hidden hot spots.,2023-03-18T06:28:40.139696+00:00
INC-20240713-000268,Elizabeth Martinez,Fire knocked down. Overhaul in progress.,2024-07-13T17:18:21.139696+00:00
INC-20240713-000268,Miguel Atkins,Fire knocked down. Overhaul in progress.,2024-07-13T17:18:21.139696+00:00
INC-20250813-000270,Scott Lewis,Fire knocked down. Overhaul in progress.,2025-08-13T14:49:18.139696+00:00
INC-20250813-000270,Juan Vargas,Initial size-up complete. Fire showing from second floor.,2025-08-13T14:49:18.139696+00:00
INC-20250820-000273,Anthony Stewart,Defensive operations established due to structural instability.,2025-08-20T04:53:10.139696+00:00
INC-20250820-000273,Catherine Shaffer,Fire origin investigation underway.,2025-08-20T04:53:10.139696+00:00
INC-20250820-000273,Rachel Arnold,Utilities secured. Gas and electric shutoff confirmed.,2025-08-20T04:53:10.139696+00:00
INC-20251016-000276,Stephanie Charles,Defensive operations established due to structural instability.,2025-10-16T06:10:31.139696+00:00
INC-20250805-000277,Andrew Foster,Initial size-up complete. Fire showing from second floor.,2025-08-05T06:53:36.139696+00:00
INC-20250805-000277,Stephanie Martin,All occupants evacuated. Primary search complete.,2025-08-05T06:53:36.139696+00:00
INC-20250821-000278,Jessica Roberts,Fire origin investigation underway.,2025-08-21T17:02:24.139696+00:00
INC-20250821-000278,Dr. David Hernandez,Thermal imaging scan reveals no hidden hot spots.,2025-08-21T17:02:24.139696+00:00
INC-20250925-000279,Curtis Lin,Defensive operations established due to structural instability.,2025-09-25T15:22:43.139696+00:00
INC-20250925-000279,Joseph Graves,Fire knocked down. Overhaul in progress.,2025-09-25T15:22:43.139696+00:00
INC-20250925-000279,Courtney Simmons,All occupants evacuated. Primary search complete.,2025-09-25T15:22:43.139696+00:00
INC-20250924-000280,Melanie Townsend,Utilities secured. Gas and electric shutoff confirmed.,2025-09-24T10:55:43.139696+00:00
INC-20250719-000281,Joan Love,Initial size-up complete. Fire showing from second floor.,2025-07-19T22:59:08.139696+00:00
INC-20250719-000281,Andrea Barnes,Utilities secured. Gas and electric shutoff confirmed.,2025-07-19T22:59:08.139696+00:00
INC-20250719-000281,Kathy Johnson,Ventilation operations completed on roof.,2025-07-19T22:59:08.139696+00:00
INC-20241030-000283,Nicholas Hamilton,Ventilation operations completed on roof.,2024-10-30T10:13:43.139696+00:00
INC-20241030-000283,John Crawford,Ventilation operations completed on roof.,2024-10-30T10:13:43.139696+00:00
INC-20241030-000283,Robert Thompson,Ventilation operations completed on roof.,2024-10-30T10:13:43.139696+00:00
INC-20250929-000284,Peter Stafford,Fire origin investigation underway.,2025-09-30T00:17:53.139696+00:00
INC-20250929-000284,Elizabeth Mendoza,Initial size-up complete. Fire showing from second floor.,2025-09-30T00:17:53.139696+00:00
INC-20251016-000286,Brittany Contreras,Utilities secured. Gas and electric shutoff confirmed.,2025-10-16T13:26:47.139696+00:00
INC-20251016-000286,Robert Bailey,All occupants evacuated. Primary search complete.,2025-10-16T13:26:47.139696+00:00
INC-20241028-000289,Joe Conley,Defensive operations established due to structural instability.,2024-10-28T11:19:28.139696+00:00
INC-20241028-000289,Tara Fisher,Initial size-up complete. Fire showing from second floor.,2024-10-28T11:19:28.139696+00:00
INC-20240603-000291,Jennifer Brown,Initial size-up complete. Fire showing from second floor.,2024-06-03T18:24:03.139696+00:00
INC-20240603-000291,Rodney Daugherty,Defensive operations established due to structural instability.,2024-06-03T18:24:03.139696+00:00
INC-20251019-000292,William Webb,Initial size-up complete. Fire showing from second floor.,2025-10-19T19:34:15.139696+00:00
INC-20250730-000294,Kimberly Novak,All occupants evacuated. Primary search complete.,2025-07-30T16:13:25.139696+00:00
INC-20250813-000295,Bradley Gutierrez,Initial size-up complete. Fire showing from second floor.,2025-08-13T12:55:20.139696+00:00
INC-20250813-000295,Shawn Esparza,Thermal imaging scan reveals no hidden hot spots.,2025-08-13T12:55:20.139696+00:00
INC-20250130-000296,Ashley White,Fire knocked down. Overhaul in progress.,2025-01-30T22:16:00.139696+00:00
INC-20250130-000296,Tyler Sanders,Initial size-up complete. Fire showing from second floor.,2025-01-30T22:16:00.139696+00:00
INC-20250130-000296,James Brown,Defensive operations established due to structural instability.,2025-01-30T22:16:00.139696+00:00
INC-20250930-000297,Veronica Lewis,Initial size-up complete. Fire showing from second floor.,2025-09-30T04:40:15.139696+00:00
INC-20250930-000297,Alexander Blake,Utilities secured. Gas and electric shutoff confirmed.,2025-09-30T04:40:15.139696+00:00
INC-20250930-000297,David Thompson,Fire origin investigation underway.,2025-09-30T04:40:15.139696+00:00
INC-20250503-000299,Kathryn Parrish,Defensive operations established due to structural instability.,2025-05-03T07:10:11.139696+00:00
INC-20250503-000299,Mariah Bryant,All occupants evacuated. Primary search complete.,2025-05-03T07:10:11.139696+00:00
INC-20250503-000299,Harold Daniels,Fire origin investigation underway.,2025-05-03T07:10:11.139696+00:00
INC-20251007-000301,Heather Leon,Initial size-up complete. Fire showing from second floor.,2025-10-07T05:41:15.139696+00:00
INC-20251007-000301,Terry Newman,Defensive operations established due to structural instability.,2025-10-07T05:41:15.139696+00:00
INC-20251007-000301,Jennifer Ayers,Thermal imaging scan reveals no hidden hot spots.,2025-10-07T05:41:15.139696+00:00
INC-20240321-000303,Sarah Burton,All occupants evacuated. Primary search complete.,2024-03-21T05:08:14.139696+00:00
INC-20240321-000303,Juan Fry,Initial size-up complete. Fire showing from second floor.,2024-03-21T05:08:14.139696+00:00
INC-20240321-000303,Brandon Kim,Fire origin investigation underway.,2024-03-21T05:08:14.139696+00:00
INC-20230831-000307,Michael Martinez,Defensive operations established due to structural instability.,2023-08-31T18:39:56.139696+00:00
INC-20230831-000307,Curtis Davis,Initial size-up complete. Fire showing from second floor.,2023-08-31T18:39:56.139696+00:00
INC-20250904-000310,Dr. Jason Martinez Jr.,Defensive operations established due to structural instability.,2025-09-04T20:15:09.139696+00:00
INC-20250113-000312,Michael Williams,All occupants evacuated. Primary search complete.,2025-01-13T16:07:42.139696+00:00
INC-20250113-000312,Amanda Williams,Thermal imaging scan reveals no hidden hot spots.,2025-01-13T16:07:42.139696+00:00
INC-20250113-000312,Dennis Watts,Fire knocked down. Overhaul in progress.,2025-01-13T16:07:42.139696+00:00
INC-20240606-000313,Justin Salas,Fire knocked down. Overhaul in progress.,2024-06-06T14:57:58.139696+00:00
INC-20240606-000313,Nancy Harris,All occupants evacuated. Primary search complete.,2024-06-06T14:57:58.139696+00:00
INC-20250719-000316,Edward Powell,Defensive operations established due to structural instability.,2025-07-19T13:45:57.139696+00:00
INC-20250719-000316,Kendra Snyder,Initial size-up complete. Fire showing from second floor.,2025-07-19T13:45:57.139696+00:00
INC-20250930-000317,Roger Holt,Fire knocked down. Overhaul in progress.,2025-09-30T15:48:10.139696+00:00
INC-20250930-000317,Christopher Harris DDS,Defensive operations established due to structural instability.,2025-09-30T15:48:10.139696+00:00
INC-20250930-000317,Donna Smith,Utilities secured. Gas and electric shutoff confirmed.,2025-09-30T15:48:10.139696+00:00
INC-20250918-000320,Mary Thomas,Defensive operations established due to structural instability.,2025-09-18T17:30:30.139696+00:00
INC-20250918-000320,Mr. Patrick Mcpherson MD,Utilities secured. Gas and electric shutoff confirmed.,2025-09-18T17:30:30.139696+00:00
INC-20250918-000320,Cheryl Blevins,Thermal imaging scan reveals no hidden hot spots.,2025-09-18T17:30:30.139696+00:00
INC-20251021-000322,Amber Taylor,Defensive operations established due to structural instability.,2025-10-21T20:38:00.139696+00:00
INC-20250903-000325,Devin Andersen,Ventilation operations completed on roof.,2025-09-03T17:45:59.139696+00:00
INC-20250206-000328,Arthur Rios,Utilities secured. Gas and electric shutoff confirmed.,2025-02-06T01:11:56.139696+00:00
INC-20250206-000328,Nathan Morgan,Thermal imaging scan reveals no hidden hot spots.,2025-02-06T01:11:56.139696+00:00
INC-20250206-000328,Rachel Ramirez,Ventilation operations completed on roof.,2025-02-06T01:11:56.139696+00:00
INC-20230402-000329,Timothy Alvarez,Fire knocked down. Overhaul in progress.,2023-04-02T02:59:41.139696+00:00
INC-20230402-000329,Vicki Stokes,Fire origin investigation underway.,2023-04-02T02:59:41.139696+00:00
INC-20250815-000330,Heather Russell,All occupants evacuated. Primary search complete.,2025-08-15T08:36:00.139696+00:00
INC-20250815-000330,Andrea Lopez,Utilities secured. Gas and electric shutoff confirmed.,2025-08-15T08:36:00.139696+00:00
INC-20250815-000330,Susan May,Fire origin investigation underway.,2025-08-15T08:36:00.139696+00:00
INC-20250822-000332,Theresa Nelson,Fire origin investigation underway.,2025-08-22T18:40:09.139696+00:00
INC-20250822-000332,Andrew Romero,Thermal imaging scan reveals no hidden hot spots.,2025-08-22T18:40:09.139696+00:00
INC-20250822-000332,Jessica Turner,Fire origin investigation underway.,2025-08-22T18:40:09.139696+00:00
INC-20251005-000333,Greg Hull,Ventilation operations completed on roof.,2025-10-05T15:15:24.139696+00:00
INC-20251005-000333,Brandon Smith,Fire origin investigation underway.,2025-10-05T15:15:24.139696+00:00
INC-20251005-000333,Paul Morton,Utilities secured. Gas and electric shutoff confirmed.,2025-10-05T15:15:24.139696+00:00
INC-20241029-000335,Thomas Skinner,Fire knocked down. Overhaul in progress.,2024-10-29T12:15:52.139696+00:00
INC-20241029-000335,Elizabeth Tran,Fire knocked down. Overhaul in progress.,2024-10-29T12:15:52.139696+00:00
INC-20241029-000335,Nathaniel French,Defensive operations established due to structural instability.,2024-10-29T12:15:52.139696+00:00
INC-20250819-000338,Jessica Scott,Fire origin investigation underway.,2025-08-19T09:48:38.139696+00:00
INC-20250730-000339,Jeffery Campbell,Thermal imaging scan reveals no hidden hot spots.,2025-07-30T11:30:40.139696+00:00
INC-20250730-000339,Lawrence Ward,Fire origin investigation underway.,2025-07-30T11:30:40.139696+00:00
INC-20250730-000339,Stephanie Brooks,Fire knocked down. Overhaul in progress.,2025-07-30T11:30:40.139696+00:00
INC-20250831-000340,Kelly Stewart,Ventilation operations completed on roof.,2025-08-31T15:12:12.139696+00:00
INC-20250831-000340,Kenneth Bartlett,Ventilation operations completed on roof.,2025-08-31T15:12:12.139696+00:00
INC-20250831-000340,Robert Madden,Ventilation operations completed on roof.,2025-08-31T15:12:12.139696+00:00
INC-20250412-000343,Anne Evans,Defensive operations established due to structural instability.,2025-04-12T09:40:00.139696+00:00
INC-20250924-000346,Mary Rich,Fire knocked down. Overhaul in progress.,2025-09-24T17:16:31.139696+00:00
INC-20250303-000352,Maria Cook,Ventilation operations completed on roof.,2025-03-03T10:51:07.139696+00:00
INC-20250303-000352,Vanessa Davis,Ventilation operations completed on roof.,2025-03-03T10:51:07.139696+00:00
INC-20250303-000352,Sean Burns,Initial size-up complete. Fire showing from second floor.,2025-03-03T10:51:07.139696+00:00
INC-20251011-000355,Andrea Fields,Ventilation operations completed on roof.,2025-10-11T17:36:58.139696+00:00
INC-20251011-000355,Haley Smith,All occupants evacuated. Primary search complete.,2025-10-11T17:36:58.139696+00:00
INC-20250810-000356,Richard Hays,Ventilation operations completed on roof.,2025-08-10T06:43:07.139696+00:00
INC-20250810-000356,Robert Thomas,Defensive operations established due to structural instability.,2025-08-10T06:43:07.139696+00:00
INC-20250810-000356,Shannon Morris,Utilities secured. Gas and electric shutoff confirmed.,2025-08-10T06:43:07.139696+00:00
INC-20250908-000357,Michelle Larsen,Utilities secured. Gas and electric shutoff confirmed.,2025-09-08T03:20:33.139696+00:00
INC-20250908-000357,Katherine Mccormick,All occupants evacuated. Primary search complete.,2025-09-08T03:20:33.139696+00:00
INC-20250908-000357,Kristin Graham,All occupants evacuated. Primary search complete.,2025-09-08T03:20:33.139696+00:00
INC-20251016-000362,William Green,Defensive operations established due to structural instability.,2025-10-16T09:44:58.139696+00:00
INC-20251016-000362,Brandon Kelly,Fire knocked down. Overhaul in progress.,2025-10-16T09:44:58.139696+00:00
INC-20251016-000362,Raymond Mills,Initial size-up complete. Fire showing from second floor.,2025-10-16T09:44:58.139696+00:00
INC-20250930-000363,Brian Barrett,All occupants evacuated. Primary search complete.,2025-09-30T06:33:58.139696+00:00
INC-20250930-000363,Charles Willis,Defensive operations established due to structural instability.,2025-09-30T06:33:58.139696+00:00
INC-20250930-000363,James Chapman,Defensive operations established due to structural instability.,2025-09-30T06:33:58.139696+00:00
INC-20241209-000365,Stacie Sanford,Defensive operations established due to structural instability.,2024-12-09T23:05:35.139696+00:00
INC-20241209-000365,Christina Compton,All occupants evacuated. Primary search complete.,2024-12-09T23:05:35.139696+00:00
INC-20250107-000369,Frederick Fields,Thermal imaging scan reveals no hidden hot spots.,2025-01-08T00:08:16.139696+00:00
INC-20241123-000370,Amanda Nguyen,Thermal imaging scan reveals no hidden hot spots.,2024-11-23T08:22:02.139696+00:00
INC-20230606-000371,Eric Palmer,Fire knocked down. Overhaul in progress.,2023-06-06T23:59:36.139696+00:00
INC-20230606-000371,Dana Lindsey,Initial size-up complete. Fire showing from second floor.,2023-06-06T23:59:36.139696+00:00
INC-20230606-000371,John Hodges,Fire origin investigation underway.,2023-06-06T23:59:36.139696+00:00
INC-20250913-000372,Madison Davis,Fire knocked down. Overhaul in progress.,2025-09-13T11:13:59.139696+00:00
INC-20250913-000372,Michael Walker,All occupants evacuated. Primary search complete.,2025-09-13T11:13:59.139696+00:00
INC-20251001-000376,Jorge Lee,Ventilation operations completed on roof.,2025-10-01T19:17:29.139696+00:00
INC-20250902-000377,Adriana Johnson,Utilities secured. Gas and electric shutoff confirmed.,2025-09-02T15:09:55.139696+00:00
INC-20250902-000377,Sharon Cowan,Thermal imaging scan reveals no hidden hot spots.,2025-09-02T15:09:55.139696+00:00
INC-20250830-000378,Mitchell Hunt,Fire knocked down. Overhaul in progress.,2025-08-30T11:43:07.139696+00:00
INC-20250830-000378,Jessica Martinez,Defensive operations established due to structural instability.,2025-08-30T11:43:07.139696+00:00
INC-20250830-000378,Dennis Bryan,Fire origin investigation underway.,2025-08-30T11:43:07.139696+00:00
INC-20251004-000379,David Hill,Ventilation operations completed on roof.,2025-10-04T07:24:04.139696+00:00
INC-20251004-000379,Charles Boyd,Initial size-up complete. Fire showing from second floor.,2025-10-04T07:24:04.139696+00:00
INC-20251018-000381,Rachel Warren,Fire origin investigation underway.,2025-10-18T21:55:56.139696+00:00
INC-20250103-000382,Danielle Norris,Ventilation operations completed on roof.,2025-01-03T15:06:11.139696+00:00
INC-20250103-000382,Andrew Lynch,Initial size-up complete. Fire showing from second floor.,2025-01-03T15:06:11.139696+00:00
INC-20250103-000382,Anna Lee,Fire knocked down. Overhaul in progress.,2025-01-03T15:06:11.139696+00:00
INC-20251014-000383,Chloe Shaffer,Ventilation operations completed on roof.,2025-10-14T19:09:06.139696+00:00
INC-20251014-000383,Joy Smith,All occupants evacuated. Primary search complete.,2025-10-14T19:09:06.139696+00:00
INC-20251008-000386,Frank Gibbs,All occupants evacuated. Primary search complete.,2025-10-08T17:43:41.139696+00:00
INC-20241214-000387,Desiree Wood,Utilities secured. Gas and electric shutoff confirmed.,2024-12-14T00:27:44.139696+00:00
INC-20241214-000387,Ashley Taylor,Thermal imaging scan reveals no hidden hot spots.,2024-12-14T00:27:44.139696+00:00
INC-20250727-000388,Susan Griffin,All occupants evacuated. Primary search complete.,2025-07-27T14:47:53.139696+00:00
INC-20250727-000388,Cathy Mcdonald,Thermal imaging scan reveals no hidden hot spots.,2025-07-27T14:47:53.139696+00:00
INC-20250907-000390,Jessica Hill,Fire origin investigation underway.,2025-09-07T06:02:23.139696+00:00
INC-20250712-000393,Adam Lara,Thermal imaging scan reveals no hidden hot spots.,2025-07-12T04:53:43.139696+00:00
INC-20250712-000393,Scott Gomez,Fire knocked down. Overhaul in progress.,2025-07-12T04:53:43.139696+00:00
INC-20250712-000393,Sara Hamilton,Fire origin investigation underway.,2025-07-12T04:53:43.139696+00:00
INC-20241214-000396,April Alvarez,Defensive operations established due to structural instability.,2024-12-14T22:43:26.139696+00:00
INC-20241214-000396,Dawn Morris,Fire knocked down. Overhaul in progress.,2024-12-14T22:43:26.139696+00:00
INC-20241214-000396,Tina Barnett,Fire knocked down. Overhaul in progress.,2024-12-14T22:43:26.139696+00:00
INC-20241029-000401,Renee Tapia,All occupants evacuated. Primary search complete.,2024-10-29T08:21:01.139696+00:00
INC-20250105-000402,Eric Garcia,Fire knocked down. Overhaul in progress.,2025-01-05T23:58:57.139696+00:00
INC-20250929-000403,David Romero,Initial size-up complete. Fire showing from second floor.,2025-09-29T12:21:18.139696+00:00
INC-20250819-000405,Matthew Alexander,Initial size-up complete. Fire showing from second floor.,2025-08-19T02:26:05.139696+00:00
INC-20250824-000406,Richard Nguyen,All occupants evacuated. Primary search complete.,2025-08-24T07:07:03.139696+00:00
INC-20250508-000408,Dennis Baldwin,Fire knocked down. Overhaul in progress.,2025-05-08T05:16:09.139696+00:00
INC-20250508-000408,Jennifer Morse,All occupants evacuated. Primary search complete.,2025-05-08T05:16:09.139696+00:00
INC-20250508-000408,Tyler Olsen,All occupants evacuated. Primary search complete.,2025-05-08T05:16:09.139696+00:00
INC-20231220-000409,Alex Salazar,Initial size-up complete. Fire showing from second floor.,2023-12-20T02:33:57.139696+00:00
INC-20231220-000409,Jennifer Arnold,Thermal imaging scan reveals no hidden hot spots.,2023-12-20T02:33:57.139696+00:00
INC-20221208-000413,Brandon Powell,Fire knocked down. Overhaul in progress.,2022-12-08T00:39:38.139696+00:00
INC-20250815-000415,Laura Vance,Initial size-up complete. Fire showing from second floor.,2025-08-15T04:03:39.139696+00:00
INC-20250815-000415,Sheryl Thompson,Ventilation operations completed on roof.,2025-08-15T04:03:39.139696+00:00
INC-20250304-000418,Amy Bryan,Fire origin investigation underway.,2025-03-04T17:39:51.139696+00:00
INC-20250304-000418,Nancy Warren,Fire origin investigation underway.,2025-03-04T17:39:51.139696+00:00
INC-20250304-000418,Jacob Lyons,Ventilation operations completed on roof.,2025-03-04T17:39:51.139696+00:00
INC-20240109-000420,Christopher Moody,Fire knocked down. Overhaul in progress.,2024-01-09T08:28:09.139696+00:00
INC-20240109-000420,Joshua Jackson,Defensive operations established due to structural instability.,2024-01-09T08:28:09.139696+00:00
INC-20230902-000423,Haley Travis,Defensive operations established due to structural instability.,2023-09-02T23:14:16.139696+00:00
INC-20230902-000423,Thomas Hernandez,Thermal imaging scan reveals no hidden hot spots.,2023-09-02T23:14:16.139696+00:00
INC-20230902-000423,Heather Thomas,Thermal imaging scan reveals no hidden hot spots.,2023-09-02T23:14:16.139696+00:00
INC-20250730-000424,James Cummings,Defensive operations established due to structural instability.,2025-07-30T13:25:28.139696+00:00
INC-20250730-000424,Daniel Lee,Fire origin investigation underway.,2025-07-30T13:25:28.139696+00:00
INC-20250730-000424,Shane Hopkins,Thermal imaging scan reveals no hidden hot spots.,2025-07-30T13:25:28.139696+00:00
INC-20230329-000431,Stephanie Johnson,Utilities secured. Gas and electric shutoff confirmed.,2023-03-29T03:16:40.139696+00:00
INC-20230503-000435,Sydney Ward,Fire knocked down. Overhaul in progress.,2023-05-03T13:48:08.139696+00:00
INC-20230503-000435,Megan Jones,Utilities secured. Gas and electric shutoff confirmed.,2023-05-03T13:48:08.139696+00:00
INC-20241228-000436,Christian Rojas,Initial size-up complete. Fire showing from second floor.,2024-12-28T09:47:40.139696+00:00
INC-20250917-000437,Brenda Stone,Fire origin investigation underway.,2025-09-17T10:21:56.139696+00:00
INC-20250917-000437,Daniel Henry DVM,Fire origin investigation underway.,2025-09-17T10:21:56.139696+00:00
INC-20250917-000437,Gina Collins,Defensive operations established due to structural instability.,2025-09-17T10:21:56.139696+00:00
INC-20251010-000438,Susan Orr,Thermal imaging scan reveals no hidden hot spots.,2025-10-10T21:56:36.139696+00:00
INC-20241029-000439,Francisco Galloway,Utilities secured. Gas and electric shutoff confirmed.,2024-10-29T20:20:06.139696+00:00
INC-20241029-000439,Kimberly Holloway,All occupants evacuated. Primary search complete.,2024-10-29T20:20:06.139696+00:00
INC-20241029-000439,Tina Harper,Utilities secured. Gas and electric shutoff confirmed.,2024-10-29T20:20:06.139696+00:00
INC-20251013-000440,Ernest Giles,Thermal imaging scan reveals no hidden hot spots.,2025-10-13T17:20:17.139696+00:00
INC-20241027-000442,Howard Miller,Ventilation operations completed on roof.,2024-10-27T15:42:35.139696+00:00
INC-20241027-000442,Benjamin Morales,Ventilation operations completed on roof.,2024-10-27T15:42:35.139696+00:00
INC-20241027-000442,Jason Clarke,Fire knocked down. Overhaul in progress.,2024-10-27T15:42:35.139696+00:00
INC-20241203-000443,Erica Avila,Initial size-up complete. Fire showing from second floor.,2024-12-03T17:26:54.139696+00:00
INC-20241203-000443,Alicia Cannon,Ventilation operations completed on roof.,2024-12-03T17:26:54.139696+00:00
INC-20241203-000443,Michael Terry MD,Initial size-up complete. Fire showing from second floor.,2024-12-03T17:26:54.139696+00:00
INC-20250830-000444,Justin Dixon,Utilities secured. Gas and electric shutoff confirmed.,2025-08-30T19:40:05.139696+00:00
INC-20250830-000444,Dakota Lawson,Ventilation operations completed on roof.,2025-08-30T19:40:05.139696+00:00
INC-20250830-000444,Gabriel Green,Fire knocked down. Overhaul in progress.,2025-08-30T19:40:05.139696+00:00
INC-20250818-000446,Teresa Jones,All occupants evacuated. Primary search complete.,2025-08-18T05:04:08.139696+00:00
INC-20250818-000446,Aaron Johnson,Fire origin investigation underway.,2025-08-18T05:04:08.139696+00:00
INC-20250818-000446,Adam Hill,Ventilation operations completed on roof.,2025-08-18T05:04:08.139696+00:00
INC-20250312-000448,Ronald Gutierrez DVM,All occupants evacuated. Primary search complete.,2025-03-12T20:06:06.139696+00:00
INC-20250312-000448,Amanda Brown,Thermal imaging scan reveals no hidden hot spots.,2025-03-12T20:06:06.139696+00:00
INC-20231003-000449,David Allison Jr.,Fire origin investigation underway.,2023-10-03T16:21:51.139696+00:00
INC-20250802-000451,Sabrina Robinson,Thermal imaging scan reveals no hidden hot spots.,2025-08-02T05:06:16.139696+00:00
INC-20250802-000451,Jason Walton,Initial size-up complete. Fire showing from second floor.,2025-08-02T05:06:16.139696+00:00
INC-20250805-000454,Angie King,Ventilation operations completed on roof.,2025-08-05T01:33:09.139696+00:00
INC-20250805-000454,David Rivas,Thermal imaging scan reveals no hidden hot spots.,2025-08-05T01:33:09.139696+00:00
INC-20250430-000455,Misty King,Thermal imaging scan reveals no hidden hot spots.,2025-04-30T10:36:58.139696+00:00
INC-20250430-000455,Jose Thompson,Utilities secured. Gas and electric shutoff confirmed.,2025-04-30T10:36:58.139696+00:00
INC-20250430-000455,Scott Williams,Thermal imaging scan reveals no hidden hot spots.,2025-04-30T10:36:58.139696+00:00
INC-20250809-000459,Jennifer Garrett,Thermal imaging scan reveals no hidden hot spots.,2025-08-09T02:28:25.139696+00:00
INC-20250809-000459,Samantha Russell,All occupants evacuated. Primary search complete.,2025-08-09T02:28:25.139696+00:00
INC-20250817-000462,Stephanie Taylor,Defensive operations established due to structural instability.,2025-08-17T17:36:30.139696+00:00
INC-20250817-000462,Elizabeth Mcdaniel,Fire origin investigation underway.,2025-08-17T17:36:30.139696+00:00
INC-20250924-000463,David Jones,Defensive operations established due to structural instability.,2025-09-25T00:14:37.139696+00:00
INC-20250924-000463,James Pierce,Fire origin investigation underway.,2025-09-25T00:14:37.139696+00:00
INC-20240312-000464,Amanda Jones MD,Fire origin investigation underway.,2024-03-12T14:50:49.139696+00:00
INC-20240312-000464,Bethany Davis,Defensive operations established due to structural instability.,2024-03-12T14:50:49.139696+00:00
INC-20240312-000464,Jenny Williams,All occupants evacuated. Primary search complete.,2024-03-12T14:50:49.139696+00:00
INC-20250210-000466,Jordan Hughes,Utilities secured. Gas and electric shutoff confirmed.,2025-02-10T16:47:36.139696+00:00
INC-20250926-000467,Micheal Johnson,Initial size-up complete. Fire showing from second floor.,2025-09-26T15:05:54.139696+00:00
INC-20250926-000467,Heather Smith,Utilities secured. Gas and electric shutoff confirmed.,2025-09-26T15:05:54.139696+00:00
INC-20250926-000467,Jeremy Coleman,Fire origin investigation underway.,2025-09-26T15:05:54.139696+00:00
INC-20251004-000469,Amy Taylor,Initial size-up complete. Fire showing from second floor.,2025-10-04T10:44:00.139696+00:00
INC-20251004-000469,Christopher Anderson,Ventilation operations completed on roof.,2025-10-04T10:44:00.139696+00:00
INC-20251004-000469,Sandra Berry,All occupants evacuated. Primary search complete.,2025-10-04T10:44:00.139696+00:00
INC-20250531-000470,Joshua Powell,Fire origin investigation underway.,2025-05-31T08:12:48.139696+00:00
INC-20250531-000470,Tonya Harding,Ventilation operations completed on roof.,2025-05-31T08:12:48.139696+00:00
INC-20241103-000471,Micheal Watson,Ventilation operations completed on roof.,2024-11-03T16:01:51.139696+00:00
INC-20250307-000474,Monique Reid,Utilities secured. Gas and electric shutoff confirmed.,2025-03-07T23:43:28.139696+00:00
INC-20250918-000479,Mrs. Melissa Serrano,Fire origin investigation underway.,2025-09-18T22:26:15.139696+00:00
INC-20250918-000479,Kenneth Williams,Defensive operations established due to structural instability.,2025-09-18T22:26:15.139696+00:00
INC-20250918-000479,Erin Williams,Ventilation operations completed on roof.,2025-09-18T22:26:15.139696+00:00
INC-20251010-000481,Robert Young,Thermal imaging scan reveals no hidden hot spots.,2025-10-10T05:02:46.139696+00:00
INC-20250919-000482,Anthony Randall,Ventilation operations completed on roof.,2025-09-19T01:03:11.139696+00:00
INC-20250919-000482,Jean Hess,All occupants evacuated. Primary search complete.,2025-09-19T01:03:11.139696+00:00
INC-20250919-000482,Vincent Bowers,Ventilation operations completed on roof.,2025-09-19T01:03:11.139696+00:00
INC-20250603-000483,Kathy Schmidt,Fire origin investigation underway.,2025-06-03T02:05:27.139696+00:00
INC-20250603-000483,Wendy Salazar,Fire origin investigation underway.,2025-06-03T02:05:27.139696+00:00
INC-20250913-000484,Ruth Barnett,Ventilation operations completed on roof.,2025-09-13T09:12:02.139696+00:00
INC-20250913-000484,Jennifer Smith,Utilities secured. Gas and electric shutoff confirmed.,2025-09-13T09:12:02.139696+00:00
INC-20250913-000484,Daniel Underwood,Utilities secured. Gas and electric shutoff confirmed.,2025-09-13T09:12:02.139696+00:00
INC-20240117-000486,Sarah Smith,All occupants evacuated. Primary search complete.,2024-01-17T04:34:12.139696+00:00
INC-20240117-000486,Richard Bauer,Thermal imaging scan reveals no hidden hot spots.,2024-01-17T04:34:12.139696+00:00
INC-20240117-000486,Traci Wilson,Fire knocked down. Overhaul in progress.,2024-01-17T04:34:12.139696+00:00
INC-20241022-000488,Marc Webb,Fire knocked down. Overhaul in progress.,2024-10-22T06:52:43.139696+00:00
INC-20251004-000490,Victor Taylor,Fire knocked down. Overhaul in progress.,2025-10-04T01:23:28.139696+00:00
INC-20251004-000490,James Hernandez,Utilities secured. Gas and electric shutoff confirmed.,2025-10-04T01:23:28.139696+00:00
INC-20241117-000495,Charles Wong,Thermal imaging scan reveals no hidden hot spots.,2024-11-17T22:09:39.139696+00:00
INC-20241117-000495,Jacob Rowland,Utilities secured. Gas and electric shutoff confirmed.,2024-11-17T22:09:39.139696+00:00
INC-20241117-000495,Joseph Hill,Defensive operations established due to structural instability.,2024-11-17T22:09:39.139696+00:00
INC-20240624-000496,Kelly Harris,Fire knocked down. Overhaul in progress.,2024-06-24T04:01:38.139696+00:00
INC-20251015-000501,Teresa Allen,Thermal imaging scan reveals no hidden hot spots.,2025-10-15T06:03:39.139696+00:00
INC-20251015-000501,Donald Jackson,Thermal imaging scan reveals no hidden hot spots.,2025-10-15T06:03:39.139696+00:00
INC-20251015-000501,Monica Howe,Defensive operations established due to structural instability.,2025-10-15T06:03:39.139696+00:00
INC-20250428-000503,Deborah Meyer,Thermal imaging scan reveals no hidden hot spots.,2025-04-28T21:38:06.139696+00:00
INC-20250428-000503,Megan Dodson,Initial size-up complete. Fire showing from second floor.,2025-04-28T21:38:06.139696+00:00
INC-20250428-000503,Stephanie Stark,Fire origin investigation underway.,2025-04-28T21:38:06.139696+00:00
INC-20250801-000507,Scott Grant,Ventilation operations completed on roof.,2025-08-01T05:28:25.139696+00:00
INC-20250726-000508,Tonya Schneider,Thermal imaging scan reveals no hidden hot spots.,2025-07-26T15:39:43.139696+00:00
INC-20250828-000509,Maria Estrada,Fire origin investigation underway.,2025-08-28T13:06:52.139696+00:00
INC-20250520-000511,Kelly Greer,Initial size-up complete. Fire showing from second floor.,2025-05-20T21:40:24.139696+00:00
INC-20230730-000512,Joseph Matthews,Defensive operations established due to structural instability.,2023-07-30T04:11:36.139696+00:00
INC-20251015-000513,Frank Perez,All occupants evacuated. Primary search complete.,2025-10-15T07:28:16.139696+00:00
INC-20251015-000513,Sarah Cummings,All occupants evacuated. Primary search complete.,2025-10-15T07:28:16.139696+00:00
INC-20250312-000515,Shelby Fowler,Fire knocked down. Overhaul in progress.,2025-03-12T12:43:51.139696+00:00
INC-20250312-000515,Ashley Carter,Fire origin investigation underway.,2025-03-12T12:43:51.139696+00:00
INC-20250312-000515,Joseph Cooper,Thermal imaging scan reveals no hidden hot spots.,2025-03-12T12:43:51.139696+00:00
INC-20250308-000516,Jeffrey Gibbs,Ventilation operations completed on roof.,2025-03-08T21:36:59.139696+00:00
INC-20250308-000516,Michael Wilson,Ventilation operations completed on roof.,2025-03-08T21:36:59.139696+00:00
INC-20240220-000517,Troy Saunders,Ventilation operations completed on roof.,2024-02-20T20:20:10.139696+00:00
INC-20240220-000517,Gilbert Williams,All occupants evacuated. Primary search complete.,2024-02-20T20:20:10.139696+00:00
INC-20240220-000517,Joshua Graham,Fire origin investigation underway.,2024-02-20T20:20:10.139696+00:00
INC-20250826-000519,Wendy Aguilar MD,All occupants evacuated. Primary search complete.,2025-08-26T16:04:17.139696+00:00
INC-20250826-000519,Michelle Hanson,Defensive operations established due to structural instability.,2025-08-26T16:04:17.139696+00:00
INC-20250823-000521,Valerie Johnson,Defensive operations established due to structural instability.,2025-08-23T12:33:40.139696+00:00
INC-20250823-000521,Paul Collins,Utilities secured. Gas and electric shutoff confirmed.,2025-08-23T12:33:40.139696+00:00
INC-20230405-000522,Rachel Sullivan,Defensive operations established due to structural instability.,2023-04-05T12:53:13.139696+00:00
INC-20230405-000522,Kimberly Thomas,Fire knocked down. Overhaul in progress.,2023-04-05T12:53:13.139696+00:00
INC-20230405-000522,Anna Pierce,Fire knocked down. Overhaul in progress.,2023-04-05T12:53:13.139696+00:00
INC-20230323-000523,Kevin Mejia,Fire knocked down. Overhaul in progress.,2023-03-23T15:11:43.139696+00:00
INC-20230323-000523,Denise Nolan,Defensive operations established due to structural instability.,2023-03-23T15:11:43.139696+00:00
INC-20230323-000523,Sandra Martin,Thermal imaging scan reveals no hidden hot spots.,2023-03-23T15:11:43.139696+00:00
INC-20250911-000525,Jessica George,Fire origin investigation underway.,2025-09-11T04:25:50.139696+00:00
INC-20240229-000526,Cory Harris,Initial size-up complete. Fire showing from second floor.,2024-02-29T17:54:12.139696+00:00
INC-20250422-000527,Javier Bryan,Ventilation operations completed on roof.,2025-04-22T12:02:23.139696+00:00
INC-20250422-000527,Emily Mcdonald,Fire origin investigation underway.,2025-04-22T12:02:23.139696+00:00
INC-20250422-000527,Vanessa Bennett,Ventilation operations completed on roof.,2025-04-22T12:02:23.139696+00:00
INC-20250816-000529,Whitney Ortiz,All occupants evacuated. Primary search complete.,2025-08-16T14:52:50.139696+00:00
INC-20250816-000529,Kenneth Cole,All occupants evacuated. Primary search complete.,2025-08-16T14:52:50.139696+00:00
INC-20250816-000529,Katherine Warner,Fire knocked down. Overhaul in progress.,2025-08-16T14:52:50.139696+00:00
INC-20250928-000531,Melanie Young,Thermal imaging scan reveals no hidden hot spots.,2025-09-28T10:29:39.139696+00:00
INC-20250928-000531,Kimberly Logan,Ventilation operations completed on roof.,2025-09-28T10:29:39.139696+00:00
INC-20250809-000532,Diane Hayes,All occupants evacuated. Primary search complete.,2025-08-09T08:41:44.139696+00:00
INC-20250921-000533,Amy Burton,All occupants evacuated. Primary search complete.,2025-09-21T13:38:59.139696+00:00
INC-20250921-000533,Kathleen Patel,Initial size-up complete. Fire showing from second floor.,2025-09-21T13:38:59.139696+00:00
INC-20250815-000534,Allen Kline,All occupants evacuated. Primary search complete.,2025-08-15T07:13:53.139696+00:00
INC-20250809-000536,Gwendolyn Franklin,Utilities secured. Gas and electric shutoff confirmed.,2025-08-09T20:01:58.139696+00:00
INC-20250809-000536,Ashley Dalton,Fire origin investigation underway.,2025-08-09T20:01:58.139696+00:00
INC-20240421-000537,Laura House,Thermal imaging scan reveals no hidden hot spots.,2024-04-21T14:58:57.139696+00:00
INC-20250617-000540,Diana Huffman,Thermal imaging scan reveals no hidden hot spots.,2025-06-17T22:31:39.139696+00:00
INC-20250617-000540,Michael Dixon,Utilities secured. Gas and electric shutoff confirmed.,2025-06-17T22:31:39.139696+00:00
INC-20250617-000540,Dr. Diana Chen,Utilities secured. Gas and electric shutoff confirmed.,2025-06-17T22:31:39.139696+00:00
INC-20230829-000541,Crystal Mullen,All occupants evacuated. Primary search complete.,2023-08-29T12:42:44.139696+00:00
INC-20250704-000542,Manuel Moran,Fire knocked down. Overhaul in progress.,2025-07-04T19:18:30.139696+00:00
INC-20250704-000542,Victor Vaughn,Initial size-up complete. Fire showing from second floor.,2025-07-04T19:18:30.139696+00:00
INC-20250728-000543,Stephanie Castillo,All occupants evacuated. Primary search complete.,2025-07-28T20:44:40.139696+00:00
INC-20250728-000543,Paul Cox,Defensive operations established due to structural instability.,2025-07-28T20:44:40.139696+00:00
INC-20230321-000544,Casey Bryant,Ventilation operations completed on roof.,2023-03-21T16:42:16.139696+00:00
INC-20250902-000548,Robert Mullins,Fire origin investigation underway.,2025-09-02T07:07:28.139696+00:00
INC-20250902-000548,Ricky Sanders,Utilities secured. Gas and electric shutoff confirmed.,2025-09-02T07:07:28.139696+00:00
INC-20231216-000549,Antonio Monroe,Defensive operations established due to structural instability.,2023-12-16T18:34:17.139696+00:00
INC-20231216-000549,Yolanda Mack,Ventilation operations completed on roof.,2023-12-16T18:34:17.139696+00:00
INC-20231216-000549,Donald Turner,Fire knocked down. Overhaul in progress.,2023-12-16T18:34:17.139696+00:00
INC-20251020-000550,Michael Graves,All occupants evacuated. Primary search complete.,2025-10-20T22:26:16.139696+00:00
INC-20251020-000550,John Keller,Fire origin investigation underway.,2025-10-20T22:26:16.139696+00:00
INC-20251020-000550,Larry Reese,Fire knocked down. Overhaul in progress.,2025-10-20T22:26:16.139696+00:00
INC-20250724-000554,David Simpson,Thermal imaging scan reveals no hidden hot spots.,2025-07-24T22:53:55.139696+00:00
INC-20250909-000555,Yolanda Watson,All occupants evacuated. Primary search complete.,2025-09-09T18:49:40.139696+00:00
INC-20250817-000557,Jessica King,Thermal imaging scan reveals no hidden hot spots.,2025-08-18T00:11:32.139696+00:00
INC-20250817-000557,James Morrow,Fire origin investigation underway.,2025-08-18T00:11:32.139696+00:00
INC-20250817-000557,Kevin Warren,All occupants evacuated. Primary search complete.,2025-08-18T00:11:32.139696+00:00
INC-20250814-000559,Jessica Clark,Defensive operations established due to structural instability.,2025-08-14T14:07:05.139696+00:00
INC-20250814-000559,Kaylee Garza,Defensive operations established due to structural instability.,2025-08-14T14:07:05.139696+00:00
INC-20250902-000561,Tanya Shannon,Thermal imaging scan reveals no hidden hot spots.,2025-09-02T19:53:07.139696+00:00
INC-20250727-000563,Henry Williams,Fire knocked down. Overhaul in progress.,2025-07-27T22:17:40.139696+00:00
INC-20250727-000563,Maria Thompson,Ventilation operations completed on roof.,2025-07-27T22:17:40.139696+00:00
INC-20250727-000563,Steven Vazquez,Fire knocked down. Overhaul in progress.,2025-07-27T22:17:40.139696+00:00
INC-20250722-000565,Joseph Patel,All occupants evacuated. Primary search complete.,2025-07-23T00:03:18.139696+00:00
INC-20250722-000565,Lisa Beard,Defensive operations established due to structural instability.,2025-07-23T00:03:18.139696+00:00
INC-20240227-000567,Terrence Ramirez,Fire origin investigation underway.,2024-02-27T17:43:05.139696+00:00
INC-20240227-000567,Charles Martinez,Utilities secured. Gas and electric shutoff confirmed.,2024-02-27T17:43:05.139696+00:00
INC-20240227-000567,Evan Johnson,Ventilation operations completed on roof.,2024-02-27T17:43:05.139696+00:00
INC-20250930-000568,Jennifer Montgomery,Initial size-up complete. Fire showing from second floor.,2025-09-30T07:06:30.139696+00:00
INC-20250830-000569,Isaiah Terry,Utilities secured. Gas and electric shutoff confirmed.,2025-08-30T15:48:40.139696+00:00
INC-20250830-000569,Michael Bell,Utilities secured. Gas and electric shutoff confirmed.,2025-08-30T15:48:40.139696+00:00
INC-20251017-000570,Cassidy Carter,Ventilation operations completed on roof.,2025-10-17T02:15:08.139696+00:00
INC-20251017-000570,James Grimes,Initial size-up complete. Fire showing from second floor.,2025-10-17T02:15:08.139696+00:00
INC-20251017-000570,Natalie Hawkins,Utilities secured. Gas and electric shutoff confirmed.,2025-10-17T02:15:08.139696+00:00
INC-20251012-000571,Dylan Rodriguez,Initial size-up complete. Fire showing from second floor.,2025-10-12T15:33:44.139696+00:00
INC-20251012-000571,Lindsey Reed,Utilities secured. Gas and electric shutoff confirmed.,2025-10-12T15:33:44.139696+00:00
INC-20250824-000575,Gina Thomas,Thermal imaging scan reveals no hidden hot spots.,2025-08-24T23:45:25.139696+00:00
INC-20250919-000576,Martin Newton,Initial size-up complete. Fire showing from second floor.,2025-09-19T08:46:28.139696+00:00
INC-20250919-000576,Andre Dillon MD,Utilities secured. Gas and electric shutoff confirmed.,2025-09-19T08:46:28.139696+00:00
INC-20250919-000576,Christopher Jones,Defensive operations established due to structural instability.,2025-09-19T08:46:28.139696+00:00
INC-20241104-000577,Sharon French,Utilities secured. Gas and electric shutoff confirmed.,2024-11-04T04:36:51.139696+00:00
INC-20241104-000577,Kayla Espinoza,Thermal imaging scan reveals no hidden hot spots.,2024-11-04T04:36:51.139696+00:00
INC-20241104-000577,John Mitchell,Defensive operations established due to structural instability.,2024-11-04T04:36:51.139696+00:00
INC-20250929-000578,Maureen Allen,Fire knocked down. Overhaul in progress.,2025-09-29T21:36:07.139696+00:00
INC-20250929-000578,Bridget Bryant,Thermal imaging scan reveals no hidden hot spots.,2025-09-29T21:36:07.139696+00:00
INC-20250929-000578,Mary Sawyer,Initial size-up complete. Fire showing from second floor.,2025-09-29T21:36:07.139696+00:00
INC-20250919-000579,David Patrick,Utilities secured. Gas and electric shutoff confirmed.,2025-09-19T09:19:04.139696+00:00
INC-20250825-000580,Carol Martinez,Fire knocked down. Overhaul in progress.,2025-08-25T13:57:24.139696+00:00
INC-20250825-000580,Alexis Hall,Utilities secured. Gas and electric shutoff confirmed.,2025-08-25T13:57:24.139696+00:00
INC-20250217-000581,Nicole Hartman,All occupants evacuated. Primary search complete.,2025-02-17T18:53:34.139696+00:00
INC-20250217-000581,Richard Miranda,Thermal imaging scan reveals no hidden hot spots.,2025-02-17T18:53:34.139696+00:00
INC-20230527-000582,Jessica Jones,Defensive operations established due to structural instability.,2023-05-27T14:19:14.139696+00:00
INC-20241125-000585,Beth Harding,Defensive operations established due to structural instability.,2024-11-25T15:40:10.139696+00:00
INC-20241125-000585,Stanley Gallagher,Initial size-up complete. Fire showing from second floor.,2024-11-25T15:40:10.139696+00:00
INC-20250118-000586,Autumn Tucker,Defensive operations established due to structural instability.,2025-01-18T08:09:02.139696+00:00
INC-20250118-000586,Brandon Adkins,All occupants evacuated. Primary search complete.,2025-01-18T08:09:02.139696+00:00
INC-20250118-000586,James Lopez Jr.,Thermal imaging scan reveals no hidden hot spots.,2025-01-18T08:09:02.139696+00:00
INC-20250823-000589,Benjamin Jordan,Fire origin investigation underway.,2025-08-23T11:49:39.139696+00:00
INC-20250823-000589,Adrian Krueger,Utilities secured. Gas and electric shutoff confirmed.,2025-08-23T11:49:39.139696+00:00
INC-20250926-000590,Kayla Thomas,Utilities secured. Gas and electric shutoff confirmed.,2025-09-26T18:29:11.139696+00:00
INC-20250929-000593,Edward Dunlap,Thermal imaging scan reveals no hidden hot spots.,2025-09-29T03:28:03.139696+00:00
INC-20250929-000593,Amy Park,Defensive operations established due to structural instability.,2025-09-29T03:28:03.139696+00:00
INC-20250929-000593,Alexander Love,Fire knocked down. Overhaul in progress.,2025-09-29T03:28:03.139696+00:00
INC-20250814-000597,James Johnson,Initial size-up complete. Fire showing from second floor.,2025-08-14T04:48:49.139696+00:00
INC-20250904-000598,Michael Moran,Utilities secured. Gas and electric shutoff confirmed.,2025-09-04T20:52:30.139696+00:00
INC-20250904-000598,Mary Hudson,Initial size-up complete. Fire showing from second floor.,2025-09-04T20:52:30.139696+00:00
INC-20250328-000599,David Nolan,Fire knocked down. Overhaul in progress.,2025-03-28T16:17:16.139696+00:00
INC-20250328-000599,Brian Medina,Utilities secured. Gas and electric shutoff confirmed.,2025-03-28T16:17:16.139696+00:00
INC-20251021-000601,Whitney Hawkins,Utilities secured. Gas and electric shutoff confirmed.,2025-10-22T00:08:13.139696+00:00
INC-20251021-000601,Mrs. Shannon Valencia,Thermal imaging scan reveals no hidden hot spots.,2025-10-22T00:08:13.139696+00:00
INC-20250819-000603,Michael James,Ventilation operations completed on roof.,2025-08-19T07:41:54.139696+00:00
INC-20250819-000603,Michelle Christensen,Utilities secured. Gas and electric shutoff confirmed.,2025-08-19T07:41:54.139696+00:00
INC-20250831-000604,Paul Martin,Utilities secured. Gas and electric shutoff confirmed.,2025-08-31T13:59:32.139696+00:00
INC-20250922-000605,Heather Morrison,Ventilation operations completed on roof.,2025-09-22T22:09:19.139696+00:00
INC-20250922-000605,Adam Martinez,Initial size-up complete. Fire showing from second floor.,2025-09-22T22:09:19.139696+00:00
INC-20250922-000605,Alexis Johnson,Fire origin investigation underway.,2025-09-22T22:09:19.139696+00:00
INC-20250816-000606,Henry Leach,Ventilation operations completed on roof.,2025-08-16T07:45:28.139696+00:00
INC-20250816-000606,Joshua Anderson,Thermal imaging scan reveals no hidden hot spots.,2025-08-16T07:45:28.139696+00:00
INC-20250707-000610,Nicholas Hendricks,Fire origin investigation underway.,2025-07-07T18:38:06.139696+00:00
INC-20250707-000610,Debra Rivera,Defensive operations established due to structural instability.,2025-07-07T18:38:06.139696+00:00
INC-20250825-000613,Terry Mckee,Utilities secured. Gas and electric shutoff confirmed.,2025-08-25T20:35:29.139696+00:00
INC-20250825-000613,Matthew Simon,Fire knocked down. Overhaul in progress.,2025-08-25T20:35:29.139696+00:00
INC-20250825-000613,Joseph Kelly Jr.,All occupants evacuated. Primary search complete.,2025-08-25T20:35:29.139696+00:00
INC-20250921-000614,Michael Zamora,Utilities secured. Gas and electric shutoff confirmed.,2025-09-21T18:40:08.139696+00:00
INC-20250817-000617,Heather Barry,Fire knocked down. Overhaul in progress.,2025-08-17T02:55:14.139696+00:00
INC-20250817-000617,Cindy Young,Initial size-up complete. Fire showing from second floor.,2025-08-17T02:55:14.139696+00:00
INC-20250817-000617,Mark Townsend,Thermal imaging scan reveals no hidden hot spots.,2025-08-17T02:55:14.139696+00:00
INC-20251012-000618,James Gomez,Defensive operations established due to structural instability.,2025-10-12T01:28:52.139696+00:00
INC-20251012-000618,Samantha Spencer,Utilities secured. Gas and electric shutoff confirmed.,2025-10-12T01:28:52.139696+00:00
INC-20251012-000618,Kristin Castro,Thermal imaging scan reveals no hidden hot spots.,2025-10-12T01:28:52.139696+00:00
INC-20250806-000625,Katelyn Gray,Ventilation operations completed on roof.,2025-08-06T18:06:01.139696+00:00
INC-20250806-000625,Kristine Bryant DVM,Thermal imaging scan reveals no hidden hot spots.,2025-08-06T18:06:01.139696+00:00
INC-20250806-000625,Michael Smith,All occupants evacuated. Primary search complete.,2025-08-06T18:06:01.139696+00:00
INC-20250814-000627,Christopher Martin,Initial size-up complete. Fire showing from second floor.,2025-08-14T00:36:02.139696+00:00
INC-20250901-000629,Debra Wright,Utilities secured. Gas and electric shutoff confirmed.,2025-09-01T19:30:06.139696+00:00
INC-20250901-000629,Adam Shannon,All occupants evacuated. Primary search complete.,2025-09-01T19:30:06.139696+00:00
INC-20231016-000630,Andrew Ramirez,Defensive operations established due to structural instability.,2023-10-16T12:14:45.139696+00:00
INC-20250813-000631,Bradley Walker,Fire knocked down. Overhaul in progress.,2025-08-13T23:11:46.139696+00:00
INC-20250813-000631,Jacqueline Dyer,Thermal imaging scan reveals no hidden hot spots.,2025-08-13T23:11:46.139696+00:00
INC-20251005-000632,Mary Harrington,Ventilation operations completed on roof.,2025-10-05T19:16:59.139696+00:00
INC-20251005-000632,Alyssa Arnold,Initial size-up complete. Fire showing from second floor.,2025-10-05T19:16:59.139696+00:00
INC-20250920-000634,Cindy Rich MD,All occupants evacuated. Primary search complete.,2025-09-20T23:19:17.139696+00:00
INC-20241201-000635,Steven Kent,Initial size-up complete. Fire showing from second floor.,2024-12-01T06:22:43.139696+00:00
INC-20241201-000635,Kristi Green,Utilities secured. Gas and electric shutoff confirmed.,2024-12-01T06:22:43.139696+00:00
INC-20250103-000636,Shawn Gutierrez,Fire knocked down. Overhaul in progress.,2025-01-03T03:58:28.139696+00:00
INC-20250806-000637,Catherine Stewart,Utilities secured. Gas and electric shutoff confirmed.,2025-08-06T20:31:54.139696+00:00
INC-20250814-000643,Benjamin Glass,Initial size-up complete. Fire showing from second floor.,2025-08-14T18:42:06.139696+00:00
INC-20241224-000644,Alyssa Barnett,Thermal imaging scan reveals no hidden hot spots.,2024-12-24T01:13:52.139696+00:00
INC-20250921-000645,Anna Poole,Thermal imaging scan reveals no hidden hot spots.,2025-09-21T05:49:01.139696+00:00
INC-20250921-000645,Jacqueline Phillips,Utilities secured. Gas and electric shutoff confirmed.,2025-09-21T05:49:01.139696+00:00
INC-20250918-000646,Kathleen Little,Utilities secured. Gas and electric shutoff confirmed.,2025-09-18T01:30:19.139696+00:00
INC-20250918-000646,Dr. Joseph Parsons,Thermal imaging scan reveals no hidden hot spots.,2025-09-18T01:30:19.139696+00:00
INC-20250918-000646,Margaret Campbell,Fire knocked down. Overhaul in progress.,2025-09-18T01:30:19.139696+00:00
INC-20250913-000647,David Robinson,All occupants evacuated. Primary search complete.,2025-09-13T14:57:17.139696+00:00
INC-20250913-000647,Diana Washington,Utilities secured. Gas and electric shutoff confirmed.,2025-09-13T14:57:17.139696+00:00
INC-20250913-000647,Sheryl Barton,Ventilation operations completed on roof.,2025-09-13T14:57:17.139696+00:00
INC-20250825-000649,David Moreno,Thermal imaging scan reveals no hidden hot spots.,2025-08-25T15:36:17.139696+00:00
INC-20250825-000649,Michael Mcconnell,All occupants evacuated. Primary search complete.,2025-08-25T15:36:17.139696+00:00
INC-20251009-000651,Matthew Henderson,All occupants evacuated. Primary search complete.,2025-10-09T14:00:39.139696+00:00
INC-20251009-000651,Jacqueline Perkins,All occupants evacuated. Primary search complete.,2025-10-09T14:00:39.139696+00:00
INC-20251009-000651,Steven Medina,Fire knocked down. Overhaul in progress.,2025-10-09T14:00:39.139696+00:00
INC-20250913-000652,Michael Bell,Thermal imaging scan reveals no hidden hot spots.,2025-09-13T22:35:43.139696+00:00
INC-20250913-000652,Nicholas Smith DDS,Thermal imaging scan reveals no hidden hot spots.,2025-09-13T22:35:43.139696+00:00
INC-20250525-000655,Ryan White,Ventilation operations completed on roof.,2025-05-25T07:56:06.139696+00:00
INC-20250915-000656,Kristen Perry DVM,Defensive operations established due to structural instability.,2025-09-15T06:49:14.139696+00:00
INC-20250915-000656,Timothy West,Fire knocked down. Overhaul in progress.,2025-09-15T06:49:14.139696+00:00
INC-20250915-000656,Adam Smith,Defensive operations established due to structural instability.,2025-09-15T06:49:14.139696+00:00
INC-20250822-000657,Susan Valdez,Fire origin investigation underway.,2025-08-22T06:37:13.139696+00:00
INC-20250822-000657,Candice Humphrey,Defensive operations established due to structural instability.,2025-08-22T06:37:13.139696+00:00
INC-20251013-000658,Jennifer Rangel,Defensive operations established due to structural instability.,2025-10-13T20:41:29.139696+00:00
INC-20251013-000658,Todd Gray,Thermal imaging scan reveals no hidden hot spots.,2025-10-13T20:41:29.139696+00:00
INC-20250917-000659,Jonathan Castillo,Fire origin investigation underway.,2025-09-17T09:56:01.139696+00:00
INC-20250927-000661,Devin Day,Defensive operations established due to structural instability.,2025-09-27T15:11:40.139696+00:00
INC-20251005-000664,Eric Murphy,All occupants evacuated. Primary search complete.,2025-10-05T10:31:44.139696+00:00
INC-20250831-000665,Leah Brown,Fire origin investigation underway.,2025-08-31T10:21:52.139696+00:00
INC-20250831-000665,Daniel Foster,All occupants evacuated. Primary search complete.,2025-08-31T10:21:52.139696+00:00
INC-20250831-000665,Laura Oneal,Fire knocked down. Overhaul in progress.,2025-08-31T10:21:52.139696+00:00
INC-20251020-000669,Tony Rogers,Ventilation operations completed on roof.,2025-10-20T02:22:49.139696+00:00
INC-20251020-000669,Roberto Rojas,Utilities secured. Gas and electric shutoff confirmed.,2025-10-20T02:22:49.139696+00:00
INC-20250501-000670,Julie Curry,All occupants evacuated. Primary search complete.,2025-05-01T06:37:51.139696+00:00
INC-20250501-000670,Maureen Lee,Defensive operations established due to structural instability.,2025-05-01T06:37:51.139696+00:00
INC-20251022-000674,Mary Massey,Defensive operations established due to structural instability.,2025-10-22T14:49:48.139696+00:00
INC-20251022-000674,Kaitlyn White,Ventilation operations completed on roof.,2025-10-22T14:49:48.139696+00:00
INC-20251022-000674,Christopher Wheeler,Defensive operations established due to structural instability.,2025-10-22T14:49:48.139696+00:00
INC-20250525-000675,Tamara Ortiz,Fire origin investigation underway.,2025-05-25T07:53:46.139696+00:00
INC-20250816-000676,Shelia Baker,Fire origin investigation underway.,2025-08-16T07:42:45.139696+00:00
INC-20221223-000677,Shelby Webster,Defensive operations established due to structural instability.,2022-12-23T10:43:12.139696+00:00
INC-20241210-000679,Hannah Hunt,Fire knocked down. Overhaul in progress.,2024-12-10T15:34:39.139696+00:00
INC-20250306-000683,Mikayla Jones,Utilities secured. Gas and electric shutoff confirmed.,2025-03-06T17:49:58.139696+00:00
INC-20250306-000683,Jason Stephens,Thermal imaging scan reveals no hidden hot spots.,2025-03-06T17:49:58.139696+00:00
INC-20250306-000683,Gerald Alvarez,Fire knocked down. Overhaul in progress.,2025-03-06T17:49:58.139696+00:00
INC-20250802-000684,Joshua James,Ventilation operations completed on roof.,2025-08-02T01:11:52.139696+00:00
INC-20241017-000685,Eric Russell,Fire origin investigation underway.,2024-10-17T06:18:13.139696+00:00
INC-20241017-000685,Mrs. Courtney Turner,Defensive operations established due to structural instability.,2024-10-17T06:18:13.139696+00:00
INC-20241017-000685,Tara Anderson,Initial size-up complete. Fire showing from second floor.,2024-10-17T06:18:13.139696+00:00
INC-20250131-000686,Luis Clark,Fire knocked down. Overhaul in progress.,2025-01-31T04:56:47.139696+00:00
INC-20250728-000688,Bianca Kim,Initial size-up complete. Fire showing from second floor.,2025-07-28T16:45:59.139696+00:00
INC-20250912-000692,Zachary Price,All occupants evacuated. Primary search complete.,2025-09-12T19:59:10.139696+00:00
INC-20250801-000696,Manuel Riddle,All occupants evacuated. Primary search complete.,2025-08-01T12:57:11.139696+00:00
INC-20250801-000696,Brenda Haynes,Fire origin investigation underway.,2025-08-01T12:57:11.139696+00:00
INC-20250801-000696,Brian Barnes,Defensive operations established due to structural instability.,2025-08-01T12:57:11.139696+00:00
INC-20230815-000697,Charles Miller,All occupants evacuated. Primary search complete.,2023-08-15T01:46:34.139696+00:00
INC-20230815-000697,Shawn Solomon,Thermal imaging scan reveals no hidden hot spots.,2023-08-15T01:46:34.139696+00:00
INC-20250818-000698,Jennifer Robinson,Fire origin investigation underway.,2025-08-18T14:49:28.139696+00:00
INC-20250901-000701,Kimberly Miller,All occupants evacuated. Primary search complete.,2025-09-01T06:08:11.139696+00:00
INC-20250901-000701,David Vincent,Ventilation operations completed on roof.,2025-09-01T06:08:11.139696+00:00
INC-20250901-000701,Eric Rogers,Initial size-up complete. Fire showing from second floor.,2025-09-01T06:08:11.139696+00:00
INC-20250527-000702,Brandon Ochoa,Defensive operations established due to structural instability.,2025-05-27T17:36:17.139696+00:00
INC-20250729-000704,Pamela Peters,Initial size-up complete. Fire showing from second floor.,2025-07-29T18:55:20.139696+00:00
INC-20250827-000705,Philip Espinoza,Utilities secured. Gas and electric shutoff confirmed.,2025-08-27T01:36:32.139696+00:00
INC-20250821-000707,Jeffrey Vaughn,Initial size-up complete. Fire showing from second floor.,2025-08-21T05:10:39.139696+00:00
INC-20250821-000707,Samuel Rocha,All occupants evacuated. Primary search complete.,2025-08-21T05:10:39.139696+00:00
INC-20250821-000707,Paul Rich,Fire origin investigation underway.,2025-08-21T05:10:39.139696+00:00
INC-20231125-000708,Sharon Lane,Defensive operations established due to structural instability.,2023-11-25T14:42:33.139696+00:00
INC-20231125-000708,Scott Gordon,Ventilation operations completed on roof.,2023-11-25T14:42:33.139696+00:00
INC-20251004-000709,Aaron Smith,Defensive operations established due to structural instability.,2025-10-04T23:22:23.139696+00:00
INC-20250801-000710,Susan Rivera,Fire origin investigation underway.,2025-08-01T02:13:49.139696+00:00
INC-20250801-000710,David Watson,Thermal imaging scan reveals no hidden hot spots.,2025-08-01T02:13:49.139696+00:00
INC-20230808-000713,Nicholas Rasmussen,Fire origin investigation underway.,2023-08-08T23:12:27.139696+00:00
INC-20230808-000713,Jason Taylor,Utilities secured. Gas and electric shutoff confirmed.,2023-08-08T23:12:27.139696+00:00
INC-20230808-000713,Claudia Rice,Thermal imaging scan reveals no hidden hot spots.,2023-08-08T23:12:27.139696+00:00
INC-20250328-000716,Lawrence Novak Jr.,Thermal imaging scan reveals no hidden hot spots.,2025-03-28T08:56:35.139696+00:00
INC-20250430-000717,Wendy Riggs,Thermal imaging scan reveals no hidden hot spots.,2025-04-30T05:08:27.139696+00:00
INC-20250430-000717,Alexis Shea,Defensive operations established due to structural instability.,2025-04-30T05:08:27.139696+00:00
INC-20250430-000717,Cathy Sanders,Ventilation operations completed on roof.,2025-04-30T05:08:27.139696+00:00
INC-20250906-000719,Catherine Callahan,Fire origin investigation underway.,2025-09-06T07:22:07.139696+00:00
INC-20250906-000719,Kenneth Short,Utilities secured. Gas and electric shutoff confirmed.,2025-09-06T07:22:07.139696+00:00
INC-20250906-000719,Matthew Evans,Ventilation operations completed on roof.,2025-09-06T07:22:07.139696+00:00
INC-20250127-000721,Ashley Dyer,Fire origin investigation underway.,2025-01-27T23:06:16.139696+00:00
INC-20250127-000721,George Murphy,Thermal imaging scan reveals no hidden hot spots.,2025-01-27T23:06:16.139696+00:00
INC-20250127-000721,Stephanie Perez,Fire knocked down. Overhaul in progress.,2025-01-27T23:06:16.139696+00:00
INC-20250829-000722,Barbara Decker,All occupants evacuated. Primary search complete.,2025-08-29T00:54:23.139696+00:00
INC-20250829-000722,Nicole Davis,Utilities secured. Gas and electric shutoff confirmed.,2025-08-29T00:54:23.139696+00:00
INC-20250906-000724,Patrick Patel,Defensive operations established due to structural instability.,2025-09-06T20:00:30.139696+00:00
INC-20250906-000724,Shannon Nelson,All occupants evacuated. Primary search complete.,2025-09-06T20:00:30.139696+00:00
INC-20250728-000725,Samuel Washington,Fire knocked down. Overhaul in progress.,2025-07-28T02:29:15.139696+00:00
INC-20250728-000725,Marcia Green,Ventilation operations completed on roof.,2025-07-28T02:29:15.139696+00:00
INC-20250728-000725,Beth Schwartz,Defensive operations established due to structural instability.,2025-07-28T02:29:15.139696+00:00
INC-20250820-000726,Sandra Gonzalez,Fire origin investigation underway.,2025-08-20T05:15:57.139696+00:00
INC-20250820-000726,David Jackson,Initial size-up complete. Fire showing from second floor.,2025-08-20T05:15:57.139696+00:00
INC-20250820-000726,Kristin Gomez,All occupants evacuated. Primary search complete.,2025-08-20T05:15:57.139696+00:00
INC-20251006-000728,Heather Flynn,Ventilation operations completed on roof.,2025-10-06T02:05:52.139696+00:00
INC-20251006-000728,Jennifer Sherman,Thermal imaging scan reveals no hidden hot spots.,2025-10-06T02:05:52.139696+00:00
INC-20251006-000728,Jillian Tran MD,Ventilation operations completed on roof.,2025-10-06T02:05:52.139696+00:00
INC-20250823-000731,Vincent Huynh,Utilities secured. Gas and electric shutoff confirmed.,2025-08-23T14:51:56.139696+00:00
INC-20250823-000731,John Johnson,Thermal imaging scan reveals no hidden hot spots.,2025-08-23T14:51:56.139696+00:00
INC-20250823-000731,James Mclean,Defensive operations established due to structural instability.,2025-08-23T14:51:56.139696+00:00
INC-20240205-000732,Sean Gonzalez,Initial size-up complete. Fire showing from second floor.,2024-02-05T02:40:37.139696+00:00
INC-20240205-000732,Adam Giles,Ventilation operations completed on roof.,2024-02-05T02:40:37.139696+00:00
INC-20240205-000732,Diane Davis,Fire knocked down. Overhaul in progress.,2024-02-05T02:40:37.139696+00:00
INC-20250803-000733,Catherine Villegas,Utilities secured. Gas and electric shutoff confirmed.,2025-08-03T10:31:24.139696+00:00
INC-20250725-000734,Shane Mejia,Defensive operations established due to structural instability.,2025-07-25T22:22:30.139696+00:00
INC-20250725-000734,Darin Wilkinson,Defensive operations established due to structural instability.,2025-07-25T22:22:30.139696+00:00
INC-20250909-000735,Brandon Barber,Ventilation operations completed on roof.,2025-09-09T05:31:50.139696+00:00
INC-20250909-000735,Richard Morrison,Ventilation operations completed on roof.,2025-09-09T05:31:50.139696+00:00
INC-20250825-000739,Laura Harris,Fire knocked down. Overhaul in progress.,2025-08-25T20:06:56.139696+00:00
INC-20250825-000739,Caroline Robertson,Fire knocked down. Overhaul in progress.,2025-08-25T20:06:56.139696+00:00
INC-20250825-000739,Sarah Avila,Utilities secured. Gas and electric shutoff confirmed.,2025-08-25T20:06:56.139696+00:00
INC-20250908-000742,Patty Hopkins,Fire origin investigation underway.,2025-09-08T01:50:40.139696+00:00
INC-20250908-000742,Anthony Thomas,Ventilation operations completed on roof.,2025-09-08T01:50:40.139696+00:00
INC-20251018-000745,Gina Cunningham,All occupants evacuated. Primary search complete.,2025-10-18T05:54:12.139696+00:00
INC-20251018-000745,Julie Hill,Fire knocked down. Overhaul in progress.,2025-10-18T05:54:12.139696+00:00
INC-20251018-000745,Joshua Henderson,Thermal imaging scan reveals no hidden hot spots.,2025-10-18T05:54:12.139696+00:00
INC-20250919-000751,Cassandra Stafford,Defensive operations established due to structural instability.,2025-09-19T06:36:19.139696+00:00
INC-20250919-000751,William Kerr,All occupants evacuated. Primary search complete.,2025-09-19T06:36:19.139696+00:00
INC-20250927-000752,Travis Aguirre,Defensive operations established due to structural instability.,2025-09-27T18:40:51.139696+00:00
INC-20250927-000752,Robin Davis,Utilities secured. Gas and electric shutoff confirmed.,2025-09-27T18:40:51.139696+00:00
INC-20230218-000753,Sarah Harrison,Thermal imaging scan reveals no hidden hot spots.,2023-02-18T10:52:42.139696+00:00
INC-20230218-000753,Louis Graham,Ventilation operations completed on roof.,2023-02-18T10:52:42.139696+00:00
INC-20250131-000756,Zachary Hill,Defensive operations established due to structural instability.,2025-01-31T19:14:45.139696+00:00
INC-20250811-000758,Devon Owen,All occupants evacuated. Primary search complete.,2025-08-11T08:40:51.139696+00:00
INC-20250825-000760,Bonnie Brown,Initial size-up complete. Fire showing from second floor.,2025-08-25T10:32:53.139696+00:00
INC-20250825-000760,William Evans,Initial size-up complete. Fire showing from second floor.,2025-08-25T10:32:53.139696+00:00
INC-20250825-000760,Kathy Hunter,All occupants evacuated. Primary search complete.,2025-08-25T10:32:53.139696+00:00
INC-20250922-000762,John Nelson,Defensive operations established due to structural instability.,2025-09-22T07:13:09.139696+00:00
INC-20250922-000762,Elizabeth Barber,Defensive operations established due to structural instability.,2025-09-22T07:13:09.139696+00:00
INC-20250922-000762,Amy Schmidt,Utilities secured. Gas and electric shutoff confirmed.,2025-09-22T07:13:09.139696+00:00
INC-20250803-000763,Adam Curry,Ventilation operations completed on roof.,2025-08-03T15:04:18.139696+00:00
INC-20250803-000763,Joseph Smith,Initial size-up complete. Fire showing from second floor.,2025-08-03T15:04:18.139696+00:00
INC-20250803-000763,Robert Solomon,Fire origin investigation underway.,2025-08-03T15:04:18.139696+00:00
INC-20250808-000766,Diane Combs,Thermal imaging scan reveals no hidden hot spots.,2025-08-08T03:43:33.139696+00:00
INC-20250808-000766,Gary Baird,Fire origin investigation underway.,2025-08-08T03:43:33.139696+00:00
INC-20250808-000766,Christopher Bauer,All occupants evacuated. Primary search complete.,2025-08-08T03:43:33.139696+00:00
INC-20230422-000767,Benjamin Friedman,Fire origin investigation underway.,2023-04-22T07:31:39.139696+00:00
INC-20230422-000767,Andrea Hall,Defensive operations established due to structural instability.,2023-04-22T07:31:39.139696+00:00
INC-20230422-000767,Tiffany Henderson,Fire knocked down. Overhaul in progress.,2023-04-22T07:31:39.139696+00:00
INC-20250801-000769,Chloe Morris,All occupants evacuated. Primary search complete.,2025-08-01T11:03:34.139696+00:00
INC-20250908-000770,Jessica Allen,Ventilation operations completed on roof.,2025-09-08T16:43:10.139696+00:00
INC-20250908-000770,Robert Vaughn,Thermal imaging scan reveals no hidden hot spots.,2025-09-08T16:43:10.139696+00:00
INC-20241217-000773,Mrs. Brittney Ayala,Fire knocked down. Overhaul in progress.,2024-12-17T02:01:07.139696+00:00
INC-20241217-000773,Mario Maxwell,Fire origin investigation underway.,2024-12-17T02:01:07.139696+00:00
INC-20250314-000775,Michael Lee,Utilities secured. Gas and electric shutoff confirmed.,2025-03-14T22:23:48.139696+00:00
INC-20250314-000775,Vickie Walters,Ventilation operations completed on roof.,2025-03-14T22:23:48.139696+00:00
INC-20250314-000775,Terri Ware,Fire origin investigation underway.,2025-03-14T22:23:48.139696+00:00
INC-20250722-000777,Kimberly Curtis,Fire origin investigation underway.,2025-07-22T05:51:55.139696+00:00
INC-20250722-000777,Susan Rivera,Initial size-up complete. Fire showing from second floor.,2025-07-22T05:51:55.139696+00:00
INC-20250722-000777,Timothy Perez,All occupants evacuated. Primary search complete.,2025-07-22T05:51:55.139696+00:00
INC-20241013-000779,Marc Hull,Ventilation operations completed on roof.,2024-10-13T06:35:39.139696+00:00
INC-20241013-000779,James Wilson,Initial size-up complete. Fire showing from second floor.,2024-10-13T06:35:39.139696+00:00
INC-20251017-000786,William Lee,Thermal imaging scan reveals no hidden hot spots.,2025-10-17T14:18:10.139696+00:00
INC-20251017-000786,Jamie Bridges,Initial size-up complete. Fire showing from second floor.,2025-10-17T14:18:10.139696+00:00
INC-20241207-000787,Pamela Patterson,Defensive operations established due to structural instability.,2024-12-07T11:22:22.139696+00:00
INC-20241207-000787,Shelley Klein,Fire origin investigation underway.,2024-12-07T11:22:22.139696+00:00
INC-20241207-000787,Jo Lambert,Initial size-up complete. Fire showing from second floor.,2024-12-07T11:22:22.139696+00:00
INC-20250819-000788,Erica Morrison,Fire origin investigation underway.,2025-08-19T22:33:43.139696+00:00
INC-20231003-000790,Jessica Torres,Utilities secured. Gas and electric shutoff confirmed.,2023-10-03T07:35:10.139696+00:00
INC-20231003-000790,Tammy Sanchez,Fire knocked down. Overhaul in progress.,2023-10-03T07:35:10.139696+00:00
INC-20251021-000792,Eric Holden,Ventilation operations completed on roof.,2025-10-21T20:29:35.139696+00:00
INC-20250922-000794,Katie Clark,Ventilation operations completed on roof.,2025-09-22T23:43:36.139696+00:00
INC-20250823-000795,Sarah Fletcher,Utilities secured. Gas and electric shutoff confirmed.,2025-08-23T11:36:59.139696+00:00
INC-20250823-000795,Nicholas Reed,Thermal imaging scan reveals no hidden hot spots.,2025-08-23T11:36:59.139696+00:00
INC-20250823-000795,Heather Campbell,Thermal imaging scan reveals no hidden hot spots.,2025-08-23T11:36:59.139696+00:00
INC-20250706-000796,Elizabeth Hill,Defensive operations established due to structural instability.,2025-07-06T02:56:23.139696+00:00
INC-20250706-000796,Michael Brown,Ventilation operations completed on roof.,2025-07-06T02:56:23.139696+00:00
INC-20241022-000797,Janice Fuentes,Initial size-up complete. Fire showing from second floor.,2024-10-22T20:56:14.139696+00:00
INC-20241022-000797,Steven Perry,Defensive operations established due to structural instability.,2024-10-22T20:56:14.139696+00:00
INC-20241022-000797,Bryce Francis,Initial size-up complete. Fire showing from second floor.,2024-10-22T20:56:14.139696+00:00
INC-20251018-000801,Jacqueline Olson,Thermal imaging scan reveals no hidden hot spots.,2025-10-18T15:54:30.139696+00:00
INC-20250801-000803,Luis Sullivan,Utilities secured. Gas and electric shutoff confirmed.,2025-08-01T05:47:02.139696+00:00
INC-20251017-000804,Richard Johnson,Initial size-up complete. Fire showing from second floor.,2025-10-17T11:05:33.139696+00:00
INC-20250805-000806,Joseph Clark,Initial size-up complete. Fire showing from second floor.,2025-08-05T16:18:16.139696+00:00
INC-20250805-000806,Cheryl May,Fire knocked down. Overhaul in progress.,2025-08-05T16:18:16.139696+00:00
INC-20250805-000806,Jose Moses,Fire knocked down. Overhaul in progress.,2025-08-05T16:18:16.139696+00:00
INC-20250911-000809,Brittany Harris,Fire origin investigation underway.,2025-09-11T12:33:22.139696+00:00
INC-20250822-000810,Scott Nunez,All occupants evacuated. Primary search complete.,2025-08-22T09:21:34.139696+00:00
INC-20250811-000812,Marvin Massey,Ventilation operations completed on roof.,2025-08-11T09:40:53.139696+00:00
INC-20250811-000812,Wendy Chen,Fire origin investigation underway.,2025-08-11T09:40:53.139696+00:00
INC-20250811-000812,Michael Cooper,Initial size-up complete. Fire showing from second floor.,2025-08-11T09:40:53.139696+00:00
INC-20241122-000813,Michael Pierce,Fire origin investigation underway.,2024-11-22T12:20:31.139696+00:00
INC-20250923-000815,Adam Campbell,Utilities secured. Gas and electric shutoff confirmed.,2025-09-23T20:48:07.139696+00:00
INC-20251008-000818,Ryan Stevens,Ventilation operations completed on roof.,2025-10-08T16:25:02.139696+00:00
INC-20250818-000819,Kathryn Mendez,Ventilation operations completed on roof.,2025-08-18T09:45:03.139696+00:00
INC-20251022-000821,Charles Mooney,Fire knocked down. Overhaul in progress.,2025-10-22T03:21:48.139696+00:00
INC-20251022-000821,Nathaniel Bryant,Fire knocked down. Overhaul in progress.,2025-10-22T03:21:48.139696+00:00
INC-20251022-000821,Casey Valdez,Utilities secured. Gas and electric shutoff confirmed.,2025-10-22T03:21:48.139696+00:00
INC-20250718-000822,Aimee Russell,Ventilation operations completed on roof.,2025-07-18T13:10:26.139696+00:00
INC-20250718-000822,Nathan Martinez,Ventilation operations completed on roof.,2025-07-18T13:10:26.139696+00:00
INC-20250926-000823,Charles Miranda,Defensive operations established due to structural instability.,2025-09-26T20:39:37.139696+00:00
INC-20241227-000824,Nicholas Fuller,Utilities secured. Gas and electric shutoff confirmed.,2024-12-27T22:31:40.139696+00:00
INC-20241227-000824,Casey May,Thermal imaging scan reveals no hidden hot spots.,2024-12-27T22:31:40.139696+00:00
INC-20251009-000825,Jill Velazquez,Initial size-up complete. Fire showing from second floor.,2025-10-09T17:26:50.139696+00:00
INC-20251009-000825,Samantha Powell,Fire origin investigation underway.,2025-10-09T17:26:50.139696+00:00
INC-20251009-000825,Emma Rivera,Defensive operations established due to structural instability.,2025-10-09T17:26:50.139696+00:00
INC-20221110-000828,Joseph Stewart,Fire knocked down. Overhaul in progress.,2022-11-10T06:21:10.139696+00:00
INC-20221110-000828,Tyler Hebert,Fire knocked down. Overhaul in progress.,2022-11-10T06:21:10.139696+00:00
INC-20221110-000828,Roy Hart,Thermal imaging scan reveals no hidden hot spots.,2022-11-10T06:21:10.139696+00:00
INC-20241217-000830,Bryan Cohen,Initial size-up complete. Fire showing from second floor.,2024-12-17T07:37:52.139696+00:00
INC-20241217-000830,Stephanie Reyes,Initial size-up complete. Fire showing from second floor.,2024-12-17T07:37:52.139696+00:00
INC-20241217-000830,Scott Flowers,Fire origin investigation underway.,2024-12-17T07:37:52.139696+00:00
INC-20250928-000831,Maria Lewis,Fire knocked down. Overhaul in progress.,2025-09-28T13:36:36.139696+00:00
INC-20250419-000832,Crystal Mitchell,Ventilation operations completed on roof.,2025-04-19T15:34:41.139696+00:00
INC-20250419-000832,Monica Madden,Defensive operations established due to structural instability.,2025-04-19T15:34:41.139696+00:00
INC-20250416-000836,Juan Solis MD,Thermal imaging scan reveals no hidden hot spots.,2025-04-16T12:12:34.139696+00:00
INC-20250824-000838,Donna Richardson,Initial size-up complete. Fire showing from second floor.,2025-08-24T12:58:35.139696+00:00
INC-20250824-000838,Eric Garrett,Utilities secured. Gas and electric shutoff confirmed.,2025-08-24T12:58:35.139696+00:00
INC-20250824-000838,Tyler Lane,Utilities secured. Gas and electric shutoff confirmed.,2025-08-24T12:58:35.139696+00:00
INC-20250905-000840,Anna Chavez,All occupants evacuated. Primary search complete.,2025-09-05T10:57:49.139696+00:00
INC-20250726-000842,Stephanie Mcdowell,Thermal imaging scan reveals no hidden hot spots.,2025-07-26T22:03:13.139696+00:00
INC-20250815-000845,Jacob Diaz,All occupants evacuated. Primary search complete.,2025-08-15T20:15:36.139696+00:00
INC-20250815-000845,David Douglas,Fire origin investigation underway.,2025-08-15T20:15:36.139696+00:00
INC-20250815-000845,Katrina Campbell,Defensive operations established due to structural instability.,2025-08-15T20:15:36.139696+00:00
INC-20251022-000847,Jesus Burgess,Ventilation operations completed on roof.,2025-10-22T08:48:35.139696+00:00
INC-20251022-000847,Barbara Wolf,Ventilation operations completed on roof.,2025-10-22T08:48:35.139696+00:00
INC-20251015-000848,Raymond Powell,All occupants evacuated. Primary search complete.,2025-10-15T03:50:13.139696+00:00
INC-20250806-000850,Angela Duffy,Thermal imaging scan reveals no hidden hot spots.,2025-08-06T01:41:45.139696+00:00
INC-20250806-000850,Michael Williams,Utilities secured. Gas and electric shutoff confirmed.,2025-08-06T01:41:45.139696+00:00
INC-20250806-000850,Ronald Hernandez,Fire origin investigation underway.,2025-08-06T01:41:45.139696+00:00
INC-20240216-000851,David Kemp,Fire origin investigation underway.,2024-02-16T15:21:05.139696+00:00
INC-20240216-000851,Jennifer Schultz,All occupants evacuated. Primary search complete.,2024-02-16T15:21:05.139696+00:00
INC-20240216-000851,Meghan Allen,Initial size-up complete. Fire showing from second floor.,2024-02-16T15:21:05.139696+00:00
INC-20250228-000853,Diana Holloway,Fire knocked down. Overhaul in progress.,2025-02-28T06:15:32.139696+00:00
INC-20250228-000853,Brian Best II,Utilities secured. Gas and electric shutoff confirmed.,2025-02-28T06:15:32.139696+00:00
INC-20250811-000854,Todd Nash,Initial size-up complete. Fire showing from second floor.,2025-08-11T22:56:45.139696+00:00
INC-20250914-000856,Sean Hicks,Utilities secured. Gas and electric shutoff confirmed.,2025-09-14T02:06:02.139696+00:00
INC-20250914-000856,Sergio Martinez,Fire origin investigation underway.,2025-09-14T02:06:02.139696+00:00
INC-20250914-000856,Rita Robinson,Ventilation operations completed on roof.,2025-09-14T02:06:02.139696+00:00
INC-20250818-000857,James Herring,Initial size-up complete. Fire showing from second floor.,2025-08-18T00:38:59.139696+00:00
INC-20250818-000857,Erika Lopez DVM,Thermal imaging scan reveals no hidden hot spots.,2025-08-18T00:38:59.139696+00:00
INC-20250818-000857,Stephanie Medina,Utilities secured. Gas and electric shutoff confirmed.,2025-08-18T00:38:59.139696+00:00
INC-20250724-000858,Phyllis Rivera,Fire knocked down. Overhaul in progress.,2025-07-24T19:54:58.139696+00:00
INC-20250827-000860,Zachary Martin,Ventilation operations completed on roof.,2025-08-27T21:51:10.139696+00:00
INC-20250827-000860,Jennifer Clark,Initial size-up complete. Fire showing from second floor.,2025-08-27T21:51:10.139696+00:00
INC-20250902-000861,Donna Johnson,Fire knocked down. Overhaul in progress.,2025-09-02T08:16:13.139696+00:00
INC-20250902-000861,Kathleen Casey,Ventilation operations completed on roof.,2025-09-02T08:16:13.139696+00:00
INC-20250922-000864,Elizabeth Marsh,All occupants evacuated. Primary search complete.,2025-09-22T05:20:59.139696+00:00
INC-20250922-000864,Nathan Carlson,Defensive operations established due to structural instability.,2025-09-22T05:20:59.139696+00:00
INC-20250726-000868,Mark Reynolds,Thermal imaging scan reveals no hidden hot spots.,2025-07-26T11:10:36.139696+00:00
INC-20250726-000868,Larry Stout,Fire knocked down. Overhaul in progress.,2025-07-26T11:10:36.139696+00:00
INC-20250726-000868,David Davis,Utilities secured. Gas and electric shutoff confirmed.,2025-07-26T11:10:36.139696+00:00
INC-20250725-000869,Nathan Booth,Fire origin investigation underway.,2025-07-25T07:58:02.139696+00:00
INC-20250725-000869,Jeffery Andrade,Defensive operations established due to structural instability.,2025-07-25T07:58:02.139696+00:00
INC-20250725-000869,Jeff Palmer,Initial size-up complete. Fire showing from second floor.,2025-07-25T07:58:02.139696+00:00
INC-20251009-000870,Patrick Everett,Defensive operations established due to structural instability.,2025-10-09T16:18:43.139696+00:00
INC-20251009-000870,Andrew Rivera,All occupants evacuated. Primary search complete.,2025-10-09T16:18:43.139696+00:00
INC-20250914-000872,Karen Gregory,Initial size-up complete. Fire showing from second floor.,2025-09-14T14:37:01.139696+00:00
INC-20250914-000872,Alan Thomas,Ventilation operations completed on roof.,2025-09-14T14:37:01.139696+00:00
INC-20250914-000872,Tiffany Mayer,Ventilation operations completed on roof.,2025-09-14T14:37:01.139696+00:00
INC-20250809-000874,Shirley Jackson,Utilities secured. Gas and electric shutoff confirmed.,2025-08-09T12:34:41.139696+00:00
INC-20250809-000874,James Juarez,Defensive operations established due to structural instability.,2025-08-09T12:34:41.139696+00:00
INC-20250809-000874,Matthew Williams,Fire origin investigation underway.,2025-08-09T12:34:41.139696+00:00
INC-20251017-000875,Antonio Gardner,All occupants evacuated. Primary search complete.,2025-10-17T13:35:20.139696+00:00
INC-20251017-000875,Aaron Young,Thermal imaging scan reveals no hidden hot spots.,2025-10-17T13:35:20.139696+00:00
INC-20251005-000877,Larry Thomas,All occupants evacuated. Primary search complete.,2025-10-05T12:47:06.139696+00:00
INC-20251005-000877,George Carson,Fire knocked down. Overhaul in progress.,2025-10-05T12:47:06.139696+00:00
INC-20251005-000877,Jody Jimenez,Thermal imaging scan reveals no hidden hot spots.,2025-10-05T12:47:06.139696+00:00
INC-20241030-000879,Christine Leblanc,Thermal imaging scan reveals no hidden hot spots.,2024-10-30T01:27:27.139696+00:00
INC-20241030-000879,Alexander Wright,Defensive operations established due to structural instability.,2024-10-30T01:27:27.139696+00:00
INC-20250902-000880,Brianna Friedman,Thermal imaging scan reveals no hidden hot spots.,2025-09-02T05:03:30.139696+00:00
INC-20250902-000880,Linda Stanley MD,Ventilation operations completed on roof.,2025-09-02T05:03:30.139696+00:00
INC-20250430-000882,David Kaiser,Initial size-up complete. Fire showing from second floor.,2025-04-30T08:07:09.139696+00:00
INC-20250430-000882,Brandon Carlson,Fire origin investigation underway.,2025-04-30T08:07:09.139696+00:00
INC-20250430-000882,Mrs. Heather Meyers,All occupants evacuated. Primary search complete.,2025-04-30T08:07:09.139696+00:00
INC-20250820-000884,Michael Guzman,All occupants evacuated. Primary search complete.,2025-08-20T13:03:34.139696+00:00
INC-20250820-000884,Jacqueline Frank,Initial size-up complete. Fire showing from second floor.,2025-08-20T13:03:34.139696+00:00
INC-20250820-000884,Gloria Fisher,Ventilation operations completed on roof.,2025-08-20T13:03:34.139696+00:00
INC-20250817-000885,Spencer Jones,Initial size-up complete. Fire showing from second floor.,2025-08-18T00:08:09.139696+00:00
INC-20250824-000888,Jeffrey Johnson,Fire knocked down. Overhaul in progress.,2025-08-24T17:20:56.139696+00:00
INC-20250824-000888,Barbara Sandoval,Utilities secured. Gas and electric shutoff confirmed.,2025-08-24T17:20:56.139696+00:00
INC-20250824-000888,Vanessa Mccarthy,All occupants evacuated. Primary search complete.,2025-08-24T17:20:56.139696+00:00
INC-20230331-000889,Philip Tran,Fire origin investigation underway.,2023-03-31T07:16:00.139696+00:00
INC-20230331-000889,Brittney Galloway,Thermal imaging scan reveals no hidden hot spots.,2023-03-31T07:16:00.139696+00:00
INC-20251003-000891,Christopher Reed,Ventilation operations completed on roof.,2025-10-03T12:41:37.139696+00:00
INC-20241009-000892,Dakota Evans,Ventilation operations completed on roof.,2024-10-09T11:37:42.139696+00:00
INC-20241009-000892,Lindsey Farley,Ventilation operations completed on roof.,2024-10-09T11:37:42.139696+00:00
INC-20250126-000893,Gerald Wall,Thermal imaging scan reveals no hidden hot spots.,2025-01-27T00:05:18.139696+00:00
INC-20240104-000894,Joshua Harris,Ventilation operations completed on roof.,2024-01-04T02:44:36.139696+00:00
INC-20240104-000894,Kevin Chapman,Fire origin investigation underway.,2024-01-04T02:44:36.139696+00:00
INC-20250419-000896,Debbie Tanner,All occupants evacuated. Primary search complete.,2025-04-19T16:29:44.139696+00:00
INC-20250419-000896,Christine Benson,Fire knocked down. Overhaul in progress.,2025-04-19T16:29:44.139696+00:00
INC-20241128-000897,Jessica Ruiz,Fire origin investigation underway.,2024-11-28T03:28:26.139696+00:00
INC-20241128-000897,Leah Lam,Fire knocked down. Overhaul in progress.,2024-11-28T03:28:26.139696+00:00
INC-20250925-000898,Sheena Lambert,Fire origin investigation underway.,2025-09-25T10:01:17.139696+00:00
INC-20250925-000898,Jose Walker,Ventilation operations completed on roof.,2025-09-25T10:01:17.139696+00:00
INC-20241025-000899,Tony Burgess,Defensive operations established due to structural instability.,2024-10-25T16:15:02.139696+00:00
INC-20241025-000899,Eric Campbell,Fire knocked down. Overhaul in progress.,2024-10-25T16:15:02.139696+00:00
INC-20250903-000900,Jeremy Ramirez,All occupants evacuated. Primary search complete.,2025-09-03T17:47:27.139696+00:00
INC-20250820-000901,Justin Campbell,Utilities secured. Gas and electric shutoff confirmed.,2025-08-20T07:36:56.139696+00:00
INC-20250827-000902,Jason Riggs,All occupants evacuated. Primary search complete.,2025-08-27T20:11:39.139696+00:00
INC-20250827-000902,Suzanne Lambert,Ventilation operations completed on roof.,2025-08-27T20:11:39.139696+00:00
INC-20250827-000902,Tyler Green,Utilities secured. Gas and electric shutoff confirmed.,2025-08-27T20:11:39.139696+00:00
INC-20250829-000903,Emily Lewis,Fire knocked down. Overhaul in progress.,2025-08-29T11:10:40.139696+00:00
INC-20250829-000903,Rachel Hill,Defensive operations established due to structural instability.,2025-08-29T11:10:40.139696+00:00
INC-20230806-000904,Casey Powell,All occupants evacuated. Primary search complete.,2023-08-06T07:50:56.139696+00:00
INC-20230806-000904,Laurie Smith,Fire origin investigation underway.,2023-08-06T07:50:56.139696+00:00
INC-20230806-000904,Andrea Higgins,All occupants evacuated. Primary search complete.,2023-08-06T07:50:56.139696+00:00
INC-20250726-000905,Jesse Hancock,Initial size-up complete. Fire showing from second floor.,2025-07-26T06:32:19.139696+00:00
INC-20250913-000906,Tamara Jones,Initial size-up complete. Fire showing from second floor.,2025-09-13T01:31:22.139696+00:00
INC-20250913-000906,Alexa Kelly,Ventilation operations completed on roof.,2025-09-13T01:31:22.139696+00:00
INC-20250913-000906,Derek Duffy,Fire origin investigation underway.,2025-09-13T01:31:22.139696+00:00
INC-20241225-000908,Ernest Kennedy,Fire origin investigation underway.,2024-12-25T20:46:42.139696+00:00
INC-20241225-000908,Brandon Miller,Ventilation operations completed on roof.,2024-12-25T20:46:42.139696+00:00
INC-20241028-000910,Louis Stein,Fire knocked down. Overhaul in progress.,2024-10-28T22:28:42.139696+00:00
INC-20241028-000910,Christian Butler,Initial size-up complete. Fire showing from second floor.,2024-10-28T22:28:42.139696+00:00
INC-20241028-000910,Taylor Lowery,Fire origin investigation underway.,2024-10-28T22:28:42.139696+00:00
INC-20250306-000911,Joseph Welch,Fire origin investigation underway.,2025-03-06T17:34:55.139696+00:00
INC-20250306-000911,Robert Erickson DDS,Fire knocked down. Overhaul in progress.,2025-03-06T17:34:55.139696+00:00
INC-20250306-000911,Keith Taylor,Defensive operations established due to structural instability.,2025-03-06T17:34:55.139696+00:00
INC-20250926-000913,Dawn Miller,Fire origin investigation underway.,2025-09-26T08:19:58.139696+00:00
INC-20250926-000913,Monica Wagner,Fire knocked down. Overhaul in progress.,2025-09-26T08:19:58.139696+00:00
INC-20221204-000914,Loretta Young,Fire knocked down. Overhaul in progress.,2022-12-04T17:03:57.139696+00:00
INC-20221204-000914,Matthew Williams,All occupants evacuated. Primary search complete.,2022-12-04T17:03:57.139696+00:00
INC-20221204-000914,Stacey Taylor,Initial size-up complete. Fire showing from second floor.,2022-12-04T17:03:57.139696+00:00
INC-20250928-000916,Jeremiah Castro,Initial size-up complete. Fire showing from second floor.,2025-09-28T21:56:05.139696+00:00
INC-20250928-000916,Sonya Bernard,All occupants evacuated. Primary search complete.,2025-09-28T21:56:05.139696+00:00
INC-20250907-000917,Holly Alvarado,Fire knocked down. Overhaul in progress.,2025-09-07T10:38:37.139696+00:00
INC-20250907-000917,Mary Salas,Fire origin investigation underway.,2025-09-07T10:38:37.139696+00:00
INC-20250907-000917,Terrance Love,All occupants evacuated. Primary search complete.,2025-09-07T10:38:37.139696+00:00
INC-20250826-000918,Mark Miller,Defensive operations established due to structural instability.,2025-08-26T13:32:52.139696+00:00
INC-20250826-000918,Steven Sutton,Thermal imaging scan reveals no hidden hot spots.,2025-08-26T13:32:52.139696+00:00
INC-20250826-000918,Linda Moore,Thermal imaging scan reveals no hidden hot spots.,2025-08-26T13:32:52.139696+00:00
INC-20250810-000919,Richard Jones,Initial size-up complete. Fire showing from second floor.,2025-08-10T05:24:13.139696+00:00
INC-20250810-000919,Martin Collins,Fire origin investigation underway.,2025-08-10T05:24:13.139696+00:00
INC-20250113-000922,Paul Ewing,Thermal imaging scan reveals no hidden hot spots.,2025-01-13T09:41:56.139696+00:00
INC-20250113-000922,Brenda Taylor,Ventilation operations completed on roof.,2025-01-13T09:41:56.139696+00:00
INC-20251016-000924,Martin Adams,All occupants evacuated. Primary search complete.,2025-10-16T22:15:57.139696+00:00
INC-20251016-000924,April Hoffman,All occupants evacuated. Primary search complete.,2025-10-16T22:15:57.139696+00:00
INC-20251016-000924,Alison Castillo,Ventilation operations completed on roof.,2025-10-16T22:15:57.139696+00:00
INC-20250828-000927,Tyler Allen,All occupants evacuated. Primary search complete.,2025-08-28T06:00:34.139696+00:00
INC-20250830-000929,Melissa Mccann,Ventilation operations completed on roof.,2025-08-30T12:25:00.139696+00:00
INC-20250830-000929,Gregory Flores,Thermal imaging scan reveals no hidden hot spots.,2025-08-30T12:25:00.139696+00:00
INC-20230411-000930,Cynthia Dunn,Utilities secured. Gas and electric shutoff confirmed.,2023-04-11T08:56:47.139696+00:00
INC-20251013-000932,Valerie Contreras,Ventilation operations completed on roof.,2025-10-13T20:24:05.139696+00:00
INC-20251013-000932,Suzanne Nunez,Initial size-up complete. Fire showing from second floor.,2025-10-13T20:24:05.139696+00:00
INC-20231024-000933,Brenda Hunter,Defensive operations established due to structural instability.,2023-10-24T08:27:33.139696+00:00
INC-20231024-000933,Jeanette Crosby,Defensive operations established due to structural instability.,2023-10-24T08:27:33.139696+00:00
INC-20251019-000935,Jill Bean,Initial size-up complete. Fire showing from second floor.,2025-10-19T15:21:04.139696+00:00
INC-20251019-000935,Eric Garcia,Initial size-up complete. Fire showing from second floor.,2025-10-19T15:21:04.139696+00:00
INC-20251019-000935,Diana Crawford,Fire knocked down. Overhaul in progress.,2025-10-19T15:21:04.139696+00:00
INC-20250826-000936,Aaron Olson,Thermal imaging scan reveals no hidden hot spots.,2025-08-26T19:35:39.139696+00:00
INC-20250929-000938,Dr. Linda Fleming MD,Utilities secured. Gas and electric shutoff confirmed.,2025-09-29T20:22:47.139696+00:00
INC-20250524-000940,Michelle Martinez,Thermal imaging scan reveals no hidden hot spots.,2025-05-24T13:16:41.139696+00:00
INC-20250524-000940,Morgan Torres,Fire knocked down. Overhaul in progress.,2025-05-24T13:16:41.139696+00:00
INC-20250524-000940,Pamela Hernandez,All occupants evacuated. Primary search complete.,2025-05-24T13:16:41.139696+00:00
INC-20250823-000941,Susan Barry,Ventilation operations completed on roof.,2025-08-23T16:05:27.139696+00:00
INC-20250823-000941,Carl Kent,Utilities secured. Gas and electric shutoff confirmed.,2025-08-23T16:05:27.139696+00:00
INC-20250923-000942,Danny Nguyen,Thermal imaging scan reveals no hidden hot spots.,2025-09-23T12:15:28.139696+00:00
INC-20250923-000942,Sarah Velazquez,Initial size-up complete. Fire showing from second floor.,2025-09-23T12:15:28.139696+00:00
INC-20241212-000943,Kevin Wu,All occupants evacuated. Primary search complete.,2024-12-12T07:08:47.139696+00:00
INC-20241212-000943,Jennifer Wilson,Ventilation operations completed on roof.,2024-12-12T07:08:47.139696+00:00
INC-20241212-000943,John Kaiser,Thermal imaging scan reveals no hidden hot spots.,2024-12-12T07:08:47.139696+00:00
INC-20250727-000947,James Cobb,Thermal imaging scan reveals no hidden hot spots.,2025-07-27T19:03:26.139696+00:00
INC-20250910-000948,Ivan Mccarty,Fire knocked down. Overhaul in progress.,2025-09-10T10:47:21.139696+00:00
INC-20250910-000948,Kendra Smith,Defensive operations established due to structural instability.,2025-09-10T10:47:21.139696+00:00
INC-20250910-000948,Jeremy Wolf,Fire knocked down. Overhaul in progress.,2025-09-10T10:47:21.139696+00:00
INC-20250818-000949,Eric Cox,Defensive operations established due to structural instability.,2025-08-18T07:34:21.139696+00:00
INC-20250818-000949,Kenneth Wilson,Ventilation operations completed on roof.,2025-08-18T07:34:21.139696+00:00
INC-20250818-000949,Laura Collins,Fire knocked down. Overhaul in progress.,2025-08-18T07:34:21.139696+00:00
INC-20250927-000955,Thomas Hamilton,Initial size-up complete. Fire showing from second floor.,2025-09-27T13:51:02.139696+00:00
INC-20250927-000955,Karen Macias,Fire knocked down. Overhaul in progress.,2025-09-27T13:51:02.139696+00:00
INC-20240530-000956,Amanda Moore,Ventilation operations completed on roof.,2024-05-30T15:30:28.139696+00:00
INC-20240530-000956,Amber Shaffer,All occupants evacuated. Primary search complete.,2024-05-30T15:30:28.139696+00:00
INC-20240530-000956,Joseph Smith,Fire origin investigation underway.,2024-05-30T15:30:28.139696+00:00
INC-20250919-000958,Adam Jones,Initial size-up complete. Fire showing from second floor.,2025-09-19T05:26:27.139696+00:00
INC-20250915-000959,Alicia Jackson,All occupants evacuated. Primary search complete.,2025-09-15T16:37:19.139696+00:00
INC-20250924-000960,Omar Nguyen,Defensive operations established due to structural instability.,2025-09-24T22:48:54.139696+00:00
INC-20250924-000960,Todd Klein,Thermal imaging scan reveals no hidden hot spots.,2025-09-24T22:48:54.139696+00:00
INC-20250924-000960,Martin Martinez,Fire origin investigation underway.,2025-09-24T22:48:54.139696+00:00
INC-20250917-000962,Judy Brown,Initial size-up complete. Fire showing from second floor.,2025-09-17T13:58:38.139696+00:00
INC-20250917-000962,Andrew Moon,Fire knocked down. Overhaul in progress.,2025-09-17T13:58:38.139696+00:00
INC-20250930-000963,Samantha Oconnor,Defensive operations established due to structural instability.,2025-09-30T10:04:13.139696+00:00
INC-20250831-000965,Julia Jones,Initial size-up complete. Fire showing from second floor.,2025-08-31T23:53:41.139696+00:00
INC-20250831-000965,Daniel Brandt,Initial size-up complete. Fire showing from second floor.,2025-08-31T23:53:41.139696+00:00
INC-20250927-000966,Brian Mays,Utilities secured. Gas and electric shutoff confirmed.,2025-09-27T15:14:07.139696+00:00
INC-20250916-000969,Robert Smith,Utilities secured. Gas and electric shutoff confirmed.,2025-09-17T00:08:25.139696+00:00
INC-20240110-000972,Justin Williams,Utilities secured. Gas and electric shutoff confirmed.,2024-01-10T19:46:03.139696+00:00
INC-20250731-000973,Donald Reid,Initial size-up complete. Fire showing from second floor.,2025-07-31T10:15:59.139696+00:00
INC-20221106-000976,Robin Brock,Thermal imaging scan reveals no hidden hot spots.,2022-11-06T08:55:23.139696+00:00
INC-20221106-000976,Morgan Boone,Fire origin investigation underway.,2022-11-06T08:55:23.139696+00:00
INC-20251017-000978,Robert Hines,Fire origin investigation underway.,2025-10-17T11:12:25.139696+00:00
INC-20251017-000978,Ernest Martinez,Utilities secured. Gas and electric shutoff confirmed.,2025-10-17T11:12:25.139696+00:00
INC-20250921-000979,Ann Cabrera,Utilities secured. Gas and electric shutoff confirmed.,2025-09-21T21:11:00.139696+00:00
INC-20250921-000979,Eric Smith,Ventilation operations completed on roof.,2025-09-21T21:11:00.139696+00:00
INC-20250921-000979,Danny Simmons,Utilities secured. Gas and electric shutoff confirmed.,2025-09-21T21:11:00.139696+00:00
INC-20250403-000980,Dylan Brown,Initial size-up complete. Fire showing from second floor.,2025-04-03T14:59:20.139696+00:00
INC-20250916-000982,Diana Johnson DVM,Utilities secured. Gas and electric shutoff confirmed.,2025-09-16T23:18:09.139696+00:00
INC-20250120-000986,Heidi Martinez,Fire knocked down. Overhaul in progress.,2025-01-20T19:15:05.139696+00:00
INC-20250911-000987,Brenda Miller,All occupants evacuated. Primary search complete.,2025-09-11T08:20:10.139696+00:00
INC-20241022-000988,Jennifer Anderson,Thermal imaging scan reveals no hidden hot spots.,2024-10-22T04:47:19.139696+00:00
INC-20241022-000988,Claudia Brown,Defensive operations established due to structural instability.,2024-10-22T04:47:19.139696+00:00
INC-20241111-000997,Michael Smith,Thermal imaging scan reveals no hidden hot spots.,2024-11-11T06:29:56.139696+00:00
INC-20241111-000997,Zachary Taylor,All occupants evacuated. Primary search complete.,2024-11-11T06:29:56.139696+00:00
INC-20231024-001000,Kathleen Sullivan,Utilities secured. Gas and electric shutoff confirmed.,2023-10-24T20:12:56.139696+00:00
INC-20231024-001000,Nichole Rhodes,Fire origin investigation underway.,2023-10-24T20:12:56.139696+00:00
INC-20231024-001000,Amber Rodriguez,Initial size-up complete. Fire showing from second floor.,2023-10-24T20:12:56.139696+00:00
INC-20251019-001003,Tracy Hudson,Ventilation operations completed on roof.,2025-10-19T17:51:02.139696+00:00
INC-20251019-001003,Amanda Avila,Fire origin investigation underway.,2025-10-19T17:51:02.139696+00:00
INC-20251019-001003,Mary Brandt,Utilities secured. Gas and electric shutoff confirmed.,2025-10-19T17:51:02.139696+00:00
INC-20251020-001004,Nicole Cross,Initial size-up complete. Fire showing from second floor.,2025-10-20T11:31:48.139696+00:00
INC-20251020-001004,Nicole Mendoza,Fire origin investigation underway.,2025-10-20T11:31:48.139696+00:00
INC-20240919-001005,Jennifer Sanchez,Initial size-up complete. Fire showing from second floor.,2024-09-19T11:19:46.139696+00:00
INC-20250811-001006,Amanda Mcbride,Utilities secured. Gas and electric shutoff confirmed.,2025-08-11T08:13:12.139696+00:00
INC-20250727-001007,Kathleen Butler,Initial size-up complete. Fire showing from second floor.,2025-07-27T08:18:22.139696+00:00
INC-20250727-001007,Ms. Jamie Fox,All occupants evacuated. Primary search complete.,2025-07-27T08:18:22.139696+00:00
INC-20250727-001007,Colleen Parker MD,Initial size-up complete. Fire showing from second floor.,2025-07-27T08:18:22.139696+00:00
INC-20251017-001008,Ralph Luna,Fire knocked down. Overhaul in progress.,2025-10-17T08:25:35.139696+00:00
INC-20251019-001009,Mr. Ricky Rivera,Initial size-up complete. Fire showing from second floor.,2025-10-19T18:03:18.139696+00:00
INC-20251019-001009,David Kelly,Fire origin investigation underway.,2025-10-19T18:03:18.139696+00:00
INC-20250613-001010,Tina Hernandez,Defensive operations established due to structural instability.,2025-06-13T11:59:22.139696+00:00
INC-20250613-001010,Nicole Smith,Fire origin investigation underway.,2025-06-13T11:59:22.139696+00:00
INC-20221211-001011,Todd Carpenter,Initial size-up complete. Fire showing from second floor.,2022-12-11T13:15:32.139696+00:00
INC-20221211-001011,Wayne Lewis,Utilities secured. Gas and electric shutoff confirmed.,2022-12-11T13:15:32.139696+00:00
INC-20250321-001012,Samantha Ross,Fire origin investigation underway.,2025-03-21T23:55:56.139696+00:00
INC-20250922-001013,Nathan Blanchard,Thermal imaging scan reveals no hidden hot spots.,2025-09-22T09:15:45.139696+00:00
INC-20250922-001013,Carrie Brown,Thermal imaging scan reveals no hidden hot spots.,2025-09-22T09:15:45.139696+00:00
INC-20250218-001014,Thomas Williams,Ventilation operations completed on roof.,2025-02-18T13:23:27.139696+00:00
INC-20250218-001014,Justin Wilkerson,Fire knocked down. Overhaul in progress.,2025-02-18T13:23:27.139696+00:00
INC-20250922-001016,Daniel Pierce,Initial size-up complete. Fire showing from second floor.,2025-09-22T03:28:41.139696+00:00
INC-20250922-001016,Julie Kelley,Ventilation operations completed on roof.,2025-09-22T03:28:41.139696+00:00
INC-20250922-001016,Alexis Smith,Thermal imaging scan reveals no hidden hot spots.,2025-09-22T03:28:41.139696+00:00
INC-20250819-001021,Carla Farmer,Utilities secured. Gas and electric shutoff confirmed.,2025-08-19T08:07:16.139696+00:00
INC-20250226-001022,Kyle Morris,Initial size-up complete. Fire showing from second floor.,2025-02-26T05:26:46.139696+00:00
INC-20250226-001022,Victoria Goodman,Initial size-up complete. Fire showing from second floor.,2025-02-26T05:26:46.139696+00:00
INC-20251012-001023,Michael Bennett,All occupants evacuated. Primary search complete.,2025-10-12T16:05:10.139696+00:00
INC-20251012-001023,Sara Flores,Fire origin investigation underway.,2025-10-12T16:05:10.139696+00:00
INC-20250813-001025,Sherry Williams,Utilities secured. Gas and electric shutoff confirmed.,2025-08-13T00:58:29.139696+00:00
INC-20250828-001027,Jeremy Bender,Utilities secured. Gas and electric shutoff confirmed.,2025-08-28T14:58:23.139696+00:00
INC-20250811-001028,Sydney Vazquez DVM,Thermal imaging scan reveals no hidden hot spots.,2025-08-11T22:46:23.139696+00:00
INC-20250811-001028,Michael Cook,Thermal imaging scan reveals no hidden hot spots.,2025-08-11T22:46:23.139696+00:00
INC-20250811-001028,Victoria Perkins MD,Fire knocked down. Overhaul in progress.,2025-08-11T22:46:23.139696+00:00
INC-20250823-001029,Carlos Dorsey,All occupants evacuated. Primary search complete.,2025-08-23T03:07:33.139696+00:00
INC-20250823-001029,Amy Mcmahon,Defensive operations established due to structural instability.,2025-08-23T03:07:33.139696+00:00
INC-20250823-001029,Matthew Rogers,Ventilation operations completed on roof.,2025-08-23T03:07:33.139696+00:00
INC-20250520-001030,Nicole Vasquez,Ventilation operations completed on roof.,2025-05-20T17:35:57.139696+00:00
INC-20250520-001030,Madison Martin,Fire knocked down. Overhaul in progress.,2025-05-20T17:35:57.139696+00:00
INC-20250107-001031,Hannah Hensley,Ventilation operations completed on roof.,2025-01-07T11:31:42.139696+00:00
INC-20250725-001032,Timothy Flowers,Initial size-up complete. Fire showing from second floor.,2025-07-25T06:50:31.139696+00:00
INC-20250725-001032,Jeanette Nielsen,Defensive operations established due to structural instability.,2025-07-25T06:50:31.139696+00:00
INC-20250725-001032,Paige Thompson,Fire origin investigation underway.,2025-07-25T06:50:31.139696+00:00
INC-20250217-001034,Christopher Herrera,Defensive operations established due to structural instability.,2025-02-17T01:45:35.139696+00:00
INC-20240818-001035,Colleen David,Fire knocked down. Overhaul in progress.,2024-08-18T16:54:48.139696+00:00
INC-20240818-001035,Connie Fields,Thermal imaging scan reveals no hidden hot spots.,2024-08-18T16:54:48.139696+00:00
INC-20240818-001035,Carolyn Cooper,Initial size-up complete. Fire showing from second floor.,2024-08-18T16:54:48.139696+00:00
INC-20250426-001036,Lee Phillips,Defensive operations established due to structural instability.,2025-04-26T22:46:23.139696+00:00
INC-20250426-001036,Kayla Pennington,Thermal imaging scan reveals no hidden hot spots.,2025-04-26T22:46:23.139696+00:00
INC-20250426-001036,Michael Porter,Utilities secured. Gas and electric shutoff confirmed.,2025-04-26T22:46:23.139696+00:00
INC-20241228-001041,Patricia Jones,Fire knocked down. Overhaul in progress.,2024-12-28T02:57:16.139696+00:00
INC-20241228-001041,Anne Jones,Fire origin investigation underway.,2024-12-28T02:57:16.139696+00:00
INC-20250302-001044,Cody Allen,Utilities secured. Gas and electric shutoff confirmed.,2025-03-02T18:29:01.139696+00:00
INC-20241207-001045,Lindsey Hawkins,Utilities secured. Gas and electric shutoff confirmed.,2024-12-07T20:27:08.139696+00:00
INC-20241207-001045,Michelle Lane,Utilities secured. Gas and electric shutoff confirmed.,2024-12-07T20:27:08.139696+00:00
INC-20241207-001045,Elizabeth Ward,Initial size-up complete. Fire showing from second floor.,2024-12-07T20:27:08.139696+00:00
INC-20241025-001048,Thomas Huffman,Fire origin investigation underway.,2024-10-25T20:27:34.139696+00:00
INC-20241025-001048,Jennifer Jacobs,Utilities secured. Gas and electric shutoff confirmed.,2024-10-25T20:27:34.139696+00:00
INC-20250412-001049,Daniel Johnson,Fire origin investigation underway.,2025-04-12T14:38:43.139696+00:00
INC-20250412-001049,Gail Nichols,Fire origin investigation underway.,2025-04-12T14:38:43.139696+00:00
INC-20250810-001050,Krista Morgan,Defensive operations established due to structural instability.,2025-08-10T13:46:25.139696+00:00
INC-20250901-001051,James Hart DDS,Thermal imaging scan reveals no hidden hot spots.,2025-09-01T12:23:59.139696+00:00
INC-20250901-001051,David Smith,Ventilation operations completed on roof.,2025-09-01T12:23:59.139696+00:00
INC-20250901-001051,David Scott,Fire knocked down. Overhaul in progress.,2025-09-01T12:23:59.139696+00:00
INC-20250916-001053,Crystal Hayes,Ventilation operations completed on roof.,2025-09-16T02:27:21.139696+00:00
INC-20250916-001053,Renee Gonzalez DVM,Utilities secured. Gas and electric shutoff confirmed.,2025-09-16T02:27:21.139696+00:00
INC-20250916-001053,Lynn Edwards,Utilities secured. Gas and electric shutoff confirmed.,2025-09-16T02:27:21.139696+00:00
INC-20250924-001055,Angela Vega,All occupants evacuated. Primary search complete.,2025-09-24T15:21:32.139696+00:00
INC-20250810-001056,Michelle Ray,Thermal imaging scan reveals no hidden hot spots.,2025-08-10T09:05:43.139696+00:00
INC-20230424-001061,Shannon Cannon,Utilities secured. Gas and electric shutoff confirmed.,2023-04-24T23:21:26.139696+00:00
INC-20230424-001061,Cathy Crawford,All occupants evacuated. Primary search complete.,2023-04-24T23:21:26.139696+00:00
INC-20231022-001062,Jason Powell,Thermal imaging scan reveals no hidden hot spots.,2023-10-22T11:58:45.139696+00:00
INC-20231022-001062,Kendra Hester,Ventilation operations completed on roof.,2023-10-22T11:58:45.139696+00:00
INC-20231005-001067,Heather Ross,Defensive operations established due to structural instability.,2023-10-05T16:46:44.139696+00:00
INC-20231005-001067,Patricia Hall,Fire origin investigation underway.,2023-10-05T16:46:44.139696+00:00
INC-20231005-001067,Richard Bond,Fire knocked down. Overhaul in progress.,2023-10-05T16:46:44.139696+00:00
INC-20240514-001068,Craig Hall,Utilities secured. Gas and electric shutoff confirmed.,2024-05-14T07:56:45.139696+00:00
INC-20240514-001068,Melanie Chen,Fire origin investigation underway.,2024-05-14T07:56:45.139696+00:00
INC-20250726-001070,Gregory Cox,Utilities secured. Gas and electric shutoff confirmed.,2025-07-26T16:54:55.139696+00:00
INC-20250726-001070,Michael Johnson,Ventilation operations completed on roof.,2025-07-26T16:54:55.139696+00:00
INC-20250726-001070,James Hamilton,Defensive operations established due to structural instability.,2025-07-26T16:54:55.139696+00:00
INC-20251014-001071,Jane Hernandez,Fire origin investigation underway.,2025-10-14T12:03:00.139696+00:00
INC-20251014-001071,Keith Morales,Fire knocked down. Overhaul in progress.,2025-10-14T12:03:00.139696+00:00
INC-20250727-001072,Jeffrey Bates,All occupants evacuated. Primary search complete.,2025-07-27T23:39:08.139696+00:00
INC-20250727-001072,Benjamin Brown,Fire origin investigation underway.,2025-07-27T23:39:08.139696+00:00
INC-20250727-001072,Andre Hernandez PhD,Fire knocked down. Overhaul in progress.,2025-07-27T23:39:08.139696+00:00
INC-20230715-001073,John Howard,Defensive operations established due to structural instability.,2023-07-15T13:34:28.139696+00:00
INC-20240910-001075,Laura Hopkins,Ventilation operations completed on roof.,2024-09-10T00:37:54.139696+00:00
INC-20240910-001075,Gregory Archer,Fire origin investigation underway.,2024-09-10T00:37:54.139696+00:00
INC-20251007-001077,Rodney Gordon,All occupants evacuated. Primary search complete.,2025-10-07T05:35:12.139696+00:00
INC-20250813-001078,Mary Keith,Fire knocked down. Overhaul in progress.,2025-08-13T02:51:05.139696+00:00
INC-20250813-001078,Cody Wilson,Utilities secured. Gas and electric shutoff confirmed.,2025-08-13T02:51:05.139696+00:00
INC-20250813-001078,William Young,Fire origin investigation underway.,2025-08-13T02:51:05.139696+00:00
INC-20250823-001080,Megan Singh,Defensive operations established due to structural instability.,2025-08-23T00:08:11.139696+00:00
INC-20250823-001081,Tiffany Abbott,Thermal imaging scan reveals no hidden hot spots.,2025-08-23T23:59:46.139696+00:00
INC-20250823-001081,Alicia Hull DDS,All occupants evacuated. Primary search complete.,2025-08-23T23:59:46.139696+00:00
INC-20251005-001082,Mitchell Scott,All occupants evacuated. Primary search complete.,2025-10-05T08:53:52.139696+00:00
INC-20251005-001082,James Jones,All occupants evacuated. Primary search complete.,2025-10-05T08:53:52.139696+00:00
INC-20241209-001086,Jordan Mullins,Defensive operations established due to structural instability.,2024-12-09T17:09:20.139696+00:00
INC-20241209-001086,Sherry Drake,Utilities secured. Gas and electric shutoff confirmed.,2024-12-09T17:09:20.139696+00:00
INC-20250922-001087,Sylvia Cuevas,Utilities secured. Gas and electric shutoff confirmed.,2025-09-22T08:53:13.139696+00:00
INC-20250922-001087,Karen Williams,Initial size-up complete. Fire showing from second floor.,2025-09-22T08:53:13.139696+00:00
INC-20250922-001087,James Combs,Ventilation operations completed on roof.,2025-09-22T08:53:13.139696+00:00
INC-20250812-001089,Gary Yu,Initial size-up complete. Fire showing from second floor.,2025-08-12T17:24:15.139696+00:00
INC-20250812-001089,Donna Hernandez,Thermal imaging scan reveals no hidden hot spots.,2025-08-12T17:24:15.139696+00:00
INC-20250812-001089,Nicholas Dawson,Defensive operations established due to structural instability.,2025-08-12T17:24:15.139696+00:00
INC-20250823-001092,Caitlin Benitez,Initial size-up complete. Fire showing from second floor.,2025-08-23T11:07:48.139696+00:00
INC-20250823-001092,John James,Ventilation operations completed on roof.,2025-08-23T11:07:48.139696+00:00
INC-20251001-001096,Sherry Fox,All occupants evacuated. Primary search complete.,2025-10-01T16:27:52.139696+00:00
INC-20251001-001096,Kristi Collins,Fire origin investigation underway.,2025-10-01T16:27:52.139696+00:00
INC-20250914-001097,Adam Evans,Thermal imaging scan reveals no hidden hot spots.,2025-09-14T02:28:28.139696+00:00
INC-20250914-001097,Maria Murillo,Ventilation operations completed on roof.,2025-09-14T02:28:28.139696+00:00
INC-20250812-001098,Mrs. Tracy Barrett DVM,Defensive operations established due to structural instability.,2025-08-13T00:20:20.139696+00:00
INC-20250812-001098,Heather Moore,All occupants evacuated. Primary search complete.,2025-08-13T00:20:20.139696+00:00
INC-20241201-001102,Jane Estrada,All occupants evacuated. Primary search complete.,2024-12-01T19:42:50.139696+00:00
INC-20241201-001102,Christopher Johnson,Fire origin investigation underway.,2024-12-01T19:42:50.139696+00:00
INC-20241201-001102,Bailey Owen,Initial size-up complete. Fire showing from second floor.,2024-12-01T19:42:50.139696+00:00
INC-20240307-001103,Nicole Cox,Ventilation operations completed on roof.,2024-03-07T04:38:10.139696+00:00
INC-20240307-001103,Jill Gonzalez,Thermal imaging scan reveals no hidden hot spots.,2024-03-07T04:38:10.139696+00:00
INC-20250905-001104,Timothy Mills,Fire origin investigation underway.,2025-09-05T08:09:24.139696+00:00
INC-20250905-001104,Kara David,Fire knocked down. Overhaul in progress.,2025-09-05T08:09:24.139696+00:00
INC-20250816-001105,Robert Baxter,Fire knocked down. Overhaul in progress.,2025-08-16T19:49:16.139696+00:00
INC-20250701-001106,Matthew Hansen,Defensive operations established due to structural instability.,2025-07-01T19:11:48.139696+00:00
INC-20250701-001106,Ronald Warren,Fire origin investigation underway.,2025-07-01T19:11:48.139696+00:00
INC-20250701-001106,Shawn May,Initial size-up complete. Fire showing from second floor.,2025-07-01T19:11:48.139696+00:00
INC-20250914-001107,Patrick Williams,Fire origin investigation underway.,2025-09-14T21:23:29.139696+00:00
INC-20250914-001107,Roberta Johnson,Initial size-up complete. Fire showing from second floor.,2025-09-14T21:23:29.139696+00:00
INC-20250914-001107,Daniel Ponce,Fire origin investigation underway.,2025-09-14T21:23:29.139696+00:00
INC-20230528-001108,Tammy Mcdonald,Fire origin investigation underway.,2023-05-28T16:42:00.139696+00:00
INC-20230528-001108,Deborah Lucero,Ventilation operations completed on roof.,2023-05-28T16:42:00.139696+00:00
INC-20251011-001110,Julie Reynolds,Utilities secured. Gas and electric shutoff confirmed.,2025-10-11T05:29:57.139696+00:00
INC-20251011-001110,John Fields,Fire knocked down. Overhaul in progress.,2025-10-11T05:29:57.139696+00:00
INC-20250319-001113,Cody Brown,All occupants evacuated. Primary search complete.,2025-03-19T15:11:55.139696+00:00
INC-20250901-001114,Amanda Anderson,Initial size-up complete. Fire showing from second floor.,2025-09-01T05:45:34.139696+00:00
INC-20250901-001114,Mary Morales,Utilities secured. Gas and electric shutoff confirmed.,2025-09-01T05:45:34.139696+00:00
INC-20250901-001114,Alex Burke,All occupants evacuated. Primary search complete.,2025-09-01T05:45:34.139696+00:00
INC-20251018-001116,Mr. Daniel Shepherd,Defensive operations established due to structural instability.,2025-10-18T15:36:25.139696+00:00
INC-20250421-001117,Cathy Cox,Ventilation operations completed on roof.,2025-04-21T05:29:28.139696+00:00
INC-20250421-001117,Melissa Schroeder,Utilities secured. Gas and electric shutoff confirmed.,2025-04-21T05:29:28.139696+00:00
INC-20250421-001117,Mary Miller,Ventilation operations completed on roof.,2025-04-21T05:29:28.139696+00:00
INC-20230609-001119,Michael Ayala,Fire origin investigation underway.,2023-06-09T07:12:14.139696+00:00
INC-20230609-001119,Scott Romero,Fire origin investigation underway.,2023-06-09T07:12:14.139696+00:00
INC-20230609-001119,Antonio Sherman,Initial size-up complete. Fire showing from second floor.,2023-06-09T07:12:14.139696+00:00
INC-20251004-001120,Karen Harrison,Ventilation operations completed on roof.,2025-10-04T17:18:15.139696+00:00
INC-20240114-001121,Gary Willis,Thermal imaging scan reveals no hidden hot spots.,2024-01-14T15:59:47.139696+00:00
INC-20250905-001122,Christina Garcia,Initial size-up complete. Fire showing from second floor.,2025-09-05T17:44:39.139696+00:00
INC-20250905-001122,Mallory Williams,Thermal imaging scan reveals no hidden hot spots.,2025-09-05T17:44:39.139696+00:00
INC-20230726-001124,Christopher Garrett,Ventilation operations completed on roof.,2023-07-26T18:07:20.139696+00:00
INC-20250728-001125,Daniel Duncan,Defensive operations established due to structural instability.,2025-07-28T16:19:07.139696+00:00
INC-20250728-001125,Kevin Lopez,Defensive operations established due to structural instability.,2025-07-28T16:19:07.139696+00:00
INC-20250728-001125,Michael Young,Fire knocked down. Overhaul in progress.,2025-07-28T16:19:07.139696+00:00
INC-20250828-001126,Cody Cannon,All occupants evacuated. Primary search complete.,2025-08-28T15:39:06.139696+00:00
INC-20250828-001126,John Hernandez,All occupants evacuated. Primary search complete.,2025-08-28T15:39:06.139696+00:00
INC-20250828-001130,Veronica Petersen,Thermal imaging scan reveals no hidden hot spots.,2025-08-28T21:32:36.139696+00:00
INC-20250828-001130,James Rhodes,Utilities secured. Gas and electric shutoff confirmed.,2025-08-28T21:32:36.139696+00:00
INC-20250828-001130,Harold Jones,Utilities secured. Gas and electric shutoff confirmed.,2025-08-28T21:32:36.139696+00:00
INC-20251012-001131,William Hicks,Utilities secured. Gas and electric shutoff confirmed.,2025-10-12T14:06:48.139696+00:00
INC-20251012-001131,Jesus Garcia,Initial size-up complete. Fire showing from second floor.,2025-10-12T14:06:48.139696+00:00
INC-20250822-001132,Cody Hart,Fire origin investigation underway.,2025-08-22T11:17:48.139696+00:00
INC-20250822-001132,Karen Henderson,Utilities secured. Gas and electric shutoff confirmed.,2025-08-22T11:17:48.139696+00:00
INC-20250926-001136,Brianna Ramsey,All occupants evacuated. Primary search complete.,2025-09-26T11:08:29.139696+00:00
INC-20250830-001137,Laura Hall,Initial size-up complete. Fire showing from second floor.,2025-08-30T02:47:52.139696+00:00
INC-20250830-001137,Crystal Soto,All occupants evacuated. Primary search complete.,2025-08-30T02:47:52.139696+00:00
INC-20250826-001139,David Hooper,Initial size-up complete. Fire showing from second floor.,2025-08-26T21:59:01.139696+00:00
INC-20250913-001141,Whitney Bennett,Ventilation operations completed on roof.,2025-09-13T01:39:40.139696+00:00
INC-20250913-001141,Alyssa Guzman,Initial size-up complete. Fire showing from second floor.,2025-09-13T01:39:40.139696+00:00
INC-20250926-001145,Joshua Arnold,Fire origin investigation underway.,2025-09-26T04:17:41.139696+00:00
INC-20250926-001145,Katherine Crawford,Initial size-up complete. Fire showing from second floor.,2025-09-26T04:17:41.139696+00:00
INC-20250926-001145,Terri Campbell,Thermal imaging scan reveals no hidden hot spots.,2025-09-26T04:17:41.139696+00:00
INC-20251018-001146,David Bowman,Fire knocked down. Overhaul in progress.,2025-10-18T22:00:06.139696+00:00
INC-20251018-001146,James Henry,Initial size-up complete. Fire showing from second floor.,2025-10-18T22:00:06.139696+00:00
INC-20251018-001146,Laura Hayden,Thermal imaging scan reveals no hidden hot spots.,2025-10-18T22:00:06.139696+00:00
INC-20250803-001147,Ryan Thompson,Utilities secured. Gas and electric shutoff confirmed.,2025-08-03T12:52:52.139696+00:00
INC-20250803-001147,Amy George,Fire origin investigation underway.,2025-08-03T12:52:52.139696+00:00
INC-20250803-001147,Joshua Henry,Ventilation operations completed on roof.,2025-08-03T12:52:52.139696+00:00
INC-20250820-001149,Gregory Shaw,Fire origin investigation underway.,2025-08-20T03:50:30.139696+00:00
INC-20250820-001149,Andrea Rivera,Initial size-up complete. Fire showing from second floor.,2025-08-20T03:50:30.139696+00:00
INC-20250820-001149,Scott Taylor,Fire origin investigation underway.,2025-08-20T03:50:30.139696+00:00
INC-20251017-001153,Antonio Lynn,Fire origin investigation underway.,2025-10-17T08:38:51.139696+00:00
INC-20251017-001153,Gina Howe,Fire origin investigation underway.,2025-10-17T08:38:51.139696+00:00
INC-20251017-001153,Anthony Stanley,Fire knocked down. Overhaul in progress.,2025-10-17T08:38:51.139696+00:00
INC-20250621-001156,Paul Robinson,Ventilation operations completed on roof.,2025-06-21T03:55:19.139696+00:00
INC-20241115-001159,Ronald Ferguson,Initial size-up complete. Fire showing from second floor.,2024-11-15T08:31:27.139696+00:00
INC-20241115-001159,Vincent Roberts,Fire knocked down. Overhaul in progress.,2024-11-15T08:31:27.139696+00:00
INC-20230725-001161,Andrew Santos,Thermal imaging scan reveals no hidden hot spots.,2023-07-25T06:49:56.139696+00:00
INC-20230725-001161,Edgar Watts,Defensive operations established due to structural instability.,2023-07-25T06:49:56.139696+00:00
INC-20250826-001162,Christine Thompson,Initial size-up complete. Fire showing from second floor.,2025-08-26T03:29:55.139696+00:00
INC-20250823-001167,Rachel Owens,Utilities secured. Gas and electric shutoff confirmed.,2025-08-23T22:29:53.139696+00:00
INC-20250823-001167,Amanda Fletcher,Utilities secured. Gas and electric shutoff confirmed.,2025-08-23T22:29:53.139696+00:00
INC-20250917-001169,Andrew Jones,Thermal imaging scan reveals no hidden hot spots.,2025-09-17T07:08:26.139696+00:00
INC-20250115-001171,James Jones,Thermal imaging scan reveals no hidden hot spots.,2025-01-15T05:26:42.139696+00:00
INC-20251016-001173,Courtney Bryant,Ventilation operations completed on roof.,2025-10-17T00:05:09.139696+00:00
INC-20241029-001174,Diana Ryan,Thermal imaging scan reveals no hidden hot spots.,2024-10-29T18:16:29.139696+00:00
INC-20241029-001174,Amanda Nixon,Fire knocked down. Overhaul in progress.,2024-10-29T18:16:29.139696+00:00
INC-20241029-001174,Jennifer Collins,Fire knocked down. Overhaul in progress.,2024-10-29T18:16:29.139696+00:00
INC-20250918-001175,Michael Bailey,Fire origin investigation underway.,2025-09-18T01:14:15.139696+00:00
INC-20250918-001175,Daniel Flores,Initial size-up complete. Fire showing from second floor.,2025-09-18T01:14:15.139696+00:00
INC-20251021-001177,Joseph Braun,Initial size-up complete. Fire showing from second floor.,2025-10-21T04:48:24.139696+00:00
INC-20251021-001177,Mary Scott,Ventilation operations completed on roof.,2025-10-21T04:48:24.139696+00:00
INC-20251012-001179,Nicholas Moore,Defensive operations established due to structural instability.,2025-10-12T09:44:35.139696+00:00
INC-20250911-001180,Alyssa Smith,All occupants evacuated. Primary search complete.,2025-09-11T09:27:57.139696+00:00
INC-20250911-001180,Omar Banks,Utilities secured. Gas and electric shutoff confirmed.,2025-09-11T09:27:57.139696+00:00
INC-20250908-001185,Crystal Becker,Fire knocked down. Overhaul in progress.,2025-09-08T21:13:33.139696+00:00
INC-20250908-001185,Lauren Wright,Thermal imaging scan reveals no hidden hot spots.,2025-09-08T21:13:33.139696+00:00
INC-20250727-001188,Bonnie Higgins,Defensive operations established due to structural instability.,2025-07-27T23:28:07.139696+00:00
INC-20251010-001191,Robert Mcneil,Defensive operations established due to structural instability.,2025-10-10T09:30:30.139696+00:00
INC-20251010-001191,Marcus Skinner,Utilities secured. Gas and electric shutoff confirmed.,2025-10-10T09:30:30.139696+00:00
INC-20251010-001191,Samuel Conway,Thermal imaging scan reveals no hidden hot spots.,2025-10-10T09:30:30.139696+00:00
INC-20240511-001199,Robert Massey,Utilities secured. Gas and electric shutoff confirmed.,2024-05-11T04:53:38.139696+00:00
INC-20240511-001199,Richard White,Fire knocked down. Overhaul in progress.,2024-05-11T04:53:38.139696+00:00
INC-20250726-001200,Judith Hunter,All occupants evacuated. Primary search complete.,2025-07-26T23:26:11.139696+00:00
INC-20250726-001200,Rachel Wilson,Utilities secured. Gas and electric shutoff confirmed.,2025-07-26T23:26:11.139696+00:00
INC-20250726-001200,Michael White,Thermal imaging scan reveals no hidden hot spots.,2025-07-26T23:26:11.139696+00:00
INC-20250901-001201,Mark Morgan,Fire knocked down. Overhaul in progress.,2025-09-01T12:10:04.139696+00:00
INC-20250901-001201,Kevin Morris,Defensive operations established due to structural instability.,2025-09-01T12:10:04.139696+00:00
INC-20250901-001201,Kimberly Jensen,Thermal imaging scan reveals no hidden hot spots.,2025-09-01T12:10:04.139696+00:00
INC-20231011-001202,Samantha Leach,Fire knocked down. Overhaul in progress.,2023-10-11T11:44:05.139696+00:00
INC-20231011-001202,Thomas Ellis,Thermal imaging scan reveals no hidden hot spots.,2023-10-11T11:44:05.139696+00:00
INC-20250813-001205,Jennifer Fuentes,All occupants evacuated. Primary search complete.,2025-08-13T23:29:28.139696+00:00
INC-20250813-001205,Jeremiah Morales,Fire knocked down. Overhaul in progress.,2025-08-13T23:29:28.139696+00:00
INC-20250813-001205,Sabrina Shah,Ventilation operations completed on roof.,2025-08-13T23:29:28.139696+00:00
INC-20250811-001206,Donald Jackson,Defensive operations established due to structural instability.,2025-08-11T06:42:07.139696+00:00
INC-20250811-001206,Michael Spencer,Initial size-up complete. Fire showing from second floor.,2025-08-11T06:42:07.139696+00:00
INC-20250812-001208,Michelle Davis,Fire knocked down. Overhaul in progress.,2025-08-12T02:18:17.139696+00:00
INC-20250812-001208,Gregory Sanders,Utilities secured. Gas and electric shutoff confirmed.,2025-08-12T02:18:17.139696+00:00
INC-20250812-001208,Luke Mcpherson,Defensive operations established due to structural instability.,2025-08-12T02:18:17.139696+00:00
INC-20250816-001209,Lance Schultz,All occupants evacuated. Primary search complete.,2025-08-16T03:28:31.139696+00:00
INC-20250802-001211,Cynthia Lewis,Utilities secured. Gas and electric shutoff confirmed.,2025-08-02T14:37:37.139696+00:00
INC-20250802-001211,Amanda Moore,Initial size-up complete. Fire showing from second floor.,2025-08-02T14:37:37.139696+00:00
INC-20250721-001212,Stephanie Brown,Utilities secured. Gas and electric shutoff confirmed.,2025-07-21T04:59:53.139696+00:00
INC-20250808-001213,Brendan Grant,Utilities secured. Gas and electric shutoff confirmed.,2025-08-08T15:20:27.139696+00:00
INC-20250808-001213,Gary Norris,Ventilation operations completed on roof.,2025-08-08T15:20:27.139696+00:00
INC-20250817-001214,Jeffrey Morgan,Utilities secured. Gas and electric shutoff confirmed.,2025-08-17T11:59:55.139696+00:00
INC-20231225-001217,Nicole Elliott,Initial size-up complete. Fire showing from second floor.,2023-12-25T08:24:19.139696+00:00
INC-20231225-001217,Leah King,Utilities secured. Gas and electric shutoff confirmed.,2023-12-25T08:24:19.139696+00:00
INC-20231225-001217,Philip Leblanc,Fire knocked down. Overhaul in progress.,2023-12-25T08:24:19.139696+00:00
INC-20250828-001218,Brenda Robertson,Defensive operations established due to structural instability.,2025-08-28T09:50:40.139696+00:00
INC-20250110-001220,Kelli Walsh,Ventilation operations completed on roof.,2025-01-10T14:40:19.139696+00:00
INC-20250724-001222,Megan Raymond,Fire origin investigation underway.,2025-07-24T10:41:53.139696+00:00
INC-20250724-001222,James Anderson,All occupants evacuated. Primary search complete.,2025-07-24T10:41:53.139696+00:00
INC-20250724-001222,Joel Reynolds,Utilities secured. Gas and electric shutoff confirmed.,2025-07-24T10:41:53.139696+00:00
INC-20250727-001223,Ellen Holmes,All occupants evacuated. Primary search complete.,2025-07-27T21:32:14.139696+00:00
INC-20250727-001223,Sherry Paul,Fire origin investigation underway.,2025-07-27T21:32:14.139696+00:00
INC-20250726-001227,David Johnson,Fire origin investigation underway.,2025-07-26T17:18:06.139696+00:00
INC-20250602-001228,Melissa Shelton,Fire knocked down. Overhaul in progress.,2025-06-02T00:23:12.139696+00:00
INC-20250602-001228,Aaron Tran,Defensive operations established due to structural instability.,2025-06-02T00:23:12.139696+00:00
INC-20250602-001228,John White,Initial size-up complete. Fire showing from second floor.,2025-06-02T00:23:12.139696+00:00
INC-20250930-001230,Mr. Benjamin Mitchell,Fire origin investigation underway.,2025-09-30T21:53:24.139696+00:00
INC-20250930-001230,Jeffrey Wilson MD,Defensive operations established due to structural instability.,2025-09-30T21:53:24.139696+00:00
INC-20250725-001232,Nancy Benton,Utilities secured. Gas and electric shutoff confirmed.,2025-07-25T05:47:48.139696+00:00
INC-20250725-001232,Francisco Cook,All occupants evacuated. Primary search complete.,2025-07-25T05:47:48.139696+00:00
INC-20250725-001232,Shelly Webster,Ventilation operations completed on roof.,2025-07-25T05:47:48.139696+00:00
INC-20250929-001233,Diana Jones,Initial size-up complete. Fire showing from second floor.,2025-09-29T07:51:06.139696+00:00
INC-20250929-001233,Alyssa Morris,Fire knocked down. Overhaul in progress.,2025-09-29T07:51:06.139696+00:00
INC-20250929-001233,Joseph Shaw,All occupants evacuated. Primary search complete.,2025-09-29T07:51:06.139696+00:00
INC-20250901-001235,Craig Reyes,Defensive operations established due to structural instability.,2025-09-01T07:12:53.139696+00:00
INC-20250901-001235,Stephen Carlson,Thermal imaging scan reveals no hidden hot spots.,2025-09-01T07:12:53.139696+00:00
INC-20250901-001235,Christopher Williams,All occupants evacuated. Primary search complete.,2025-09-01T07:12:53.139696+00:00
INC-20250501-001236,Jo Keller,Thermal imaging scan reveals no hidden hot spots.,2025-05-01T10:08:04.139696+00:00
INC-20251019-001240,Mary Gonzalez,Ventilation operations completed on roof.,2025-10-19T14:53:10.139696+00:00
INC-20251019-001240,Kelsey Cannon,All occupants evacuated. Primary search complete.,2025-10-19T14:53:10.139696+00:00
INC-20250814-001241,Dennis Rich,Initial size-up complete. Fire showing from second floor.,2025-08-14T11:55:53.139696+00:00
INC-20250814-001241,James Gonzalez,Fire origin investigation underway.,2025-08-14T11:55:53.139696+00:00
INC-20251007-001242,Jamie Wagner,Ventilation operations completed on roof.,2025-10-07T11:29:03.139696+00:00
INC-20251007-001242,Angela Hanson,Fire origin investigation underway.,2025-10-07T11:29:03.139696+00:00
INC-20250914-001243,Robin Ward,Ventilation operations completed on roof.,2025-09-14T06:25:09.139696+00:00
INC-20250914-001243,Amy Stewart,Fire knocked down. Overhaul in progress.,2025-09-14T06:25:09.139696+00:00
INC-20250916-001244,Paul Gentry,Utilities secured. Gas and electric shutoff confirmed.,2025-09-17T00:00:05.139696+00:00
INC-20250117-001247,Leslie Johnson,Ventilation operations completed on roof.,2025-01-17T15:39:43.139696+00:00
INC-20250117-001247,John Harrison,Initial size-up complete. Fire showing from second floor.,2025-01-17T15:39:43.139696+00:00
INC-20250117-001247,Margaret Allison,Fire origin investigation underway.,2025-01-17T15:39:43.139696+00:00
INC-20241107-001248,Shelly Schmidt,Thermal imaging scan reveals no hidden hot spots.,2024-11-07T10:31:57.139696+00:00
INC-20231107-001250,Nicole Rivera,Fire origin investigation underway.,2023-11-07T13:46:00.139696+00:00
INC-20231107-001250,Tony Hurley,Utilities secured. Gas and electric shutoff confirmed.,2023-11-07T13:46:00.139696+00:00
INC-20250725-001254,Mary Holt,Utilities secured. Gas and electric shutoff confirmed.,2025-07-25T19:46:17.139696+00:00
INC-20250725-001254,Brian Best,All occupants evacuated. Primary search complete.,2025-07-25T19:46:17.139696+00:00
INC-20230811-001256,Edwin Williamson,All occupants evacuated. Primary search complete.,2023-08-11T08:49:35.139696+00:00
INC-20250426-001257,Chelsea Shah,All occupants evacuated. Primary search complete.,2025-04-26T19:45:52.139696+00:00
INC-20250426-001257,Jacob Mcgee,Initial size-up complete. Fire showing from second floor.,2025-04-26T19:45:52.139696+00:00
INC-20250426-001257,William Meyer,All occupants evacuated. Primary search complete.,2025-04-26T19:45:52.139696+00:00
INC-20250426-001258,Dustin Riggs,Utilities secured. Gas and electric shutoff confirmed.,2025-04-26T06:35:32.139696+00:00
INC-20250426-001258,Dawn Taylor,Defensive operations established due to structural instability.,2025-04-26T06:35:32.139696+00:00
INC-20250225-001260,Warren Jackson,Initial size-up complete. Fire showing from second floor.,2025-02-25T13:59:01.139696+00:00
INC-20250225-001260,Veronica Koch,Thermal imaging scan reveals no hidden hot spots.,2025-02-25T13:59:01.139696+00:00
INC-20250225-001260,Jaime Medina,Initial size-up complete. Fire showing from second floor.,2025-02-25T13:59:01.139696+00:00
INC-20240924-001262,Gregory Holland,Ventilation operations completed on roof.,2024-09-24T23:50:09.139696+00:00
INC-20240924-001262,Michelle Estrada,Fire origin investigation underway.,2024-09-24T23:50:09.139696+00:00
INC-20240924-001262,Calvin Hoffman,Ventilation operations completed on roof.,2024-09-24T23:50:09.139696+00:00
INC-20250323-001263,Colleen Matthews,Utilities secured. Gas and electric shutoff confirmed.,2025-03-23T20:04:47.139696+00:00
INC-20230916-001264,Virginia White,Thermal imaging scan reveals no hidden hot spots.,2023-09-16T05:54:39.139696+00:00
INC-20251017-001265,Roger Atkins,All occupants evacuated. Primary search complete.,2025-10-17T03:07:55.139696+00:00
INC-20250725-001266,Michelle Torres,Thermal imaging scan reveals no hidden hot spots.,2025-07-25T07:47:57.139696+00:00
INC-20250725-001266,Jane Goodman,All occupants evacuated. Primary search complete.,2025-07-25T07:47:57.139696+00:00
INC-20250725-001266,Michael Perez,Initial size-up complete. Fire showing from second floor.,2025-07-25T07:47:57.139696+00:00
INC-20250820-001273,Jason Rodriguez,Ventilation operations completed on roof.,2025-08-20T10:24:41.139696+00:00
INC-20250228-001274,Samuel Patterson,All occupants evacuated. Primary search complete.,2025-02-28T03:02:33.139696+00:00
INC-20250606-001275,Jason Mendoza,Thermal imaging scan reveals no hidden hot spots.,2025-06-06T18:42:42.139696+00:00
INC-20250606-001275,James Hayes,Thermal imaging scan reveals no hidden hot spots.,2025-06-06T18:42:42.139696+00:00
INC-20250903-001276,Daniel Davis,Fire knocked down. Overhaul in progress.,2025-09-03T01:05:47.139696+00:00
INC-20250903-001276,Rebecca Henderson,Fire knocked down. Overhaul in progress.,2025-09-03T01:05:47.139696+00:00
INC-20250903-001276,Bethany Nelson,Fire knocked down. Overhaul in progress.,2025-09-03T01:05:47.139696+00:00
INC-20250905-001280,Christopher Smith,Thermal imaging scan reveals no hidden hot spots.,2025-09-05T01:14:01.139696+00:00
INC-20250905-001280,Timothy Hansen,Fire origin investigation underway.,2025-09-05T01:14:01.139696+00:00
INC-20221106-001281,Lisa Hines,Fire knocked down. Overhaul in progress.,2022-11-06T03:48:27.139696+00:00
INC-20221106-001281,Amy Moore,All occupants evacuated. Primary search complete.,2022-11-06T03:48:27.139696+00:00
INC-20250904-001282,Elizabeth Cochran,All occupants evacuated. Primary search complete.,2025-09-04T13:13:15.139696+00:00
INC-20240306-001284,Thomas Evans,Initial size-up complete. Fire showing from second floor.,2024-03-06T12:48:29.139696+00:00
INC-20250803-001285,Whitney Stevenson,Defensive operations established due to structural instability.,2025-08-03T06:33:28.139696+00:00
INC-20250803-001285,Julie Gray,Defensive operations established due to structural instability.,2025-08-03T06:33:28.139696+00:00
INC-20250803-001285,Nicole Price,Initial size-up complete. Fire showing from second floor.,2025-08-03T06:33:28.139696+00:00
INC-20251006-001287,Kimberly James,Initial size-up complete. Fire showing from second floor.,2025-10-06T04:27:59.139696+00:00
INC-20251006-001287,Jeffery Mcguire,All occupants evacuated. Primary search complete.,2025-10-06T04:27:59.139696+00:00
INC-20250921-001288,Michael Warren,Utilities secured. Gas and electric shutoff confirmed.,2025-09-21T11:59:58.139696+00:00
INC-20250921-001288,Kimberly Clark,Fire knocked down. Overhaul in progress.,2025-09-21T11:59:58.139696+00:00
INC-20250921-001288,Sarah Stephens,All occupants evacuated. Primary search complete.,2025-09-21T11:59:58.139696+00:00
INC-20251002-001289,Alexis Duffy,Ventilation operations completed on roof.,2025-10-02T14:45:40.139696+00:00
INC-20251002-001289,Jennifer Franklin,Fire origin investigation underway.,2025-10-02T14:45:40.139696+00:00
INC-20250402-001290,Melissa Price,Fire origin investigation underway.,2025-04-02T23:52:02.139696+00:00
INC-20250402-001290,James White,Thermal imaging scan reveals no hidden hot spots.,2025-04-02T23:52:02.139696+00:00
INC-20250402-001290,Briana Hill,Thermal imaging scan reveals no hidden hot spots.,2025-04-02T23:52:02.139696+00:00
INC-20250817-001296,Jason Sanchez,Defensive operations established due to structural instability.,2025-08-17T02:07:52.139696+00:00
INC-20250817-001296,Matthew Robertson,Defensive operations established due to structural instability.,2025-08-17T02:07:52.139696+00:00
INC-20230628-001297,Curtis Scott,Fire knocked down. Overhaul in progress.,2023-06-28T17:14:34.139696+00:00
INC-20230718-001299,Daniel Wright,Fire knocked down. Overhaul in progress.,2023-07-18T16:42:09.139696+00:00
INC-20230718-001299,James Taylor,Defensive operations established due to structural instability.,2023-07-18T16:42:09.139696+00:00
INC-20250516-001300,Ethan Green,All occupants evacuated. Primary search complete.,2025-05-16T03:41:41.139696+00:00
INC-20250714-001302,William Nelson,Initial size-up complete. Fire showing from second floor.,2025-07-14T01:26:57.139696+00:00
INC-20231225-001303,Anne Williams,Defensive operations established due to structural instability.,2023-12-25T09:22:00.139696+00:00
INC-20231225-001303,Alicia Patrick,Defensive operations established due to structural instability.,2023-12-25T09:22:00.139696+00:00
INC-20231225-001303,Kathleen Stephenson,Fire origin investigation underway.,2023-12-25T09:22:00.139696+00:00
INC-20250730-001305,Sarah Hicks,Thermal imaging scan reveals no hidden hot spots.,2025-07-30T02:39:02.139696+00:00
INC-20250730-001305,Carmen Ray,Defensive operations established due to structural instability.,2025-07-30T02:39:02.139696+00:00
INC-20250730-001305,Amy Suarez,Ventilation operations completed on roof.,2025-07-30T02:39:02.139696+00:00
INC-20240130-001306,Dawn Kelley,Ventilation operations completed on roof.,2024-01-30T09:15:15.139696+00:00
INC-20240130-001306,Anna Brady,Thermal imaging scan reveals no hidden hot spots.,2024-01-30T09:15:15.139696+00:00
INC-20250815-001307,Erin Conner,Ventilation operations completed on roof.,2025-08-15T23:29:48.139696+00:00
INC-20240820-001308,Justin Good,Defensive operations established due to structural instability.,2024-08-20T02:08:05.139696+00:00
INC-20240820-001308,Monica Blevins,Thermal imaging scan reveals no hidden hot spots.,2024-08-20T02:08:05.139696+00:00
INC-20240820-001308,Mr. Anthony Haynes,Defensive operations established due to structural instability.,2024-08-20T02:08:05.139696+00:00
INC-20251022-001309,Nancy Harrison MD,Initial size-up complete. Fire showing from second floor.,2025-10-22T01:39:09.139696+00:00
INC-20251022-001309,Tyler Smith,Defensive operations established due to structural instability.,2025-10-22T01:39:09.139696+00:00
INC-20250912-001312,Ashley Huffman,Utilities secured. Gas and electric shutoff confirmed.,2025-09-12T03:18:05.139696+00:00
INC-20250912-001312,Diamond Rogers,Fire origin investigation underway.,2025-09-12T03:18:05.139696+00:00
INC-20250912-001312,Theresa Mason,Thermal imaging scan reveals no hidden hot spots.,2025-09-12T03:18:05.139696+00:00
INC-20250620-001313,Howard Collier,Utilities secured. Gas and electric shutoff confirmed.,2025-06-20T11:07:50.139696+00:00
INC-20250302-001314,Connor Hebert,Fire knocked down. Overhaul in progress.,2025-03-02T08:12:05.139696+00:00
INC-20230518-001316,Michael Rodriguez DVM,Ventilation operations completed on roof.,2023-05-18T01:02:44.139696+00:00
INC-20230518-001316,Brandon Ramirez,Initial size-up complete. Fire showing from second floor.,2023-05-18T01:02:44.139696+00:00
INC-20250830-001318,Matthew Hays,Fire knocked down. Overhaul in progress.,2025-08-30T16:21:59.139696+00:00
INC-20250830-001318,Bryan Smith,Thermal imaging scan reveals no hidden hot spots.,2025-08-30T16:21:59.139696+00:00
INC-20250830-001318,Micheal Johnson,Fire origin investigation underway.,2025-08-30T16:21:59.139696+00:00
INC-20250930-001319,Tonya Jones,All occupants evacuated. Primary search complete.,2025-09-30T13:50:43.139696+00:00
INC-20250930-001319,Sheryl Bullock,Defensive operations established due to structural instability.,2025-09-30T13:50:43.139696+00:00
INC-20250724-001321,Olivia Myers,Ventilation operations completed on roof.,2025-07-24T07:35:30.139696+00:00
INC-20250724-001321,Scott Hunt Jr.,All occupants evacuated. Primary search complete.,2025-07-24T07:35:30.139696+00:00
INC-20250724-001321,William Hanson,Utilities secured. Gas and electric shutoff confirmed.,2025-07-24T07:35:30.139696+00:00
INC-20251017-001323,Beth Jackson,All occupants evacuated. Primary search complete.,2025-10-17T16:41:42.139696+00:00
INC-20251017-001323,James James,All occupants evacuated. Primary search complete.,2025-10-17T16:41:42.139696+00:00
INC-20250711-001325,Laura Adams,Thermal imaging scan reveals no hidden hot spots.,2025-07-11T23:56:32.139696+00:00
INC-20251014-001330,David Chen,Initial size-up complete. Fire showing from second floor.,2025-10-14T18:34:50.139696+00:00
INC-20251014-001330,Amber Montgomery,Defensive operations established due to structural instability.,2025-10-14T18:34:50.139696+00:00
INC-20251014-001330,Johnny Duncan,Ventilation operations completed on roof.,2025-10-14T18:34:50.139696+00:00
INC-20230121-001331,David Wagner,All occupants evacuated. Primary search complete.,2023-01-21T06:36:22.139696+00:00
INC-20230121-001331,Jason Brown,Ventilation operations completed on roof.,2023-01-21T06:36:22.139696+00:00
INC-20230121-001331,Brady Freeman,Utilities secured. Gas and electric shutoff confirmed.,2023-01-21T06:36:22.139696+00:00
INC-20251002-001333,Daniel Jones,Utilities secured. Gas and electric shutoff confirmed.,2025-10-02T22:20:25.139696+00:00
INC-20251002-001333,Matthew Kim,Defensive operations established due to structural instability.,2025-10-02T22:20:25.139696+00:00
INC-20250728-001334,Kathleen Barnett,Fire origin investigation underway.,2025-07-28T19:39:03.139696+00:00
INC-20250925-001336,Gabrielle Oneal,Ventilation operations completed on roof.,2025-09-25T16:43:44.139696+00:00
INC-20250926-001338,Paul Long,Defensive operations established due to structural instability.,2025-09-26T05:51:48.139696+00:00
INC-20250926-001338,Michael Cook,Defensive operations established due to structural instability.,2025-09-26T05:51:48.139696+00:00
INC-20250926-001338,Kevin Klein,Thermal imaging scan reveals no hidden hot spots.,2025-09-26T05:51:48.139696+00:00
INC-20250925-001339,Robert Fisher,Fire origin investigation underway.,2025-09-25T08:36:40.139696+00:00
INC-20250507-001341,Tammy Martinez,All occupants evacuated. Primary search complete.,2025-05-07T19:41:03.139696+00:00
INC-20250507-001341,Heather Sutton,Utilities secured. Gas and electric shutoff confirmed.,2025-05-07T19:41:03.139696+00:00
INC-20250507-001341,Amber Fernandez,Initial size-up complete. Fire showing from second floor.,2025-05-07T19:41:03.139696+00:00
INC-20250901-001342,Tina Bennett,Thermal imaging scan reveals no hidden hot spots.,2025-09-02T00:01:14.139696+00:00
INC-20250901-001342,Rachel Phillips,Defensive operations established due to structural instability.,2025-09-02T00:01:14.139696+00:00
INC-20241117-001344,Jennifer Smith,Fire knocked down. Overhaul in progress.,2024-11-17T10:06:34.139696+00:00
INC-20241117-001344,Natalie Stewart,Initial size-up complete. Fire showing from second floor.,2024-11-17T10:06:34.139696+00:00
INC-20251016-001346,Donald Gibson,Fire knocked down. Overhaul in progress.,2025-10-16T15:31:40.139696+00:00
INC-20251016-001346,Steven Jones,Thermal imaging scan reveals no hidden hot spots.,2025-10-16T15:31:40.139696+00:00
INC-20251016-001346,Lisa Reilly,Ventilation operations completed on roof.,2025-10-16T15:31:40.139696+00:00
INC-20250814-001349,Mary Wallace MD,Utilities secured. Gas and electric shutoff confirmed.,2025-08-14T20:02:25.139696+00:00
INC-20250916-001350,Jonathan Jones,Initial size-up complete. Fire showing from second floor.,2025-09-16T23:54:19.139696+00:00
INC-20250814-001351,Karen Kim,Thermal imaging scan reveals no hidden hot spots.,2025-08-15T00:04:34.139696+00:00
INC-20250814-001351,Manuel Watson,All occupants evacuated. Primary search complete.,2025-08-15T00:04:34.139696+00:00
INC-20250809-001352,Sandra Rice,Fire knocked down. Overhaul in progress.,2025-08-09T13:58:57.139696+00:00
INC-20250809-001352,Amanda Hansen,Fire origin investigation underway.,2025-08-09T13:58:57.139696+00:00
INC-20250809-001352,Kathryn Levine,Defensive operations established due to structural instability.,2025-08-09T13:58:57.139696+00:00
INC-20221028-001356,Nancy Phelps,Utilities secured. Gas and electric shutoff confirmed.,2022-10-28T10:01:51.139696+00:00
INC-20221028-001356,Katie Williams,Fire knocked down. Overhaul in progress.,2022-10-28T10:01:51.139696+00:00
INC-20221028-001356,Rachel Long,Thermal imaging scan reveals no hidden hot spots.,2022-10-28T10:01:51.139696+00:00
INC-20250211-001358,Rebecca Butler,Utilities secured. Gas and electric shutoff confirmed.,2025-02-11T10:51:02.139696+00:00
INC-20250211-001358,Sarah Garcia,Ventilation operations completed on roof.,2025-02-11T10:51:02.139696+00:00
INC-20250813-001359,Joseph Hoffman,All occupants evacuated. Primary search complete.,2025-08-13T05:01:20.139696+00:00
INC-20250813-001359,Albert Hodge,Fire knocked down. Overhaul in progress.,2025-08-13T05:01:20.139696+00:00
INC-20250927-001362,Jennifer Carlson,Thermal imaging scan reveals no hidden hot spots.,2025-09-27T22:33:02.139696+00:00
INC-20230309-001363,Tara Fitzgerald,Initial size-up complete. Fire showing from second floor.,2023-03-09T06:16:56.139696+00:00
INC-20251009-001364,Bryce Watts,Defensive operations established due to structural instability.,2025-10-09T22:10:10.139696+00:00
INC-20251017-001366,Jessica Hamilton,Fire origin investigation underway.,2025-10-17T12:57:10.139696+00:00
INC-20251017-001366,Susan Leon,All occupants evacuated. Primary search complete.,2025-10-17T12:57:10.139696+00:00
INC-20250119-001369,Clifford Baldwin,Thermal imaging scan reveals no hidden hot spots.,2025-01-19T03:19:48.139696+00:00
INC-20250818-001373,Martin Wagner,Ventilation operations completed on roof.,2025-08-18T07:55:40.139696+00:00
INC-20250725-001375,David Drake,Thermal imaging scan reveals no hidden hot spots.,2025-07-25T06:50:43.139696+00:00
INC-20250725-001375,Jason Fisher,Utilities secured. Gas and electric shutoff confirmed.,2025-07-25T06:50:43.139696+00:00
INC-20250724-001377,Laura Johnson,Defensive operations established due to structural instability.,2025-07-24T07:40:38.139696+00:00
INC-20250724-001377,Steven Smith,Initial size-up complete. Fire showing from second floor.,2025-07-24T07:40:38.139696+00:00
INC-20250322-001380,Tanner Stewart,Ventilation operations completed on roof.,2025-03-22T01:15:46.139696+00:00
INC-20250322-001380,Harold Yang,All occupants evacuated. Primary search complete.,2025-03-22T01:15:46.139696+00:00
INC-20251010-001382,Dawn Lutz,Fire knocked down. Overhaul in progress.,2025-10-10T02:27:38.139696+00:00
INC-20251010-001382,Eddie Foster,Ventilation operations completed on roof.,2025-10-10T02:27:38.139696+00:00
INC-20250906-001386,David Wade,Initial size-up complete. Fire showing from second floor.,2025-09-06T11:30:39.139696+00:00
INC-20250906-001386,Karen Huffman,Ventilation operations completed on roof.,2025-09-06T11:30:39.139696+00:00
INC-20250906-001386,William Pope,All occupants evacuated. Primary search complete.,2025-09-06T11:30:39.139696+00:00
INC-20250917-001389,Stephanie Martinez,Ventilation operations completed on roof.,2025-09-17T13:37:39.139696+00:00
INC-20250917-001389,Joe Wilson,Defensive operations established due to structural instability.,2025-09-17T13:37:39.139696+00:00
INC-20250818-001390,Jeffrey Allen,Initial size-up complete. Fire showing from second floor.,2025-08-18T20:39:03.139696+00:00
INC-20251004-001391,Edward Bowers,Utilities secured. Gas and electric shutoff confirmed.,2025-10-04T03:40:05.139696+00:00
INC-20251005-001392,Phillip Williams,Defensive operations established due to structural instability.,2025-10-05T08:32:25.139696+00:00
INC-20250807-001393,Nicole Ball,Initial size-up complete. Fire showing from second floor.,2025-08-07T18:47:46.139696+00:00
INC-20240525-001394,Austin Rodriguez,Thermal imaging scan reveals no hidden hot spots.,2024-05-25T07:30:44.139696+00:00
INC-20240525-001394,Timothy Kirby,Utilities secured. Gas and electric shutoff confirmed.,2024-05-25T07:30:44.139696+00:00
INC-20240525-001394,Miguel Stephens,Defensive operations established due to structural instability.,2024-05-25T07:30:44.139696+00:00
INC-20231202-001395,Alexis Flores,Fire origin investigation underway.,2023-12-02T10:21:11.139696+00:00
INC-20231202-001395,Henry Santos,Fire knocked down. Overhaul in progress.,2023-12-02T10:21:11.139696+00:00
INC-20231202-001395,Beverly Harris,Utilities secured. Gas and electric shutoff confirmed.,2023-12-02T10:21:11.139696+00:00
INC-20250625-001396,Dr. Phillip Nixon,Fire origin investigation underway.,2025-06-25T09:48:19.139696+00:00
INC-20250625-001396,Nancy Robinson,Fire knocked down. Overhaul in progress.,2025-06-25T09:48:19.139696+00:00
INC-20240309-001397,Brian Mccarty,Initial size-up complete. Fire showing from second floor.,2024-03-09T15:03:58.139696+00:00
INC-20250807-001400,Yvonne Manning,Initial size-up complete. Fire showing from second floor.,2025-08-07T03:55:37.139696+00:00
INC-20250807-001400,Penny Holloway,Defensive operations established due to structural instability.,2025-08-07T03:55:37.139696+00:00
INC-20250807-001400,Edward Lopez,Defensive operations established due to structural instability.,2025-08-07T03:55:37.139696+00:00
INC-20250903-001401,Stephen Shields,Thermal imaging scan reveals no hidden hot spots.,2025-09-04T00:08:40.139696+00:00
INC-20251009-001402,Alexander Reeves,All occupants evacuated. Primary search complete.,2025-10-09T18:22:19.139696+00:00
INC-20250911-001403,Carolyn Stafford,Ventilation operations completed on roof.,2025-09-11T10:26:45.139696+00:00
INC-20250911-001403,Janet Thompson,All occupants evacuated. Primary search complete.,2025-09-11T10:26:45.139696+00:00
INC-20230705-001405,Catherine Vega,Fire knocked down. Overhaul in progress.,2023-07-05T12:52:08.139696+00:00
INC-20230705-001405,Matthew Perez,Thermal imaging scan reveals no hidden hot spots.,2023-07-05T12:52:08.139696+00:00
INC-20230705-001405,Patricia Delacruz,All occupants evacuated. Primary search complete.,2023-07-05T12:52:08.139696+00:00
INC-20240605-001406,Dawn Sullivan,Fire origin investigation underway.,2024-06-05T11:45:10.139696+00:00
INC-20240605-001406,Rebecca Moore,Fire origin investigation underway.,2024-06-05T11:45:10.139696+00:00
INC-20251012-001407,David Gates,Utilities secured. Gas and electric shutoff confirmed.,2025-10-12T07:50:46.139696+00:00
INC-20251012-001407,Justin Wyatt,Defensive operations established due to structural instability.,2025-10-12T07:50:46.139696+00:00
INC-20250813-001410,Douglas Bowman,Initial size-up complete. Fire showing from second floor.,2025-08-13T22:56:49.139696+00:00
INC-20250525-001411,Melissa Mata,Utilities secured. Gas and electric shutoff confirmed.,2025-05-25T16:55:31.139696+00:00
INC-20250525-001411,Tanner Cook,Thermal imaging scan reveals no hidden hot spots.,2025-05-25T16:55:31.139696+00:00
INC-20250404-001412,Brooke Keith,Fire origin investigation underway.,2025-04-04T16:57:16.139696+00:00
INC-20250226-001416,Bailey Benson,Ventilation operations completed on roof.,2025-02-26T02:11:06.139696+00:00
INC-20230424-001419,Cynthia Dixon,All occupants evacuated. Primary search complete.,2023-04-24T03:17:49.139696+00:00
INC-20230905-001420,Steven Stevens,Defensive operations established due to structural instability.,2023-09-05T04:48:15.139696+00:00
INC-20251007-001424,Lori Brown,Fire origin investigation underway.,2025-10-07T16:34:09.139696+00:00
INC-20251007-001424,Karen Burke,Fire origin investigation underway.,2025-10-07T16:34:09.139696+00:00
INC-20250927-001428,Shelby Bailey,Fire knocked down. Overhaul in progress.,2025-09-27T02:10:02.139696+00:00
INC-20230730-001429,Rebecca Rodriguez,Fire knocked down. Overhaul in progress.,2023-07-30T16:25:04.139696+00:00
INC-20230730-001429,Tristan Mcgee,Ventilation operations completed on roof.,2023-07-30T16:25:04.139696+00:00
INC-20230730-001429,Kimberly Gonzalez,Defensive operations established due to structural instability.,2023-07-30T16:25:04.139696+00:00
INC-20250416-001432,Makayla Roberts,Defensive operations established due to structural instability.,2025-04-16T14:04:00.139696+00:00
INC-20250416-001432,Anthony Williams,Utilities secured. Gas and electric shutoff confirmed.,2025-04-16T14:04:00.139696+00:00
INC-20250331-001434,Jill Cooper,All occupants evacuated. Primary search complete.,2025-03-31T22:30:03.139696+00:00
INC-20250331-001434,Adam Steele,Thermal imaging scan reveals no hidden hot spots.,2025-03-31T22:30:03.139696+00:00
INC-20250817-001435,Miss Melissa Wiley,Initial size-up complete. Fire showing from second floor.,2025-08-17T11:22:17.139696+00:00
INC-20250817-001435,Anita Johnson,Thermal imaging scan reveals no hidden hot spots.,2025-08-17T11:22:17.139696+00:00
INC-20250817-001435,Samantha Garcia,Fire origin investigation underway.,2025-08-17T11:22:17.139696+00:00
INC-20250330-001436,Anthony Irwin,Thermal imaging scan reveals no hidden hot spots.,2025-03-30T12:42:16.139696+00:00
INC-20250806-001438,Jane Hall,All occupants evacuated. Primary search complete.,2025-08-06T02:57:12.139696+00:00
INC-20250806-001438,Veronica Ferguson,All occupants evacuated. Primary search complete.,2025-08-06T02:57:12.139696+00:00
INC-20250730-001440,Patricia Cherry,Ventilation operations completed on roof.,2025-07-30T15:02:17.139696+00:00
INC-20250730-001440,Colton Dickerson,Thermal imaging scan reveals no hidden hot spots.,2025-07-30T15:02:17.139696+00:00
INC-20250409-001441,Jennifer Lopez,Initial size-up complete. Fire showing from second floor.,2025-04-09T05:38:28.139696+00:00
INC-20250409-001441,Timothy Jennings,Thermal imaging scan reveals no hidden hot spots.,2025-04-09T05:38:28.139696+00:00
INC-20251016-001442,Ricardo Byrd,Initial size-up complete. Fire showing from second floor.,2025-10-16T00:06:13.139696+00:00
INC-20251016-001442,Brooke Mitchell,Thermal imaging scan reveals no hidden hot spots.,2025-10-16T00:06:13.139696+00:00
INC-20250811-001447,Mr. Ryan Cooper,Fire knocked down. Overhaul in progress.,2025-08-11T21:37:02.139696+00:00
INC-20250811-001447,Steven Beck,Thermal imaging scan reveals no hidden hot spots.,2025-08-11T21:37:02.139696+00:00
INC-20250101-001448,Colleen Young,Thermal imaging scan reveals no hidden hot spots.,2025-01-01T12:56:32.139696+00:00
INC-20241228-001450,Mallory Johnson,Fire origin investigation underway.,2024-12-28T00:24:44.139696+00:00
INC-20241228-001450,Angela Jacobs,Thermal imaging scan reveals no hidden hot spots.,2024-12-28T00:24:44.139696+00:00
INC-20241228-001450,Terry Miller,Ventilation operations completed on roof.,2024-12-28T00:24:44.139696+00:00
INC-20250626-001451,Edward Malone DDS,Defensive operations established due to structural instability.,2025-06-26T06:40:00.139696+00:00
INC-20250626-001451,April Lucas,Fire origin investigation underway.,2025-06-26T06:40:00.139696+00:00
INC-20250806-001452,Terry Lin,Defensive operations established due to structural instability.,2025-08-06T16:28:30.139696+00:00
INC-20250806-001452,Anna Caldwell,Fire origin investigation underway.,2025-08-06T16:28:30.139696+00:00
INC-20230510-001454,Kyle Mccullough,Defensive operations established due to structural instability.,2023-05-10T18:27:56.139696+00:00
INC-20230510-001454,Eugene Frederick Jr.,Initial size-up complete. Fire showing from second floor.,2023-05-10T18:27:56.139696+00:00
INC-20230510-001454,Benjamin Cooper,Defensive operations established due to structural instability.,2023-05-10T18:27:56.139696+00:00
INC-20251015-001457,Denise Moran,Fire origin investigation underway.,2025-10-15T21:26:40.139696+00:00
INC-20251015-001457,Alexander Barton,Thermal imaging scan reveals no hidden hot spots.,2025-10-15T21:26:40.139696+00:00
INC-20250817-001458,Amber Brown,All occupants evacuated. Primary search complete.,2025-08-17T22:23:53.139696+00:00
INC-20250817-001458,Jill Howell,Ventilation operations completed on roof.,2025-08-17T22:23:53.139696+00:00
INC-20250817-001458,Mikayla Little,All occupants evacuated. Primary search complete.,2025-08-17T22:23:53.139696+00:00
INC-20250916-001459,Jessica Middleton,Defensive operations established due to structural instability.,2025-09-16T12:48:48.139696+00:00
INC-20251009-001460,Crystal Mcguire,Defensive operations established due to structural instability.,2025-10-09T15:40:11.139696+00:00
INC-20250409-001461,Rachel Lee,Utilities secured. Gas and electric shutoff confirmed.,2025-04-09T14:17:35.139696+00:00
INC-20250409-001461,April Mccullough,Ventilation operations completed on roof.,2025-04-09T14:17:35.139696+00:00
INC-20250409-001461,Sandra Reyes,Initial size-up complete. Fire showing from second floor.,2025-04-09T14:17:35.139696+00:00
INC-20250730-001463,Janice Schultz,Thermal imaging scan reveals no hidden hot spots.,2025-07-30T17:40:25.139696+00:00
INC-20250730-001463,Kristen Smith,Fire knocked down. Overhaul in progress.,2025-07-30T17:40:25.139696+00:00
INC-20250730-001463,Tara Poole,All occupants evacuated. Primary search complete.,2025-07-30T17:40:25.139696+00:00
INC-20251020-001468,Anthony Murray,All occupants evacuated. Primary search complete.,2025-10-20T22:31:36.139696+00:00
INC-20251020-001468,Samantha Roy,Fire origin investigation underway.,2025-10-20T22:31:36.139696+00:00
INC-20251020-001468,Scott Dixon,Fire origin investigation underway.,2025-10-20T22:31:36.139696+00:00
INC-20250726-001470,Bobby Conner,Fire knocked down. Overhaul in progress.,2025-07-26T09:46:55.139696+00:00
INC-20250726-001470,Donald Bowman,Thermal imaging scan reveals no hidden hot spots.,2025-07-26T09:46:55.139696+00:00
INC-20250726-001470,Rachel Guerrero,Utilities secured. Gas and electric shutoff confirmed.,2025-07-26T09:46:55.139696+00:00
INC-20230119-001477,David Thomas,Initial size-up complete. Fire showing from second floor.,2023-01-19T22:21:15.139696+00:00
INC-20240107-001479,Samantha Taylor,Thermal imaging scan reveals no hidden hot spots.,2024-01-07T11:54:33.139696+00:00
INC-20240107-001479,Dale Mann,Fire origin investigation underway.,2024-01-07T11:54:33.139696+00:00
INC-20240107-001479,Jason Stevens,Fire knocked down. Overhaul in progress.,2024-01-07T11:54:33.139696+00:00
INC-20250728-001481,Dr. Jeanette Carey,Defensive operations established due to structural instability.,2025-07-28T08:16:58.139696+00:00
INC-20250826-001482,Morgan Martinez,All occupants evacuated. Primary search complete.,2025-08-26T17:16:03.139696+00:00
INC-20250427-001483,Michael Washington,All occupants evacuated. Primary search complete.,2025-04-27T09:27:16.139696+00:00
INC-20250427-001483,Jon Lindsey,All occupants evacuated. Primary search complete.,2025-04-27T09:27:16.139696+00:00
INC-20250427-001483,Danielle Curtis,Fire knocked down. Overhaul in progress.,2025-04-27T09:27:16.139696+00:00
INC-20250726-001487,James Anderson,All occupants evacuated. Primary search complete.,2025-07-26T10:39:53.139696+00:00
INC-20250726-001487,Shawn Davis,All occupants evacuated. Primary search complete.,2025-07-26T10:39:53.139696+00:00
INC-20250726-001487,Ashley Andrews,Thermal imaging scan reveals no hidden hot spots.,2025-07-26T10:39:53.139696+00:00
INC-20251016-001488,Sean Young,Initial size-up complete. Fire showing from second floor.,2025-10-16T02:04:09.139696+00:00
INC-20251016-001488,Timothy Simpson,Defensive operations established due to structural instability.,2025-10-16T02:04:09.139696+00:00
INC-20250904-001490,Kevin Ramos,Fire knocked down. Overhaul in progress.,2025-09-04T16:01:02.139696+00:00
INC-20250904-001490,Sean Willis,Defensive operations established due to structural instability.,2025-09-04T16:01:02.139696+00:00
INC-20250904-001490,Rebecca Carter,Utilities secured. Gas and electric shutoff confirmed.,2025-09-04T16:01:02.139696+00:00
INC-20250823-001491,Charles Bennett,Fire knocked down. Overhaul in progress.,2025-08-23T19:33:19.139696+00:00
INC-20250823-001491,Brandon Collins,All occupants evacuated. Primary search complete.,2025-08-23T19:33:19.139696+00:00
INC-20250823-001491,Mariah Adams,Utilities secured. Gas and electric shutoff confirmed.,2025-08-23T19:33:19.139696+00:00
INC-20231209-001492,Ashley Boyd,Thermal imaging scan reveals no hidden hot spots.,2023-12-09T20:04:23.139696+00:00
INC-20231209-001492,Adriana Manning,Fire knocked down. Overhaul in progress.,2023-12-09T20:04:23.139696+00:00
INC-20231209-001492,Ashley Tucker,Ventilation operations completed on roof.,2023-12-09T20:04:23.139696+00:00
INC-20250419-001493,Megan Reed,Thermal imaging scan reveals no hidden hot spots.,2025-04-19T18:34:43.139696+00:00
INC-20250419-001493,Natalie Fields,Thermal imaging scan reveals no hidden hot spots.,2025-04-19T18:34:43.139696+00:00
INC-20250419-001493,Margaret Mueller,Initial size-up complete. Fire showing from second floor.,2025-04-19T18:34:43.139696+00:00
INC-20250821-001496,Richard Smith Jr.,All occupants evacuated. Primary search complete.,2025-08-21T04:41:42.139696+00:00
INC-20250821-001496,Frank Moon,Fire knocked down. Overhaul in progress.,2025-08-21T04:41:42.139696+00:00
INC-20221211-001497,Kristen Griffin,Fire knocked down. Overhaul in progress.,2022-12-11T03:11:47.139696+00:00
INC-20221211-001497,Christine Abbott,Ventilation operations completed on roof.,2022-12-11T03:11:47.139696+00:00
INC-20221211-001497,Lisa Mckee,Utilities secured. Gas and electric shutoff confirmed.,2022-12-11T03:11:47.139696+00:00
INC-20250831-001498,David Lowe,Thermal imaging scan reveals no hidden hot spots.,2025-08-31T08:43:52.139696+00:00
INC-20250831-001498,Michael Thomas,Thermal imaging scan reveals no hidden hot spots.,2025-08-31T08:43:52.139696+00:00
INC-20250831-001498,Todd Chambers,Utilities secured. Gas and electric shutoff confirmed.,2025-08-31T08:43:52.139696+00:00
INC-20241128-001501,Madison Miller,Fire origin investigation underway.,2024-11-28T18:51:15.139696+00:00
INC-20241128-001501,Amanda Ortiz,Utilities secured. Gas and electric shutoff confirmed.,2024-11-28T18:51:15.139696+00:00
INC-20241128-001501,Melinda Cantrell,Fire knocked down. Overhaul in progress.,2024-11-28T18:51:15.139696+00:00
INC-20240217-001502,Julia Ferguson,All occupants evacuated. Primary search complete.,2024-02-17T17:52:24.139696+00:00
INC-20251009-001503,Jennifer Torres,All occupants evacuated. Primary search complete.,2025-10-09T06:38:48.139696+00:00
INC-20251009-001503,Wanda Brown,Defensive operations established due to structural instability.,2025-10-09T06:38:48.139696+00:00
INC-20251009-001503,James Ferguson,Initial size-up complete. Fire showing from second floor.,2025-10-09T06:38:48.139696+00:00
INC-20250519-001506,Kevin Swanson,Utilities secured. Gas and electric shutoff confirmed.,2025-05-19T09:50:43.139696+00:00
INC-20250902-001509,Stephen Smith,Defensive operations established due to structural instability.,2025-09-02T05:31:04.139696+00:00
INC-20250902-001509,Brian Rollins,Ventilation operations completed on roof.,2025-09-02T05:31:04.139696+00:00
INC-20250214-001510,Chelsea Liu,All occupants evacuated. Primary search complete.,2025-02-14T05:10:38.139696+00:00
INC-20250214-001510,Margaret Mccarthy,All occupants evacuated. Primary search complete.,2025-02-14T05:10:38.139696+00:00
INC-20250214-001510,Keith Perkins,Fire origin investigation underway.,2025-02-14T05:10:38.139696+00:00
INC-20250806-001514,Andrea Shepard,All occupants evacuated. Primary search complete.,2025-08-06T22:40:05.139696+00:00
INC-20250806-001514,Jacob Flores,Initial size-up complete. Fire showing from second floor.,2025-08-06T22:40:05.139696+00:00
INC-20250812-001517,Jeremy Cook,Utilities secured. Gas and electric shutoff confirmed.,2025-08-12T17:40:29.139696+00:00
INC-20250811-001520,Bailey Anderson,All occupants evacuated. Primary search complete.,2025-08-11T15:10:59.139696+00:00
INC-20250923-001521,John Miranda,Utilities secured. Gas and electric shutoff confirmed.,2025-09-24T00:11:28.139696+00:00
INC-20250923-001521,Sarah Munoz,Initial size-up complete. Fire showing from second floor.,2025-09-24T00:11:28.139696+00:00
INC-20230227-001522,Douglas Ellis,Fire knocked down. Overhaul in progress.,2023-02-27T20:56:30.139696+00:00
INC-20230227-001522,Jack Nelson,Ventilation operations completed on roof.,2023-02-27T20:56:30.139696+00:00
INC-20230227-001522,Karen Jenkins,Fire origin investigation underway.,2023-02-27T20:56:30.139696+00:00
INC-20250223-001523,Lindsay Thompson,Defensive operations established due to structural instability.,2025-02-23T22:39:58.139696+00:00
INC-20250909-001524,Jenna Moody,Fire knocked down. Overhaul in progress.,2025-09-09T22:35:56.139696+00:00
INC-20251012-001525,Ruth Church,Utilities secured. Gas and electric shutoff confirmed.,2025-10-12T14:03:21.139696+00:00
INC-20251012-001525,Donna Anderson,Thermal imaging scan reveals no hidden hot spots.,2025-10-12T14:03:21.139696+00:00
INC-20250906-001526,Troy Reilly,All occupants evacuated. Primary search complete.,2025-09-06T12:26:07.139696+00:00
INC-20250906-001526,Erin Norris,Utilities secured. Gas and electric shutoff confirmed.,2025-09-06T12:26:07.139696+00:00
INC-20250520-001528,David Leonard,Defensive operations established due to structural instability.,2025-05-20T09:08:27.139696+00:00
INC-20250520-001528,Lance Short,Fire origin investigation underway.,2025-05-20T09:08:27.139696+00:00
INC-20250520-001528,Carrie Duke,Fire origin investigation underway.,2025-05-20T09:08:27.139696+00:00
INC-20250427-001530,Gregory Peck,Fire knocked down. Overhaul in progress.,2025-04-27T17:56:25.139696+00:00
INC-20250427-001530,Jennifer Bell,Defensive operations established due to structural instability.,2025-04-27T17:56:25.139696+00:00
INC-20250808-001532,Devon Simon,Fire knocked down. Overhaul in progress.,2025-08-08T07:24:34.139696+00:00
INC-20250916-001533,Spencer Bentley,Utilities secured. Gas and electric shutoff confirmed.,2025-09-16T01:49:11.139696+00:00
INC-20250809-001534,Sean Moore,Initial size-up complete. Fire showing from second floor.,2025-08-09T20:10:13.139696+00:00
INC-20230610-001536,Lisa Mccoy,Defensive operations established due to structural instability.,2023-06-10T11:45:46.139696+00:00
INC-20250131-001538,Krista Johnson,All occupants evacuated. Primary search complete.,2025-01-31T22:23:13.139696+00:00
INC-20250131-001538,Justin Alvarado,Utilities secured. Gas and electric shutoff confirmed.,2025-01-31T22:23:13.139696+00:00
INC-20250908-001539,Lisa Jones,Fire knocked down. Overhaul in progress.,2025-09-08T11:13:45.139696+00:00
INC-20250908-001539,Bruce Brown,Initial size-up complete. Fire showing from second floor.,2025-09-08T11:13:45.139696+00:00
INC-20250811-001542,Bobby Ruiz,Defensive operations established due to structural instability.,2025-08-11T11:54:53.139696+00:00
INC-20250811-001542,Samantha Walters,Defensive operations established due to structural instability.,2025-08-11T11:54:53.139696+00:00
INC-20250501-001543,Amy Jarvis,Fire knocked down. Overhaul in progress.,2025-05-01T04:40:50.139696+00:00
INC-20250501-001543,Peggy Livingston,Fire origin investigation underway.,2025-05-01T04:40:50.139696+00:00
INC-20250902-001544,Timothy Webb,Fire origin investigation underway.,2025-09-02T18:17:28.139696+00:00
INC-20250902-001544,Jocelyn Jones,Thermal imaging scan reveals no hidden hot spots.,2025-09-02T18:17:28.139696+00:00
INC-20230407-001547,Vincent Franklin,Fire origin investigation underway.,2023-04-07T15:57:07.139696+00:00
INC-20230407-001547,Melissa Fuller,Thermal imaging scan reveals no hidden hot spots.,2023-04-07T15:57:07.139696+00:00
INC-20230407-001547,Robert Wagner,All occupants evacuated. Primary search complete.,2023-04-07T15:57:07.139696+00:00
INC-20250922-001548,Michael Ford,Defensive operations established due to structural instability.,2025-09-22T12:01:23.139696+00:00
INC-20250922-001548,Robert Henry,Utilities secured. Gas and electric shutoff confirmed.,2025-09-22T12:01:23.139696+00:00
INC-20250922-001548,Alex Russell,Thermal imaging scan reveals no hidden hot spots.,2025-09-22T12:01:23.139696+00:00
INC-20250726-001549,Julie Mcgrath,Thermal imaging scan reveals no hidden hot spots.,2025-07-26T13:28:42.139696+00:00
INC-20250726-001549,Adam Salinas,Ventilation operations completed on roof.,2025-07-26T13:28:42.139696+00:00
INC-20250427-001550,Lori Phillips,All occupants evacuated. Primary search complete.,2025-04-27T12:57:58.139696+00:00
INC-20250427-001550,Jesse Joseph,Initial size-up complete. Fire showing from second floor.,2025-04-27T12:57:58.139696+00:00
INC-20250427-001550,Adrienne Johnson,Ventilation operations completed on roof.,2025-04-27T12:57:58.139696+00:00
INC-20250725-001551,Heather Russell,All occupants evacuated. Primary search complete.,2025-07-25T16:25:01.139696+00:00
INC-20250725-001551,Annette Newman,Utilities secured. Gas and electric shutoff confirmed.,2025-07-25T16:25:01.139696+00:00
INC-20250725-001551,Ashley Valdez,Initial size-up complete. Fire showing from second floor.,2025-07-25T16:25:01.139696+00:00
INC-20250816-001552,John Garcia,Fire knocked down. Overhaul in progress.,2025-08-16T00:54:49.139696+00:00
INC-20240816-001553,Joshua Cruz,All occupants evacuated. Primary search complete.,2024-08-16T18:04:15.139696+00:00
INC-20250822-001555,Brian Adams,Thermal imaging scan reveals no hidden hot spots.,2025-08-22T08:08:01.139696+00:00
INC-20251011-001556,Kathy Gibson,Fire knocked down. Overhaul in progress.,2025-10-11T11:10:35.139696+00:00
INC-20251011-001556,Stephanie Banks,Thermal imaging scan reveals no hidden hot spots.,2025-10-11T11:10:35.139696+00:00
INC-20250805-001557,Lindsay Chang,Utilities secured. Gas and electric shutoff confirmed.,2025-08-05T01:53:06.139696+00:00
INC-20250805-001557,Dr. Shannon Donovan,Utilities secured. Gas and electric shutoff confirmed.,2025-08-05T01:53:06.139696+00:00
INC-20250805-001557,Jeffrey Knight,Ventilation operations completed on roof.,2025-08-05T01:53:06.139696+00:00
INC-20250715-001558,Jennifer Tran,All occupants evacuated. Primary search complete.,2025-07-15T20:42:09.139696+00:00
INC-20250715-001558,Tracy Reed,Fire origin investigation underway.,2025-07-15T20:42:09.139696+00:00
INC-20231222-001559,Olivia Marks,Initial size-up complete. Fire showing from second floor.,2023-12-22T09:57:13.139696+00:00
INC-20231222-001559,Alexander Watts,Thermal imaging scan reveals no hidden hot spots.,2023-12-22T09:57:13.139696+00:00
INC-20241030-001562,Joshua Johnson,Ventilation operations completed on roof.,2024-10-30T10:30:27.139696+00:00
INC-20250822-001563,Christy Gonzalez,Ventilation operations completed on roof.,2025-08-22T05:50:40.139696+00:00
INC-20251006-001565,Tracy Torres,Initial size-up complete. Fire showing from second floor.,2025-10-06T19:09:29.139696+00:00
INC-20251006-001565,Michael Black,Initial size-up complete. Fire showing from second floor.,2025-10-06T19:09:29.139696+00:00
INC-20250831-001567,Elizabeth Jackson,Utilities secured. Gas and electric shutoff confirmed.,2025-08-31T12:00:39.139696+00:00
INC-20250831-001567,Patrick Green,Ventilation operations completed on roof.,2025-08-31T12:00:39.139696+00:00
INC-20250831-001567,Carrie Thompson,Fire knocked down. Overhaul in progress.,2025-08-31T12:00:39.139696+00:00
INC-20250513-001569,Nicole Waller,Utilities secured. Gas and electric shutoff confirmed.,2025-05-13T21:58:32.139696+00:00
INC-20250513-001569,Nathaniel Sanders,Fire knocked down. Overhaul in progress.,2025-05-13T21:58:32.139696+00:00
INC-20241102-001570,Rebekah Mosley,Fire origin investigation underway.,2024-11-02T12:54:40.139696+00:00
INC-20250424-001571,Justin Gonzales,Fire origin investigation underway.,2025-04-24T17:49:30.139696+00:00
INC-20251016-001572,Jesus Stout,Fire knocked down. Overhaul in progress.,2025-10-16T06:21:36.139696+00:00
INC-20251016-001572,Jesse Edwards,Initial size-up complete. Fire showing from second floor.,2025-10-16T06:21:36.139696+00:00
INC-20251016-001572,Michael Myers,Thermal imaging scan reveals no hidden hot spots.,2025-10-16T06:21:36.139696+00:00
INC-20250815-001575,Cynthia Hall,Fire origin investigation underway.,2025-08-15T03:17:35.139696+00:00
INC-20250815-001575,Frank James,Thermal imaging scan reveals no hidden hot spots.,2025-08-15T03:17:35.139696+00:00
INC-20250815-001575,Kari Jenkins,Fire origin investigation underway.,2025-08-15T03:17:35.139696+00:00
INC-20250920-001577,Christina Le,Fire origin investigation underway.,2025-09-20T10:43:20.139696+00:00
INC-20251014-001579,Judy Rodriguez,Fire origin investigation underway.,2025-10-14T22:36:59.139696+00:00
INC-20251014-001579,Shannon Tran,All occupants evacuated. Primary search complete.,2025-10-14T22:36:59.139696+00:00
INC-20230831-001580,Danny Figueroa,Fire origin investigation underway.,2023-08-31T13:24:31.139696+00:00
INC-20230831-001580,Alexis Olson,Fire origin investigation underway.,2023-08-31T13:24:31.139696+00:00
INC-20230331-001581,Stephanie Sawyer,Utilities secured. Gas and electric shutoff confirmed.,2023-03-31T06:41:17.139696+00:00
INC-20230331-001581,Jason Valdez,Utilities secured. Gas and electric shutoff confirmed.,2023-03-31T06:41:17.139696+00:00
INC-20250927-001582,Olivia Good,Defensive operations established due to structural instability.,2025-09-27T13:41:20.139696+00:00
INC-20250830-001583,Bryan Franklin,Fire knocked down. Overhaul in progress.,2025-08-30T05:16:08.139696+00:00
INC-20250830-001583,Ryan Jenkins,Ventilation operations completed on roof.,2025-08-30T05:16:08.139696+00:00
INC-20250830-001583,Thomas Harvey,Thermal imaging scan reveals no hidden hot spots.,2025-08-30T05:16:08.139696+00:00
INC-20240128-001584,Patrick Olson,Thermal imaging scan reveals no hidden hot spots.,2024-01-28T19:28:06.139696+00:00
INC-20240128-001584,Marissa Johnson,Thermal imaging scan reveals no hidden hot spots.,2024-01-28T19:28:06.139696+00:00
INC-20250912-001585,Haley Jones,Initial size-up complete. Fire showing from second floor.,2025-09-12T00:48:18.139696+00:00
INC-20250912-001585,Keith Martinez,All occupants evacuated. Primary search complete.,2025-09-12T00:48:18.139696+00:00
INC-20250912-001585,Tara Wells,Ventilation operations completed on roof.,2025-09-12T00:48:18.139696+00:00
INC-20250701-001587,Sharon Scott,Ventilation operations completed on roof.,2025-07-01T08:05:55.139696+00:00
INC-20241117-001588,Brandy Yu,Thermal imaging scan reveals no hidden hot spots.,2024-11-17T07:40:58.139696+00:00
INC-20241117-001588,Rebecca Schultz,Thermal imaging scan reveals no hidden hot spots.,2024-11-17T07:40:58.139696+00:00
INC-20241117-001588,Michael Tanner,All occupants evacuated. Primary search complete.,2024-11-17T07:40:58.139696+00:00
INC-20230831-001590,Dr. Alex Rice,Fire origin investigation underway.,2023-08-31T19:26:24.139696+00:00
INC-20230831-001590,Robert Robinson,Fire origin investigation underway.,2023-08-31T19:26:24.139696+00:00
INC-20250927-001592,Christine Snyder,Fire knocked down. Overhaul in progress.,2025-09-27T07:19:55.139696+00:00
INC-20240410-001594,David Hale,Defensive operations established due to structural instability.,2024-04-10T22:35:12.139696+00:00
INC-20250821-001595,Kathryn Boone,Initial size-up complete. Fire showing from second floor.,2025-08-21T18:41:52.139696+00:00
INC-20250124-001596,Diana Bowers,Ventilation operations completed on roof.,2025-01-24T15:15:36.139696+00:00
INC-20230929-001597,Veronica Bell,Ventilation operations completed on roof.,2023-09-29T11:49:02.139696+00:00
INC-20230929-001597,Tracey Patel,Utilities secured. Gas and electric shutoff confirmed.,2023-09-29T11:49:02.139696+00:00
INC-20230929-001597,Joshua Hawkins,Utilities secured. Gas and electric shutoff confirmed.,2023-09-29T11:49:02.139696+00:00
INC-20250816-001598,Oscar Morrison,Fire knocked down. Overhaul in progress.,2025-08-16T13:00:01.139696+00:00
INC-20251016-001599,Beverly Wood,Initial size-up complete. Fire showing from second floor.,2025-10-16T23:28:11.139696+00:00
INC-20251016-001599,Juan Campos,Defensive operations established due to structural instability.,2025-10-16T23:28:11.139696+00:00
INC-20251003-001604,Luis Kim,Initial size-up complete. Fire showing from second floor.,2025-10-03T06:01:01.139696+00:00
INC-20251003-001604,Margaret Romero,Thermal imaging scan reveals no hidden hot spots.,2025-10-03T06:01:01.139696+00:00
INC-20251012-001605,Cameron Meyer,All occupants evacuated. Primary search complete.,2025-10-12T04:31:19.139696+00:00
INC-20250128-001607,Nicole Waller,Fire origin investigation underway.,2025-01-28T02:00:06.139696+00:00
INC-20250128-001607,Jerry Oliver,Fire knocked down. Overhaul in progress.,2025-01-28T02:00:06.139696+00:00
INC-20250913-001610,Janice Ramsey,Fire knocked down. Overhaul in progress.,2025-09-13T20:19:05.139696+00:00
INC-20250913-001610,Michelle Grant,All occupants evacuated. Primary search complete.,2025-09-13T20:19:05.139696+00:00
INC-20250218-001611,Bernard Vazquez,Fire knocked down. Overhaul in progress.,2025-02-18T22:22:22.139696+00:00
INC-20250218-001611,Jeffery Camacho,Defensive operations established due to structural instability.,2025-02-18T22:22:22.139696+00:00
INC-20241203-001612,Zachary Glover,Thermal imaging scan reveals no hidden hot spots.,2024-12-03T20:34:19.139696+00:00
INC-20241203-001612,Peter Walker,Ventilation operations completed on roof.,2024-12-03T20:34:19.139696+00:00
INC-20241203-001612,David Adams,Thermal imaging scan reveals no hidden hot spots.,2024-12-03T20:34:19.139696+00:00
INC-20250728-001614,Lisa Sweeney,Fire knocked down. Overhaul in progress.,2025-07-28T14:46:18.139696+00:00
INC-20250728-001614,Nicole Ruiz,Defensive operations established due to structural instability.,2025-07-28T14:46:18.139696+00:00
INC-20241111-001615,Jared Blevins,All occupants evacuated. Primary search complete.,2024-11-11T17:56:23.139696+00:00
INC-20241111-001615,Rachel Villarreal,Fire origin investigation underway.,2024-11-11T17:56:23.139696+00:00
INC-20250910-001618,Ryan Richardson,Thermal imaging scan reveals no hidden hot spots.,2025-09-10T15:38:35.139696+00:00
INC-20250910-001618,Kimberly Harris,Ventilation operations completed on roof.,2025-09-10T15:38:35.139696+00:00
INC-20250328-001619,Yolanda Payne,Ventilation operations completed on roof.,2025-03-28T15:51:11.139696+00:00
INC-20250328-001619,Maria Barker,Thermal imaging scan reveals no hidden hot spots.,2025-03-28T15:51:11.139696+00:00
INC-20250328-001619,Alicia Lloyd,Initial size-up complete. Fire showing from second floor.,2025-03-28T15:51:11.139696+00:00
INC-20230627-001622,Autumn Hill,Fire knocked down. Overhaul in progress.,2023-06-27T09:56:36.139696+00:00
INC-20250906-001623,Mary Hunter,Utilities secured. Gas and electric shutoff confirmed.,2025-09-06T05:25:56.139696+00:00
INC-20250906-001623,Shaun Aguilar,Fire origin investigation underway.,2025-09-06T05:25:56.139696+00:00
INC-20250906-001623,Carol Murphy,Fire knocked down. Overhaul in progress.,2025-09-06T05:25:56.139696+00:00
INC-20250804-001624,Brent Rosales,Defensive operations established due to structural instability.,2025-08-04T09:17:47.139696+00:00
INC-20250828-001626,Jonathan Brady,Thermal imaging scan reveals no hidden hot spots.,2025-08-28T21:40:19.139696+00:00
INC-20250828-001626,Lance Brown,Defensive operations established due to structural instability.,2025-08-28T21:40:19.139696+00:00
INC-20250205-001628,Marvin Jackson,Defensive operations established due to structural instability.,2025-02-05T16:03:35.139696+00:00
INC-20250205-001628,Mary Johnson,Thermal imaging scan reveals no hidden hot spots.,2025-02-05T16:03:35.139696+00:00
INC-20250205-001628,Billy Hickman,Fire origin investigation underway.,2025-02-05T16:03:35.139696+00:00
INC-20230428-001629,Austin Smith,All occupants evacuated. Primary search complete.,2023-04-28T13:26:11.139696+00:00
INC-20231027-001631,Jason Johnson,All occupants evacuated. Primary search complete.,2023-10-27T08:43:11.139696+00:00
INC-20231027-001631,Brian Rodriguez,Fire knocked down. Overhaul in progress.,2023-10-27T08:43:11.139696+00:00
INC-20250929-001634,Gina Hicks,Fire origin investigation underway.,2025-09-29T16:43:16.139696+00:00
INC-20250929-001634,Donna Bennett,Initial size-up complete. Fire showing from second floor.,2025-09-29T16:43:16.139696+00:00
INC-20250923-001635,Patricia Guzman,Thermal imaging scan reveals no hidden hot spots.,2025-09-23T20:17:30.139696+00:00
INC-20250923-001635,Eric Hall,Fire origin investigation underway.,2025-09-23T20:17:30.139696+00:00
INC-20241118-001637,Maria Wall,Ventilation operations completed on roof.,2024-11-18T16:16:09.139696+00:00
INC-20250927-001641,Megan Johnson,Fire knocked down. Overhaul in progress.,2025-09-27T07:01:15.139696+00:00
INC-20250927-001641,Katherine Francis,All occupants evacuated. Primary search complete.,2025-09-27T07:01:15.139696+00:00
INC-20250927-001641,Travis Jenkins,Ventilation operations completed on roof.,2025-09-27T07:01:15.139696+00:00
INC-20250901-001642,Amber Gibson,Ventilation operations completed on roof.,2025-09-01T20:11:35.139696+00:00
INC-20250901-001642,Charles Owens,Utilities secured. Gas and electric shutoff confirmed.,2025-09-01T20:11:35.139696+00:00
INC-20250901-001642,Tiffany Berg,Ventilation operations completed on roof.,2025-09-01T20:11:35.139696+00:00
INC-20250828-001644,Brian Ramsey,All occupants evacuated. Primary search complete.,2025-08-28T15:42:05.139696+00:00
INC-20250828-001644,Mark Anderson,Utilities secured. Gas and electric shutoff confirmed.,2025-08-28T15:42:05.139696+00:00
INC-20250902-001646,David Hensley,Thermal imaging scan reveals no hidden hot spots.,2025-09-02T01:09:48.139696+00:00
INC-20250902-001646,Karina Jones,Utilities secured. Gas and electric shutoff confirmed.,2025-09-02T01:09:48.139696+00:00
INC-20230104-001647,Sara Villanueva,Thermal imaging scan reveals no hidden hot spots.,2023-01-04T03:47:54.139696+00:00
INC-20230104-001647,Shari Young,Ventilation operations completed on roof.,2023-01-04T03:47:54.139696+00:00
INC-20250824-001649,Christopher Johnson,Fire origin investigation underway.,2025-08-24T15:01:34.139696+00:00
INC-20250819-001652,Mr. Chad Freeman,Initial size-up complete. Fire showing from second floor.,2025-08-19T07:29:47.139696+00:00
INC-20250819-001652,Melissa Page,Ventilation operations completed on roof.,2025-08-19T07:29:47.139696+00:00
INC-20250819-001652,Mr. Charles Mcbride,Fire origin investigation underway.,2025-08-19T07:29:47.139696+00:00
INC-20250830-001655,Hannah Garcia,Utilities secured. Gas and electric shutoff confirmed.,2025-08-30T18:05:53.139696+00:00
INC-20250830-001655,Jerry Smith,Fire origin investigation underway.,2025-08-30T18:05:53.139696+00:00
INC-20241115-001656,Holly Young,Fire origin investigation underway.,2024-11-15T08:39:29.139696+00:00
INC-20250120-001658,Melissa Thomas,Defensive operations established due to structural instability.,2025-01-20T06:30:22.139696+00:00
INC-20250120-001658,Joshua Hudson,Initial size-up complete. Fire showing from second floor.,2025-01-20T06:30:22.139696+00:00
INC-20250120-001658,Stephanie Scott,Fire knocked down. Overhaul in progress.,2025-01-20T06:30:22.139696+00:00
INC-20250423-001659,Curtis Knapp,Fire knocked down. Overhaul in progress.,2025-04-23T11:37:58.139696+00:00
INC-20250423-001659,Ashley Walker,Initial size-up complete. Fire showing from second floor.,2025-04-23T11:37:58.139696+00:00
INC-20251017-001660,Mary Hughes,Utilities secured. Gas and electric shutoff confirmed.,2025-10-18T00:02:12.139696+00:00
INC-20251017-001660,Brenda Wheeler,Thermal imaging scan reveals no hidden hot spots.,2025-10-18T00:02:12.139696+00:00
INC-20250828-001663,Jonathan Davis,Defensive operations established due to structural instability.,2025-08-28T21:27:38.139696+00:00
INC-20250828-001663,Brian Aguirre,Ventilation operations completed on roof.,2025-08-28T21:27:38.139696+00:00
INC-20250828-001663,Daniel Walsh,Thermal imaging scan reveals no hidden hot spots.,2025-08-28T21:27:38.139696+00:00
INC-20221103-001666,Annette Rosales,Initial size-up complete. Fire showing from second floor.,2022-11-03T06:07:23.139696+00:00
INC-20221103-001666,Christopher Marsh,Fire knocked down. Overhaul in progress.,2022-11-03T06:07:23.139696+00:00
INC-20240416-001668,Sharon Cooper,Thermal imaging scan reveals no hidden hot spots.,2024-04-16T09:31:12.139696+00:00
INC-20240416-001668,Amanda Marquez,Ventilation operations completed on roof.,2024-04-16T09:31:12.139696+00:00
INC-20250829-001669,Barbara Washington,Fire origin investigation underway.,2025-08-29T03:31:13.139696+00:00
INC-20250829-001669,Dr. William Harris,Ventilation operations completed on roof.,2025-08-29T03:31:13.139696+00:00
INC-20250829-001669,Marisa Mcconnell,Fire knocked down. Overhaul in progress.,2025-08-29T03:31:13.139696+00:00
INC-20250119-001671,Richard Benson,Ventilation operations completed on roof.,2025-01-19T15:38:24.139696+00:00
INC-20250119-001671,Danielle Petty,Initial size-up complete. Fire showing from second floor.,2025-01-19T15:38:24.139696+00:00
INC-20240419-001672,Michael Wang,Fire knocked down. Overhaul in progress.,2024-04-19T01:41:37.139696+00:00
INC-20240419-001672,Steven Gilbert,Fire knocked down. Overhaul in progress.,2024-04-19T01:41:37.139696+00:00
INC-20240419-001672,Cynthia Sampson,All occupants evacuated. Primary search complete.,2024-04-19T01:41:37.139696+00:00
INC-20250914-001673,Anthony Garcia,Fire knocked down. Overhaul in progress.,2025-09-14T21:23:11.139696+00:00
INC-20250914-001673,Melissa Foley,Initial size-up complete. Fire showing from second floor.,2025-09-14T21:23:11.139696+00:00
INC-20250517-001674,William Thompson,Fire knocked down. Overhaul in progress.,2025-05-17T02:30:45.139696+00:00
INC-20230619-001677,Craig Hayes,Ventilation operations completed on roof.,2023-06-19T15:02:39.139696+00:00
INC-20230619-001677,Michelle Morrow,Defensive operations established due to structural instability.,2023-06-19T15:02:39.139696+00:00
INC-20250717-001678,Nicholas Perkins,Thermal imaging scan reveals no hidden hot spots.,2025-07-17T18:12:30.139696+00:00
INC-20250717-001678,Sharon Jones,Utilities secured. Gas and electric shutoff confirmed.,2025-07-17T18:12:30.139696+00:00
INC-20230331-001680,Robin Hoffman,Utilities secured. Gas and electric shutoff confirmed.,2023-03-31T16:27:45.139696+00:00
INC-20250711-001681,Lori Morrison,Defensive operations established due to structural instability.,2025-07-12T00:00:41.139696+00:00
INC-20250711-001681,Nicole Hamilton,Ventilation operations completed on roof.,2025-07-12T00:00:41.139696+00:00
INC-20250610-001683,Ryan Cox,Utilities secured. Gas and electric shutoff confirmed.,2025-06-10T06:24:37.139696+00:00
INC-20250808-001685,Jessica Bowers,All occupants evacuated. Primary search complete.,2025-08-08T16:19:11.139696+00:00
INC-20250808-001685,Mary Johnson DVM,Fire knocked down. Overhaul in progress.,2025-08-08T16:19:11.139696+00:00
INC-20251015-001686,Dr. Michael Aguilar,Utilities secured. Gas and electric shutoff confirmed.,2025-10-15T07:40:45.139696+00:00
INC-20250822-001688,Jessica Caldwell,Defensive operations established due to structural instability.,2025-08-22T12:19:40.139696+00:00
INC-20250822-001688,Pamela Thomas,All occupants evacuated. Primary search complete.,2025-08-22T12:19:40.139696+00:00
INC-20250822-001688,Patricia Butler,Thermal imaging scan reveals no hidden hot spots.,2025-08-22T12:19:40.139696+00:00
INC-20230708-001689,Ricardo Osborne Jr.,Ventilation operations completed on roof.,2023-07-08T21:58:51.139696+00:00
INC-20230708-001689,Laurie Alvarez,Fire knocked down. Overhaul in progress.,2023-07-08T21:58:51.139696+00:00
INC-20250927-001691,Amber Fuller,Initial size-up complete. Fire showing from second floor.,2025-09-27T17:24:07.139696+00:00
INC-20250927-001691,Christopher Blanchard,Defensive operations established due to structural instability.,2025-09-27T17:24:07.139696+00:00
INC-20250927-001691,Lisa Tran,Fire origin investigation underway.,2025-09-27T17:24:07.139696+00:00
INC-20240628-001693,Sally Miller,Utilities secured. Gas and electric shutoff confirmed.,2024-06-28T11:59:49.139696+00:00
INC-20240628-001693,Dominique Shepard,Fire origin investigation underway.,2024-06-28T11:59:49.139696+00:00
INC-20250830-001694,Keith Willis,Initial size-up complete. Fire showing from second floor.,2025-08-30T10:26:02.139696+00:00
INC-20230808-001696,Daniel Washington,All occupants evacuated. Primary search complete.,2023-08-08T10:55:24.139696+00:00
INC-20230808-001696,Brandi Waters,All occupants evacuated. Primary search complete.,2023-08-08T10:55:24.139696+00:00
INC-20251004-001699,Amanda Johnson,Utilities secured. Gas and electric shutoff confirmed.,2025-10-04T23:11:58.139696+00:00
INC-20251004-001699,Melanie Church,Utilities secured. Gas and electric shutoff confirmed.,2025-10-04T23:11:58.139696+00:00
INC-20251004-001699,Brian Lee,Utilities secured. Gas and electric shutoff confirmed.,2025-10-04T23:11:58.139696+00:00
INC-20241127-001701,Angela Villa,Initial size-up complete. Fire showing from second floor.,2024-11-27T03:58:40.139696+00:00
INC-20251010-001705,Sarah Campbell,Initial size-up complete. Fire showing from second floor.,2025-10-10T01:34:02.139696+00:00
INC-20251010-001705,Christina Moore,Fire knocked down. Overhaul in progress.,2025-10-10T01:34:02.139696+00:00
INC-20250926-001708,Victoria Simon,Initial size-up complete. Fire showing from second floor.,2025-09-26T23:03:56.139696+00:00
INC-20251017-001710,Robert Hansen,Thermal imaging scan reveals no hidden hot spots.,2025-10-17T18:55:12.139696+00:00
INC-20250927-001711,Karen Mckinney,Defensive operations established due to structural instability.,2025-09-27T11:24:35.139696+00:00
INC-20230216-001713,Edgar Smith,All occupants evacuated. Primary search complete.,2023-02-16T21:13:19.139696+00:00
INC-20230216-001713,Amy Palmer,Fire knocked down. Overhaul in progress.,2023-02-16T21:13:19.139696+00:00
INC-20230216-001713,Mark Norris,Fire knocked down. Overhaul in progress.,2023-02-16T21:13:19.139696+00:00
INC-20250727-001715,Jessica Huff,Fire knocked down. Overhaul in progress.,2025-07-27T10:11:37.139696+00:00
INC-20250727-001715,Natasha Cox,Thermal imaging scan reveals no hidden hot spots.,2025-07-27T10:11:37.139696+00:00
INC-20251002-001717,Darren Keller,Initial size-up complete. Fire showing from second floor.,2025-10-02T14:29:38.139696+00:00
INC-20251002-001717,Donna Ramos,Fire origin investigation underway.,2025-10-02T14:29:38.139696+00:00
INC-20251002-001717,Sarah Nixon,Ventilation operations completed on roof.,2025-10-02T14:29:38.139696+00:00
INC-20251009-001718,Jordan Burns,Fire knocked down. Overhaul in progress.,2025-10-09T00:37:11.139696+00:00
INC-20251009-001718,Thomas Mendez,Initial size-up complete. Fire showing from second floor.,2025-10-09T00:37:11.139696+00:00
INC-20251009-001718,Roy Evans,Defensive operations established due to structural instability.,2025-10-09T00:37:11.139696+00:00
INC-20240331-001720,Terry Marshall,Fire knocked down. Overhaul in progress.,2024-03-31T10:20:18.139696+00:00
INC-20230817-001721,Richard Cook,Initial size-up complete. Fire showing from second floor.,2023-08-17T15:27:43.139696+00:00
INC-20230817-001721,Gregory Butler,All occupants evacuated. Primary search complete.,2023-08-17T15:27:43.139696+00:00
INC-20230817-001721,Victoria Schroeder,Initial size-up complete. Fire showing from second floor.,2023-08-17T15:27:43.139696+00:00
INC-20251018-001723,Elizabeth Smith,Defensive operations established due to structural instability.,2025-10-18T18:12:49.139696+00:00
INC-20250825-001724,Derek Davila,Defensive operations established due to structural instability.,2025-08-25T17:07:10.139696+00:00
INC-20250825-001724,Nathan Carter,Fire origin investigation underway.,2025-08-25T17:07:10.139696+00:00
INC-20250222-001725,Eileen Wiley,Utilities secured. Gas and electric shutoff confirmed.,2025-02-22T18:43:01.139696+00:00
INC-20250222-001725,Jordan Lawrence,Ventilation operations completed on roof.,2025-02-22T18:43:01.139696+00:00
INC-20250222-001725,Candice Torres,Utilities secured. Gas and electric shutoff confirmed.,2025-02-22T18:43:01.139696+00:00
INC-20250723-001729,Brandon Patterson,Fire origin investigation underway.,2025-07-23T23:56:33.139696+00:00
INC-20250723-001729,Daniel Simpson,Fire knocked down. Overhaul in progress.,2025-07-23T23:56:33.139696+00:00
INC-20250723-001729,Andrea Frederick,Fire origin investigation underway.,2025-07-23T23:56:33.139696+00:00
INC-20250915-001731,Kevin Callahan,Defensive operations established due to structural instability.,2025-09-15T23:57:47.139696+00:00
INC-20250915-001731,Heather Serrano,Initial size-up complete. Fire showing from second floor.,2025-09-15T23:57:47.139696+00:00
INC-20250806-001733,Kurt Davis,Defensive operations established due to structural instability.,2025-08-06T04:44:49.139696+00:00
INC-20250806-001733,Jennifer Gonzalez,Defensive operations established due to structural instability.,2025-08-06T04:44:49.139696+00:00
INC-20230831-001734,Shawna Mason,Ventilation operations completed on roof.,2023-08-31T00:40:38.139696+00:00
INC-20230831-001734,David Todd,Ventilation operations completed on roof.,2023-08-31T00:40:38.139696+00:00
INC-20240215-001736,Debbie White,Initial size-up complete. Fire showing from second floor.,2024-02-15T05:05:24.139696+00:00
INC-20240215-001736,Michael Monroe,Fire origin investigation underway.,2024-02-15T05:05:24.139696+00:00
INC-20240215-001736,Jeffrey Campbell,Utilities secured. Gas and electric shutoff confirmed.,2024-02-15T05:05:24.139696+00:00
INC-20250916-001739,Shawn Garrett,Ventilation operations completed on roof.,2025-09-16T15:49:16.139696+00:00
INC-20250916-001739,James Carlson,Initial size-up complete. Fire showing from second floor.,2025-09-16T15:49:16.139696+00:00
INC-20241226-001740,Kristin Thompson,Fire knocked down. Overhaul in progress.,2024-12-26T02:19:54.139696+00:00
INC-20241226-001740,Stephanie Whitehead,Fire knocked down. Overhaul in progress.,2024-12-26T02:19:54.139696+00:00
INC-20241226-001740,Teresa Mullen,Initial size-up complete. Fire showing from second floor.,2024-12-26T02:19:54.139696+00:00
INC-20250827-001742,Misty Mccann,Ventilation operations completed on roof.,2025-08-27T07:10:15.139696+00:00
INC-20250827-001742,Jennifer Reyes,Utilities secured. Gas and electric shutoff confirmed.,2025-08-27T07:10:15.139696+00:00
INC-20250827-001742,Christopher Marquez,Fire knocked down. Overhaul in progress.,2025-08-27T07:10:15.139696+00:00
INC-20250811-001743,Kelly Andersen,Utilities secured. Gas and electric shutoff confirmed.,2025-08-11T03:44:59.139696+00:00
INC-20250811-001743,Adam Lambert,Defensive operations established due to structural instability.,2025-08-11T03:44:59.139696+00:00
INC-20230326-001744,Tracy Frederick,Utilities secured. Gas and electric shutoff confirmed.,2023-03-26T06:05:17.139696+00:00
INC-20230326-001744,Richard Jimenez,Defensive operations established due to structural instability.,2023-03-26T06:05:17.139696+00:00
INC-20250911-001746,Andre Nelson,Initial size-up complete. Fire showing from second floor.,2025-09-11T14:12:06.139696+00:00
INC-20240326-001748,Daniel Roth,Fire knocked down. Overhaul in progress.,2024-03-26T11:06:27.139696+00:00
INC-20240326-001748,Arthur Wilkerson,Initial size-up complete. Fire showing from second floor.,2024-03-26T11:06:27.139696+00:00
INC-20240326-001748,Robert Armstrong,Defensive operations established due to structural instability.,2024-03-26T11:06:27.139696+00:00
INC-20251020-001749,Victoria Dennis,Utilities secured. Gas and electric shutoff confirmed.,2025-10-20T10:44:28.139696+00:00
INC-20251020-001749,Keith Young II,Ventilation operations completed on roof.,2025-10-20T10:44:28.139696+00:00
INC-20251011-001753,Donna Webb,All occupants evacuated. Primary search complete.,2025-10-11T20:34:13.139696+00:00
INC-20251011-001753,Jasmine Nguyen,Thermal imaging scan reveals no hidden hot spots.,2025-10-11T20:34:13.139696+00:00
INC-20250820-001754,Philip Armstrong,Fire knocked down. Overhaul in progress.,2025-08-20T13:28:04.139696+00:00
INC-20250727-001757,Jose Mclean,Initial size-up complete. Fire showing from second floor.,2025-07-27T09:59:33.139696+00:00
INC-20250727-001757,Amanda Gonzalez,Fire knocked down. Overhaul in progress.,2025-07-27T09:59:33.139696+00:00
INC-20250808-001759,Miss Kathleen Price,Thermal imaging scan reveals no hidden hot spots.,2025-08-08T20:38:42.139696+00:00
INC-20250808-001759,Joshua Chan,Ventilation operations completed on roof.,2025-08-08T20:38:42.139696+00:00
INC-20250808-001759,Joshua Ortiz,Initial size-up complete. Fire showing from second floor.,2025-08-08T20:38:42.139696+00:00
INC-20231001-001762,Melissa Benson,All occupants evacuated. Primary search complete.,2023-10-01T17:15:01.139696+00:00
INC-20250804-001769,Lauren Mcintosh,Ventilation operations completed on roof.,2025-08-04T06:40:12.139696+00:00
INC-20250804-001769,Derek Murray,Ventilation operations completed on roof.,2025-08-04T06:40:12.139696+00:00
INC-20250804-001769,Sarah Williams,Defensive operations established due to structural instability.,2025-08-04T06:40:12.139696+00:00
INC-20250817-001770,Jeffrey Butler,Ventilation operations completed on roof.,2025-08-17T11:08:02.139696+00:00
INC-20250727-001772,Victoria Francis,All occupants evacuated. Primary search complete.,2025-07-27T04:03:32.139696+00:00
INC-20250202-001773,Denise Russell,Fire origin investigation underway.,2025-02-02T03:50:43.139696+00:00
INC-20250202-001773,Mary Peterson,Fire origin investigation underway.,2025-02-02T03:50:43.139696+00:00
INC-20250819-001774,Lisa Williams,Fire origin investigation underway.,2025-08-19T16:10:46.139696+00:00
INC-20250819-001774,Desiree Livingston,All occupants evacuated. Primary search complete.,2025-08-19T16:10:46.139696+00:00
INC-20250726-001775,George Shepard,Initial size-up complete. Fire showing from second floor.,2025-07-26T04:24:56.139696+00:00
INC-20250726-001775,Nicole Gonzalez,Fire knocked down. Overhaul in progress.,2025-07-26T04:24:56.139696+00:00
INC-20250726-001775,Angela Gonzalez,Defensive operations established due to structural instability.,2025-07-26T04:24:56.139696+00:00
INC-20230425-001776,Leonard Stanton,Ventilation operations completed on roof.,2023-04-25T05:39:05.139696+00:00
INC-20230425-001776,Christopher Jackson,Initial size-up complete. Fire showing from second floor.,2023-04-25T05:39:05.139696+00:00
INC-20250730-001777,Patrick Reed,All occupants evacuated. Primary search complete.,2025-07-30T06:34:55.139696+00:00
INC-20250730-001777,John Armstrong,Defensive operations established due to structural instability.,2025-07-30T06:34:55.139696+00:00
INC-20250730-001777,Janice Hunter,Thermal imaging scan reveals no hidden hot spots.,2025-07-30T06:34:55.139696+00:00
INC-20250606-001779,Cole Coleman,Initial size-up complete. Fire showing from second floor.,2025-06-06T09:58:45.139696+00:00
INC-20250606-001779,Debra Cummings,Thermal imaging scan reveals no hidden hot spots.,2025-06-06T09:58:45.139696+00:00
INC-20250819-001780,Stacey Reyes,Ventilation operations completed on roof.,2025-08-19T20:50:36.139696+00:00
INC-20241118-001781,Hunter Cummings,All occupants evacuated. Primary search complete.,2024-11-18T18:39:11.139696+00:00
INC-20250813-001786,Judy Sanders,Utilities secured. Gas and electric shutoff confirmed.,2025-08-13T02:19:35.139696+00:00
INC-20250813-001786,Christopher Singleton,Fire origin investigation underway.,2025-08-13T02:19:35.139696+00:00
INC-20250813-001786,Megan Williamson,Defensive operations established due to structural instability.,2025-08-13T02:19:35.139696+00:00
INC-20250828-001787,Richard Glover,All occupants evacuated. Primary search complete.,2025-08-28T09:59:58.139696+00:00
INC-20250828-001787,Eric Mclaughlin,All occupants evacuated. Primary search complete.,2025-08-28T09:59:58.139696+00:00
INC-20250828-001787,Ricky Roberts,Defensive operations established due to structural instability.,2025-08-28T09:59:58.139696+00:00
INC-20241022-001791,Angela Martinez,Fire knocked down. Overhaul in progress.,2024-10-22T19:01:07.139696+00:00
INC-20241022-001791,Larry Clark,Defensive operations established due to structural instability.,2024-10-22T19:01:07.139696+00:00
INC-20250120-001794,Jack Wilson,Defensive operations established due to structural instability.,2025-01-20T09:43:59.139696+00:00
INC-20250120-001794,Erin Hodges,Utilities secured. Gas and electric shutoff confirmed.,2025-01-20T09:43:59.139696+00:00
INC-20250202-001795,Heather Charles,Utilities secured. Gas and electric shutoff confirmed.,2025-02-02T04:53:57.139696+00:00
INC-20250202-001795,Michael King,All occupants evacuated. Primary search complete.,2025-02-02T04:53:57.139696+00:00
INC-20250202-001795,Richard Donovan,Fire knocked down. Overhaul in progress.,2025-02-02T04:53:57.139696+00:00
INC-20250826-001796,Brett Bradley,Fire origin investigation underway.,2025-08-26T14:25:00.139696+00:00
INC-20250826-001796,Carol Garcia,Initial size-up complete. Fire showing from second floor.,2025-08-26T14:25:00.139696+00:00
INC-20250812-001799,David Herrera,Initial size-up complete. Fire showing from second floor.,2025-08-12T20:41:27.139696+00:00
INC-20250929-001802,Krista White,Ventilation operations completed on roof.,2025-09-29T01:25:18.139696+00:00
INC-20250929-001802,John Vasquez,Fire origin investigation underway.,2025-09-29T01:25:18.139696+00:00
INC-20250929-001802,Brian Hall,Fire knocked down. Overhaul in progress.,2025-09-29T01:25:18.139696+00:00
INC-20230302-001803,Elizabeth Thomas,Fire origin investigation underway.,2023-03-02T12:36:19.139696+00:00
INC-20230302-001803,Christina Richardson,All occupants evacuated. Primary search complete.,2023-03-02T12:36:19.139696+00:00
INC-20250901-001805,Stacy Smith,Fire knocked down. Overhaul in progress.,2025-09-01T01:20:50.139696+00:00
INC-20250901-001805,Charles Walters,All occupants evacuated. Primary search complete.,2025-09-01T01:20:50.139696+00:00
INC-20250901-001805,Marilyn Duncan,Initial size-up complete. Fire showing from second floor.,2025-09-01T01:20:50.139696+00:00
INC-20250724-001810,Brenda Sims,Initial size-up complete. Fire showing from second floor.,2025-07-24T17:11:29.139696+00:00
INC-20250724-001810,Mrs. Brittany Gonzalez,Fire knocked down. Overhaul in progress.,2025-07-24T17:11:29.139696+00:00
INC-20250724-001810,Dana Fitzgerald,Fire origin investigation underway.,2025-07-24T17:11:29.139696+00:00
INC-20250929-001811,Brooke Myers,Ventilation operations completed on roof.,2025-09-29T16:07:11.139696+00:00
INC-20250929-001811,Michelle White,Utilities secured. Gas and electric shutoff confirmed.,2025-09-29T16:07:11.139696+00:00
INC-20250929-001811,Janet Brennan,Fire origin investigation underway.,2025-09-29T16:07:11.139696+00:00
INC-20250816-001812,Angela Choi,Thermal imaging scan reveals no hidden hot spots.,2025-08-16T23:45:24.139696+00:00
INC-20250816-001812,Jason Orozco,All occupants evacuated. Primary search complete.,2025-08-16T23:45:24.139696+00:00
INC-20250913-001813,Rebecca Ortiz,Ventilation operations completed on roof.,2025-09-13T08:15:31.139696+00:00
INC-20250913-001813,Leslie Werner,Fire knocked down. Overhaul in progress.,2025-09-13T08:15:31.139696+00:00
INC-20241215-001814,Lindsay Martinez,Utilities secured. Gas and electric shutoff confirmed.,2024-12-15T17:47:33.139696+00:00
INC-20241215-001814,Ian Wiley,Initial size-up complete. Fire showing from second floor.,2024-12-15T17:47:33.139696+00:00
INC-20241215-001814,Kelsey Miller,Ventilation operations completed on roof.,2024-12-15T17:47:33.139696+00:00
INC-20250810-001817,Robert Harmon,Ventilation operations completed on roof.,2025-08-10T10:05:12.139696+00:00
INC-20250810-001817,David Smith,Utilities secured. Gas and electric shutoff confirmed.,2025-08-10T10:05:12.139696+00:00
INC-20250810-001817,Amanda Cuevas,All occupants evacuated. Primary search complete.,2025-08-10T10:05:12.139696+00:00
INC-20251011-001818,Sara Smith,Ventilation operations completed on roof.,2025-10-11T15:21:38.139696+00:00
INC-20251011-001818,Brandon Hayes,Thermal imaging scan reveals no hidden hot spots.,2025-10-11T15:21:38.139696+00:00
INC-20251011-001818,Monica Perez,All occupants evacuated. Primary search complete.,2025-10-11T15:21:38.139696+00:00
INC-20250819-001819,Timothy Hughes,Defensive operations established due to structural instability.,2025-08-19T14:00:56.139696+00:00
INC-20250819-001819,Kristie Adams,All occupants evacuated. Primary search complete.,2025-08-19T14:00:56.139696+00:00
INC-20250916-001820,Peter Jackson,Fire origin investigation underway.,2025-09-16T19:49:02.139696+00:00
INC-20250916-001820,Phyllis Ortiz,Ventilation operations completed on roof.,2025-09-16T19:49:02.139696+00:00
INC-20250916-001820,Vincent Hernandez,Fire origin investigation underway.,2025-09-16T19:49:02.139696+00:00
INC-20251021-001821,Caitlin Butler,Thermal imaging scan reveals no hidden hot spots.,2025-10-21T20:47:34.139696+00:00
INC-20251021-001821,Gregory Vincent,Defensive operations established due to structural instability.,2025-10-21T20:47:34.139696+00:00
INC-20251021-001821,Ashlee Patterson,Fire knocked down. Overhaul in progress.,2025-10-21T20:47:34.139696+00:00
INC-20251002-001822,Travis Ortiz,Fire origin investigation underway.,2025-10-02T18:54:09.139696+00:00
INC-20250807-001824,Jennifer Spencer,All occupants evacuated. Primary search complete.,2025-08-07T17:08:22.139696+00:00
INC-20250807-001824,Tamara Douglas,Ventilation operations completed on roof.,2025-08-07T17:08:22.139696+00:00
INC-20250807-001824,Alexis Snow,Fire origin investigation underway.,2025-08-07T17:08:22.139696+00:00
INC-20241224-001825,Kimberly James,Fire origin investigation underway.,2024-12-24T00:49:07.139696+00:00
INC-20241224-001825,Theodore Perry,Utilities secured. Gas and electric shutoff confirmed.,2024-12-24T00:49:07.139696+00:00
INC-20250218-001826,Joshua Mendez,Ventilation operations completed on roof.,2025-02-18T17:45:48.139696+00:00
INC-20250624-001828,David Huff,Defensive operations established due to structural instability.,2025-06-24T17:50:36.139696+00:00
INC-20250812-001830,April Oliver,Ventilation operations completed on roof.,2025-08-12T12:27:03.139696+00:00
INC-20250812-001830,Michelle Bishop,Fire knocked down. Overhaul in progress.,2025-08-12T12:27:03.139696+00:00
INC-20250812-001830,Madeline Conner,Initial size-up complete. Fire showing from second floor.,2025-08-12T12:27:03.139696+00:00
INC-20250910-001831,Mr. Benjamin Krause,Defensive operations established due to structural instability.,2025-09-10T02:14:24.139696+00:00
INC-20250910-001831,Linda Thomas,Thermal imaging scan reveals no hidden hot spots.,2025-09-10T02:14:24.139696+00:00
INC-20250910-001831,Jesse Herman,Fire origin investigation underway.,2025-09-10T02:14:24.139696+00:00
INC-20250908-001833,John Bradshaw,Fire origin investigation underway.,2025-09-08T17:29:32.139696+00:00
INC-20250908-001833,Jasmine Gardner,Utilities secured. Gas and electric shutoff confirmed.,2025-09-08T17:29:32.139696+00:00
INC-20250908-001833,Cody Wilson,All occupants evacuated. Primary search complete.,2025-09-08T17:29:32.139696+00:00
INC-20250826-001835,Dr. Cassidy Tucker DDS,Thermal imaging scan reveals no hidden hot spots.,2025-08-26T20:34:17.139696+00:00
INC-20250826-001835,Anthony Ortiz,Thermal imaging scan reveals no hidden hot spots.,2025-08-26T20:34:17.139696+00:00
INC-20250224-001836,Casey Carter,Initial size-up complete. Fire showing from second floor.,2025-02-24T10:55:25.139696+00:00
INC-20250523-001838,Tamara Wilson,All occupants evacuated. Primary search complete.,2025-05-23T21:34:48.139696+00:00
INC-20250523-001838,Brenda Shepard,Fire origin investigation underway.,2025-05-23T21:34:48.139696+00:00
INC-20250523-001838,Robert Ford,Ventilation operations completed on roof.,2025-05-23T21:34:48.139696+00:00
INC-20250517-001841,Edward Warren,Defensive operations established due to structural instability.,2025-05-17T11:21:01.139696+00:00
INC-20250517-001841,Rose Thomas,Initial size-up complete. Fire showing from second floor.,2025-05-17T11:21:01.139696+00:00
INC-20250823-001843,Adam Miranda,Fire knocked down. Overhaul in progress.,2025-08-23T15:44:17.139696+00:00
INC-20250823-001843,Jodi Alvarez,Fire knocked down. Overhaul in progress.,2025-08-23T15:44:17.139696+00:00
INC-20250823-001843,Anthony Williams,Utilities secured. Gas and electric shutoff confirmed.,2025-08-23T15:44:17.139696+00:00
INC-20250915-001844,Daniel Hall,Fire knocked down. Overhaul in progress.,2025-09-15T02:50:34.139696+00:00
INC-20250915-001844,Rhonda Shepherd,Fire knocked down. Overhaul in progress.,2025-09-15T02:50:34.139696+00:00
INC-20250815-001846,Micheal Cooper,Ventilation operations completed on roof.,2025-08-15T12:49:44.139696+00:00
INC-20250815-001846,Tiffany Nguyen,All occupants evacuated. Primary search complete.,2025-08-15T12:49:44.139696+00:00
INC-20250815-001846,Jessica Garcia,Fire origin investigation underway.,2025-08-15T12:49:44.139696+00:00
INC-20250905-001847,Michelle Aguirre,All occupants evacuated. Primary search complete.,2025-09-05T19:21:46.139696+00:00
INC-20250905-001847,Alexis Vincent,Thermal imaging scan reveals no hidden hot spots.,2025-09-05T19:21:46.139696+00:00
INC-20250905-001847,Haley Joseph,Fire origin investigation underway.,2025-09-05T19:21:46.139696+00:00
INC-20230613-001848,Kevin Kramer,All occupants evacuated. Primary search complete.,2023-06-13T19:54:33.139696+00:00
INC-20250730-001850,Stephanie Peterson,Fire knocked down. Overhaul in progress.,2025-07-30T15:26:58.139696+00:00
INC-20250730-001850,Walter Gonzalez,Fire knocked down. Overhaul in progress.,2025-07-30T15:26:58.139696+00:00
INC-20250730-001850,Rachel Bean,Fire knocked down. Overhaul in progress.,2025-07-30T15:26:58.139696+00:00
INC-20250822-001852,Courtney Castillo,Defensive operations established due to structural instability.,2025-08-22T16:52:51.139696+00:00
INC-20240614-001853,Mariah Gordon,All occupants evacuated. Primary search complete.,2024-06-14T21:43:54.139696+00:00
INC-20240614-001853,Raymond Murray,Utilities secured. Gas and electric shutoff confirmed.,2024-06-14T21:43:54.139696+00:00
INC-20240614-001853,Michael Rodriguez,Fire origin investigation underway.,2024-06-14T21:43:54.139696+00:00
INC-20221206-001857,Kimberly Beck,Fire knocked down. Overhaul in progress.,2022-12-06T11:44:08.139696+00:00
INC-20221206-001857,Paula Richardson,All occupants evacuated. Primary search complete.,2022-12-06T11:44:08.139696+00:00
INC-20250227-001858,William Boyle,Defensive operations established due to structural instability.,2025-02-27T23:25:20.139696+00:00
INC-20250817-001859,Shelby Kim,Utilities secured. Gas and electric shutoff confirmed.,2025-08-17T16:05:24.139696+00:00
INC-20250817-001859,Mr. Peter Green MD,Thermal imaging scan reveals no hidden hot spots.,2025-08-17T16:05:24.139696+00:00
INC-20250817-001859,Kathryn Fowler,Defensive operations established due to structural instability.,2025-08-17T16:05:24.139696+00:00
INC-20250814-001860,Natasha Gonzalez,Fire knocked down. Overhaul in progress.,2025-08-14T09:32:59.139696+00:00
INC-20250814-001860,Terry Oliver,Ventilation operations completed on roof.,2025-08-14T09:32:59.139696+00:00
INC-20250906-001862,Jesse Johnson,Initial size-up complete. Fire showing from second floor.,2025-09-06T12:20:13.139696+00:00
INC-20250906-001862,Robin Coleman,Initial size-up complete. Fire showing from second floor.,2025-09-06T12:20:13.139696+00:00
INC-20250906-001862,Heather Mora,Defensive operations established due to structural instability.,2025-09-06T12:20:13.139696+00:00
INC-20240421-001863,John Massey,Initial size-up complete. Fire showing from second floor.,2024-04-21T11:52:05.139696+00:00
INC-20240421-001863,David Mcdonald,Ventilation operations completed on roof.,2024-04-21T11:52:05.139696+00:00
INC-20240421-001863,Brandon Beck,Thermal imaging scan reveals no hidden hot spots.,2024-04-21T11:52:05.139696+00:00
INC-20231201-001864,Robert Becker,All occupants evacuated. Primary search complete.,2023-12-01T11:41:28.139696+00:00
INC-20231201-001864,Rebecca Romero,Defensive operations established due to structural instability.,2023-12-01T11:41:28.139696+00:00
INC-20231201-001864,Victoria Bird,Utilities secured. Gas and electric shutoff confirmed.,2023-12-01T11:41:28.139696+00:00
INC-20250620-001866,Sandra Bennett,Initial size-up complete. Fire showing from second floor.,2025-06-20T23:30:10.139696+00:00
INC-20250620-001866,Jay Greer,Ventilation operations completed on roof.,2025-06-20T23:30:10.139696+00:00
INC-20250620-001866,Shannon Booker,Ventilation operations completed on roof.,2025-06-20T23:30:10.139696+00:00
INC-20250801-001867,Lisa Dixon,Thermal imaging scan reveals no hidden hot spots.,2025-08-01T17:35:21.139696+00:00
INC-20251005-001870,Jennifer Hall,Defensive operations established due to structural instability.,2025-10-05T02:27:20.139696+00:00
INC-20251005-001870,Alejandro Long,Defensive operations established due to structural instability.,2025-10-05T02:27:20.139696+00:00
INC-20250908-001871,Edwin Rios,Fire knocked down. Overhaul in progress.,2025-09-08T01:57:20.139696+00:00
INC-20250908-001871,Christopher Cannon,Fire origin investigation underway.,2025-09-08T01:57:20.139696+00:00
INC-20241014-001872,Morgan Hernandez,Fire knocked down. Overhaul in progress.,2024-10-14T11:37:03.139696+00:00
INC-20241014-001872,Travis Myers,All occupants evacuated. Primary search complete.,2024-10-14T11:37:03.139696+00:00
INC-20241014-001872,Zachary Anderson,Defensive operations established due to structural instability.,2024-10-14T11:37:03.139696+00:00
INC-20250816-001873,Daniel Mclean,Fire origin investigation underway.,2025-08-16T04:23:11.139696+00:00
INC-20250810-001874,Bradley Brooks,Thermal imaging scan reveals no hidden hot spots.,2025-08-10T03:46:42.139696+00:00
INC-20250810-001874,Christopher Webster,Fire knocked down. Overhaul in progress.,2025-08-10T03:46:42.139696+00:00
INC-20250810-001874,Michelle Higgins,All occupants evacuated. Primary search complete.,2025-08-10T03:46:42.139696+00:00
INC-20250606-001875,John Lewis,Fire origin investigation underway.,2025-06-06T18:15:03.139696+00:00
INC-20250606-001875,Marvin Schneider,Initial size-up complete. Fire showing from second floor.,2025-06-06T18:15:03.139696+00:00
INC-20250727-001878,Alexander Lee,Initial size-up complete. Fire showing from second floor.,2025-07-27T11:32:25.139696+00:00
INC-20250727-001878,Jill Martinez,Fire origin investigation underway.,2025-07-27T11:32:25.139696+00:00
INC-20250727-001878,Dominique Howe,Fire origin investigation underway.,2025-07-27T11:32:25.139696+00:00
INC-20230308-001881,Kimberly Hernandez,Ventilation operations completed on roof.,2023-03-08T10:33:33.139696+00:00
INC-20230308-001881,Jonathan Macdonald,Fire origin investigation underway.,2023-03-08T10:33:33.139696+00:00
INC-20230308-001881,Lauren Underwood,Initial size-up complete. Fire showing from second floor.,2023-03-08T10:33:33.139696+00:00
INC-20250617-001882,Jared Wall,Fire knocked down. Overhaul in progress.,2025-06-17T05:46:11.139696+00:00
INC-20250617-001882,Katherine Ruiz,Utilities secured. Gas and electric shutoff confirmed.,2025-06-17T05:46:11.139696+00:00
INC-20240809-001890,Patricia Jenkins,Thermal imaging scan reveals no hidden hot spots.,2024-08-09T06:04:38.139696+00:00
INC-20250919-001891,Thomas Stephens,Ventilation operations completed on roof.,2025-09-19T01:52:05.139696+00:00
INC-20250829-001894,Megan Ellis,Fire origin investigation underway.,2025-08-29T02:49:51.139696+00:00
INC-20250829-001894,Patrick Tucker,Fire knocked down. Overhaul in progress.,2025-08-29T02:49:51.139696+00:00
INC-20250829-001895,Brian Taylor,Defensive operations established due to structural instability.,2025-08-29T03:00:47.139696+00:00
INC-20250608-001897,Alicia Chavez,All occupants evacuated. Primary search complete.,2025-06-08T08:35:20.139696+00:00
INC-20251006-001898,Cynthia Gray,Utilities secured. Gas and electric shutoff confirmed.,2025-10-06T14:34:54.139696+00:00
INC-20240724-001899,Joshua Estes,Ventilation operations completed on roof.,2024-07-24T17:24:13.139696+00:00
INC-20240724-001899,Donna Bond,Utilities secured. Gas and electric shutoff confirmed.,2024-07-24T17:24:13.139696+00:00
INC-20250913-001900,Jacob Mata,Initial size-up complete. Fire showing from second floor.,2025-09-13T05:54:17.139696+00:00
INC-20250824-001901,Robert Blanchard,Defensive operations established due to structural instability.,2025-08-24T19:19:38.139696+00:00
INC-20250824-001901,Bradley Greene,Thermal imaging scan reveals no hidden hot spots.,2025-08-24T19:19:38.139696+00:00
INC-20250915-001902,Michelle Kramer,Utilities secured. Gas and electric shutoff confirmed.,2025-09-15T23:42:08.139696+00:00
INC-20250915-001902,Anna Mora,Ventilation operations completed on roof.,2025-09-15T23:42:08.139696+00:00
INC-20250915-001902,Sharon Sanchez,All occupants evacuated. Primary search complete.,2025-09-15T23:42:08.139696+00:00
INC-20240227-001903,Joseph Stephens,All occupants evacuated. Primary search complete.,2024-02-27T11:30:44.139696+00:00
INC-20240309-001909,Brandon Miller,Fire knocked down. Overhaul in progress.,2024-03-09T02:27:30.139696+00:00
INC-20240309-001909,Joe Shaw,Ventilation operations completed on roof.,2024-03-09T02:27:30.139696+00:00
INC-20240529-001913,Mark Adams,Fire origin investigation underway.,2024-05-29T20:18:44.139696+00:00
INC-20250813-001914,Jacob Gomez,Initial size-up complete. Fire showing from second floor.,2025-08-13T10:21:47.139696+00:00
INC-20250813-001914,Christine Myers,All occupants evacuated. Primary search complete.,2025-08-13T10:21:47.139696+00:00
INC-20250901-001915,Ronald Cantu,Fire origin investigation underway.,2025-09-01T03:16:56.139696+00:00
INC-20250901-001915,Jeremy Stevens,Fire origin investigation underway.,2025-09-01T03:16:56.139696+00:00
INC-20250106-001919,Pamela Alexander,Ventilation operations completed on roof.,2025-01-06T13:22:25.139696+00:00
INC-20250106-001919,Jason Sutton,Utilities secured. Gas and electric shutoff confirmed.,2025-01-06T13:22:25.139696+00:00
INC-20250118-001921,Robin Mcdonald,Defensive operations established due to structural instability.,2025-01-18T03:21:10.139696+00:00
INC-20250118-001921,Anna Edwards,Utilities secured. Gas and electric shutoff confirmed.,2025-01-18T03:21:10.139696+00:00
INC-20251005-001923,Michelle Mills,Ventilation operations completed on roof.,2025-10-05T15:19:56.139696+00:00
INC-20250421-001925,Shaun Keith,All occupants evacuated. Primary search complete.,2025-04-21T21:53:57.139696+00:00
INC-20230506-001926,Mark Wheeler,All occupants evacuated. Primary search complete.,2023-05-06T19:42:24.139696+00:00
INC-20230506-001926,Jennifer Olson,All occupants evacuated. Primary search complete.,2023-05-06T19:42:24.139696+00:00
INC-20240207-001931,Monica Buck,Utilities secured. Gas and electric shutoff confirmed.,2024-02-07T17:50:28.139696+00:00
INC-20250119-001932,Stacey Wilson,Thermal imaging scan reveals no hidden hot spots.,2025-01-19T08:45:21.139696+00:00
INC-20250119-001932,Stephanie Murray,All occupants evacuated. Primary search complete.,2025-01-19T08:45:21.139696+00:00
INC-20250119-001932,Brittney Weaver,All occupants evacuated. Primary search complete.,2025-01-19T08:45:21.139696+00:00
INC-20250326-001935,Lisa Thomas,All occupants evacuated. Primary search complete.,2025-03-26T11:55:47.139696+00:00
INC-20250326-001935,Sonya Graves,Ventilation operations completed on roof.,2025-03-26T11:55:47.139696+00:00
INC-20251015-001936,Lauren Gentry,All occupants evacuated. Primary search complete.,2025-10-15T09:54:06.139696+00:00
INC-20251008-001937,Jessica Bonilla,Utilities secured. Gas and electric shutoff confirmed.,2025-10-08T23:29:03.139696+00:00
INC-20230717-001940,Susan Miller MD,Thermal imaging scan reveals no hidden hot spots.,2023-07-17T12:13:58.139696+00:00
INC-20250731-001942,Raymond Martinez,Initial size-up complete. Fire showing from second floor.,2025-07-31T20:33:58.139696+00:00
INC-20250731-001942,Lee Patel,Initial size-up complete. Fire showing from second floor.,2025-07-31T20:33:58.139696+00:00
INC-20250731-001942,Jesse Miller,Thermal imaging scan reveals no hidden hot spots.,2025-07-31T20:33:58.139696+00:00
INC-20231127-001943,Steven Camacho,Ventilation operations completed on roof.,2023-11-27T15:24:23.139696+00:00
INC-20251010-001944,William Bell,Defensive operations established due to structural instability.,2025-10-10T03:47:34.139696+00:00
INC-20241210-001945,Michelle Villegas,Ventilation operations completed on roof.,2024-12-10T06:01:01.139696+00:00
INC-20241210-001945,Carmen Shields,All occupants evacuated. Primary search complete.,2024-12-10T06:01:01.139696+00:00
INC-20230613-001946,Danielle Smith,All occupants evacuated. Primary search complete.,2023-06-13T05:29:47.139696+00:00
INC-20230613-001946,Kimberly Rivera,Utilities secured. Gas and electric shutoff confirmed.,2023-06-13T05:29:47.139696+00:00
INC-20241123-001948,Mark Duncan,Defensive operations established due to structural instability.,2024-11-23T21:19:37.139696+00:00
INC-20250823-001949,Chelsey Howell,All occupants evacuated. Primary search complete.,2025-08-23T09:45:41.139696+00:00
INC-20250823-001949,Nancy Bell,Defensive operations established due to structural instability.,2025-08-23T09:45:41.139696+00:00
INC-20250823-001949,Victor Wells,All occupants evacuated. Primary search complete.,2025-08-23T09:45:41.139696+00:00
INC-20250714-001950,Jennifer Miranda,Defensive operations established due to structural instability.,2025-07-14T11:56:58.139696+00:00
INC-20250714-001950,Anthony Nichols,Fire origin investigation underway.,2025-07-14T11:56:58.139696+00:00
INC-20250903-001952,Mckenzie Collins,Ventilation operations completed on roof.,2025-09-03T13:09:52.139696+00:00
INC-20250903-001952,Shannon Campbell,Initial size-up complete. Fire showing from second floor.,2025-09-03T13:09:52.139696+00:00
INC-20250903-001952,Crystal Jackson,Defensive operations established due to structural instability.,2025-09-03T13:09:52.139696+00:00
INC-20250429-001953,Amanda Cantrell,Ventilation operations completed on roof.,2025-04-29T00:43:31.139696+00:00
INC-20250429-001953,Eric Maxwell,Thermal imaging scan reveals no hidden hot spots.,2025-04-29T00:43:31.139696+00:00
INC-20250903-001956,Antonio Miller,Thermal imaging scan reveals no hidden hot spots.,2025-09-03T15:05:07.139696+00:00
INC-20250903-001956,Shawn Wilson,Utilities secured. Gas and electric shutoff confirmed.,2025-09-03T15:05:07.139696+00:00
INC-20250907-001958,Sara Levy,Utilities secured. Gas and electric shutoff confirmed.,2025-09-07T13:21:18.139696+00:00
INC-20250907-001958,Gregory Evans,Initial size-up complete. Fire showing from second floor.,2025-09-07T13:21:18.139696+00:00
INC-20250906-001959,Mary Lucero,Initial size-up complete. Fire showing from second floor.,2025-09-06T18:09:50.139696+00:00
INC-20250928-001960,Philip Gordon,Defensive operations established due to structural instability.,2025-09-28T08:18:11.139696+00:00
INC-20250928-001960,April Hayes,All occupants evacuated. Primary search complete.,2025-09-28T08:18:11.139696+00:00
INC-20250928-001960,Patrick Jordan,Thermal imaging scan reveals no hidden hot spots.,2025-09-28T08:18:11.139696+00:00
INC-20240714-001964,Steven Weaver,Fire origin investigation underway.,2024-07-14T17:34:04.139696+00:00
INC-20250926-001966,Louis Vance,Fire origin investigation underway.,2025-09-26T02:28:35.139696+00:00
INC-20250926-001966,Jordan Garcia,Thermal imaging scan reveals no hidden hot spots.,2025-09-26T02:28:35.139696+00:00
INC-20250926-001966,Joshua Jones,Defensive operations established due to structural instability.,2025-09-26T02:28:35.139696+00:00
INC-20250816-001967,Nicholas Gonzalez,Thermal imaging scan reveals no hidden hot spots.,2025-08-16T08:29:07.139696+00:00
INC-20250816-001967,John Mcdonald,All occupants evacuated. Primary search complete.,2025-08-16T08:29:07.139696+00:00
INC-20250816-001967,Antonio Schroeder,All occupants evacuated. Primary search complete.,2025-08-16T08:29:07.139696+00:00
INC-20250805-001968,Joseph Garcia,Fire origin investigation underway.,2025-08-05T20:18:15.139696+00:00
INC-20250805-001968,Raymond Benson,Fire knocked down. Overhaul in progress.,2025-08-05T20:18:15.139696+00:00
INC-20250805-001968,Marcia Martinez,Fire origin investigation underway.,2025-08-05T20:18:15.139696+00:00
INC-20250910-001971,Amanda Cabrera,Fire knocked down. Overhaul in progress.,2025-09-10T16:33:37.139696+00:00
INC-20250726-001974,Michael Cole,Defensive operations established due to structural instability.,2025-07-26T00:52:02.139696+00:00
INC-20250726-001974,Dawn Dyer,Ventilation operations completed on roof.,2025-07-26T00:52:02.139696+00:00
INC-20250726-001974,Justin Maldonado,Utilities secured. Gas and electric shutoff confirmed.,2025-07-26T00:52:02.139696+00:00
INC-20240202-001976,Ruben Rosales,Initial size-up complete. Fire showing from second floor.,2024-02-02T08:40:08.139696+00:00
INC-20240202-001976,Cheryl Perry,Ventilation operations completed on roof.,2024-02-02T08:40:08.139696+00:00
INC-20250916-001977,Krystal Bryant,All occupants evacuated. Primary search complete.,2025-09-16T09:54:46.139696+00:00
INC-20250916-001977,Victoria Barnes,All occupants evacuated. Primary search complete.,2025-09-16T09:54:46.139696+00:00
INC-20250916-001977,Katrina Rivers,Fire knocked down. Overhaul in progress.,2025-09-16T09:54:46.139696+00:00
INC-20230410-001978,Michael Henry MD,Defensive operations established due to structural instability.,2023-04-10T01:24:07.139696+00:00
INC-20230410-001978,Richard Sweeney,All occupants evacuated. Primary search complete.,2023-04-10T01:24:07.139696+00:00
INC-20230410-001978,Mary Werner,Defensive operations established due to structural instability.,2023-04-10T01:24:07.139696+00:00
INC-20251019-001980,James Barnes,All occupants evacuated. Primary search complete.,2025-10-19T18:23:18.139696+00:00
INC-20251019-001980,Robert Lopez,Utilities secured. Gas and electric shutoff confirmed.,2025-10-19T18:23:18.139696+00:00
INC-20251019-001980,Amanda Miller,Utilities secured. Gas and electric shutoff confirmed.,2025-10-19T18:23:18.139696+00:00
INC-20250730-001981,Marvin Archer,Defensive operations established due to structural instability.,2025-07-30T18:44:53.139696+00:00
INC-20250730-001981,Brendan White,Initial size-up complete. Fire showing from second floor.,2025-07-30T18:44:53.139696+00:00
INC-20250730-001981,Karen Davidson DDS,Thermal imaging scan reveals no hidden hot spots.,2025-07-30T18:44:53.139696+00:00
INC-20250724-001982,Gary Cook,Initial size-up complete. Fire showing from second floor.,2025-07-24T05:46:59.139696+00:00
INC-20250724-001982,Brittney Cisneros,Fire origin investigation underway.,2025-07-24T05:46:59.139696+00:00
INC-20230429-001983,Caitlin Williams,Thermal imaging scan reveals no hidden hot spots.,2023-04-29T18:16:22.139696+00:00
INC-20230429-001983,Angela Gross,All occupants evacuated. Primary search complete.,2023-04-29T18:16:22.139696+00:00
INC-20230429-001983,Melissa Robertson,Defensive operations established due to structural instability.,2023-04-29T18:16:22.139696+00:00
INC-20250802-001984,Pamela Aguilar,All occupants evacuated. Primary search complete.,2025-08-02T11:24:04.139696+00:00
INC-20250802-001984,Melissa Ferguson,All occupants evacuated. Primary search complete.,2025-08-02T11:24:04.139696+00:00
INC-20250802-001984,Richard Bradford,Ventilation operations completed on roof.,2025-08-02T11:24:04.139696+00:00
INC-20250916-001985,Laura Barber,Fire origin investigation underway.,2025-09-16T08:12:27.139696+00:00
INC-20250916-001985,Judith White,Fire origin investigation underway.,2025-09-16T08:12:27.139696+00:00
INC-20250717-001988,William Gonzales,Thermal imaging scan reveals no hidden hot spots.,2025-07-17T22:14:28.139696+00:00
INC-20250801-001989,Kimberly Bryant,Thermal imaging scan reveals no hidden hot spots.,2025-08-02T00:03:07.139696+00:00
INC-20250801-001989,Rachel Vaughn,All occupants evacuated. Primary search complete.,2025-08-02T00:03:07.139696+00:00
INC-20240526-001990,Scott Whitehead,Utilities secured. Gas and electric shutoff confirmed.,2024-05-26T10:42:54.139696+00:00
INC-20240526-001990,Catherine Brown,Ventilation operations completed on roof.,2024-05-26T10:42:54.139696+00:00
INC-20240526-001990,Paul Ponce MD,Initial size-up complete. Fire showing from second floor.,2024-05-26T10:42:54.139696+00:00
INC-20230715-001991,Kaitlyn Phillips,Defensive operations established due to structural instability.,2023-07-15T09:16:47.139696+00:00
INC-20230715-001991,Tammy Miller,Fire knocked down. Overhaul in progress.,2023-07-15T09:16:47.139696+00:00
INC-20241206-001993,Austin Norton,Initial size-up complete. Fire showing from second floor.,2024-12-06T22:46:00.139696+00:00
INC-20250810-001995,Sean Smith,Defensive operations established due to structural instability.,2025-08-10T16:09:10.139696+00:00
INC-20250810-001995,Nancy Wallace,Defensive operations established due to structural instability.,2025-08-10T16:09:10.139696+00:00
INC-20231103-001997,Stephen Mcclain,Thermal imaging scan reveals no hidden hot spots.,2023-11-03T13:37:46.139696+00:00
INC-20231103-001997,Kayla Galloway,Defensive operations established due to structural instability.,2023-11-03T13:37:46.139696+00:00
INC-20251014-002000,Kathryn Hernandez,Fire origin investigation underway.,2025-10-14T20:57:26.139696+00:00
INC-20250414-002002,Joanna Wood,Ventilation operations completed on roof.,2025-04-14T13:30:41.139696+00:00
INC-20250926-002004,Robert Mcconnell,Thermal imaging scan reveals no hidden hot spots.,2025-09-26T19:14:23.139696+00:00
INC-20250826-002005,William Moreno,Ventilation operations completed on roof.,2025-08-26T07:34:03.139696+00:00
INC-20250826-002005,William Freeman DDS,All occupants evacuated. Primary search complete.,2025-08-26T07:34:03.139696+00:00
INC-20230927-002006,Sheri Henry,Fire origin investigation underway.,2023-09-27T12:28:45.139696+00:00
INC-20250121-002008,Timothy Thomas,Defensive operations established due to structural instability.,2025-01-21T17:24:42.139696+00:00
INC-20250121-002008,William Williams,All occupants evacuated. Primary search complete.,2025-01-21T17:24:42.139696+00:00
INC-20250826-002010,Samantha Wallace,All occupants evacuated. Primary search complete.,2025-08-26T12:38:03.139696+00:00
INC-20250810-002011,Deborah Lane,Utilities secured. Gas and electric shutoff confirmed.,2025-08-10T22:05:25.139696+00:00
INC-20250810-002011,Deanna Ramirez,All occupants evacuated. Primary search complete.,2025-08-10T22:05:25.139696+00:00
INC-20250810-002011,Kimberly Duffy DDS,Ventilation operations completed on roof.,2025-08-10T22:05:25.139696+00:00
INC-20250529-002013,Ronald Yates,Defensive operations established due to structural instability.,2025-05-29T12:12:50.139696+00:00
INC-20250529-002013,Ryan Harris,Fire knocked down. Overhaul in progress.,2025-05-29T12:12:50.139696+00:00
INC-20250529-002013,Crystal Rodriguez,Utilities secured. Gas and electric shutoff confirmed.,2025-05-29T12:12:50.139696+00:00
INC-20250920-002014,John Vega DDS,Fire knocked down. Overhaul in progress.,2025-09-20T08:20:58.139696+00:00
INC-20250920-002014,John Nguyen,Utilities secured. Gas and electric shutoff confirmed.,2025-09-20T08:20:58.139696+00:00
INC-20250920-002014,James Meyer,All occupants evacuated. Primary search complete.,2025-09-20T08:20:58.139696+00:00
INC-20250728-002016,Kevin Gutierrez,Defensive operations established due to structural instability.,2025-07-28T16:46:51.139696+00:00
INC-20250714-002019,Jonathan Chavez,Ventilation operations completed on roof.,2025-07-14T10:33:02.139696+00:00
INC-20250714-002019,Ashley Cruz,Defensive operations established due to structural instability.,2025-07-14T10:33:02.139696+00:00
INC-20250105-002020,Joyce Wade,Ventilation operations completed on roof.,2025-01-05T19:51:20.139696+00:00
INC-20250702-002021,Ronald Hall MD,Utilities secured. Gas and electric shutoff confirmed.,2025-07-02T10:20:46.139696+00:00
INC-20251009-002022,Linda Galloway,All occupants evacuated. Primary search complete.,2025-10-09T16:38:06.139696+00:00
INC-20250925-002023,Erika Kennedy,All occupants evacuated. Primary search complete.,2025-09-25T04:09:30.139696+00:00
INC-20250925-002023,Kristina Sanders,Fire origin investigation underway.,2025-09-25T04:09:30.139696+00:00
INC-20250925-002023,Sarah Kelly DDS,Utilities secured. Gas and electric shutoff confirmed.,2025-09-25T04:09:30.139696+00:00
INC-20251005-002024,Jasmine Murphy,Initial size-up complete. Fire showing from second floor.,2025-10-05T22:24:22.139696+00:00
INC-20250928-002025,Michael Williams,Utilities secured. Gas and electric shutoff confirmed.,2025-09-28T09:54:58.139696+00:00
INC-20250928-002025,Alexander Calhoun,Fire knocked down. Overhaul in progress.,2025-09-28T09:54:58.139696+00:00
INC-20250727-002026,Ashley Yang,Ventilation operations completed on roof.,2025-07-27T05:01:45.139696+00:00
INC-20250924-002029,Darlene White,Initial size-up complete. Fire showing from second floor.,2025-09-24T18:51:52.139696+00:00
INC-20231103-002030,Barbara Smith,Defensive operations established due to structural instability.,2023-11-03T09:47:10.139696+00:00
INC-20231103-002030,Casey Harris,Initial size-up complete. Fire showing from second floor.,2023-11-03T09:47:10.139696+00:00
INC-20240812-002031,Darrell Wilson,Utilities secured. Gas and electric shutoff confirmed.,2024-08-12T10:13:40.139696+00:00
INC-20240812-002031,Laura Moore,Utilities secured. Gas and electric shutoff confirmed.,2024-08-12T10:13:40.139696+00:00
INC-20250910-002033,Zachary Ortiz,Fire origin investigation underway.,2025-09-10T23:13:11.139696+00:00
INC-20240625-002034,Jessica Barnes,Fire knocked down. Overhaul in progress.,2024-06-26T00:17:49.139696+00:00
INC-20240625-002034,Michelle Davila,Thermal imaging scan reveals no hidden hot spots.,2024-06-26T00:17:49.139696+00:00
INC-20240625-002034,Brandi Larsen,Utilities secured. Gas and electric shutoff confirmed.,2024-06-26T00:17:49.139696+00:00
INC-20241110-002037,Linda Williams,Fire origin investigation underway.,2024-11-10T01:51:17.139696+00:00
INC-20241110-002037,Brandi Daugherty,Thermal imaging scan reveals no hidden hot spots.,2024-11-10T01:51:17.139696+00:00
INC-20250922-002039,Emily Knapp,Defensive operations established due to structural instability.,2025-09-22T14:09:22.139696+00:00
INC-20250123-002040,David Thompson,Fire knocked down. Overhaul in progress.,2025-01-23T03:22:55.139696+00:00
INC-20250123-002040,Elizabeth Campbell,Utilities secured. Gas and electric shutoff confirmed.,2025-01-23T03:22:55.139696+00:00
INC-20250123-002040,Ashley Jones,Ventilation operations completed on roof.,2025-01-23T03:22:55.139696+00:00
INC-20250928-002043,Christopher Hancock,Defensive operations established due to structural instability.,2025-09-28T08:52:22.139696+00:00
INC-20250928-002043,Michelle Munoz,Utilities secured. Gas and electric shutoff confirmed.,2025-09-28T08:52:22.139696+00:00
INC-20251006-002044,Nancy Davis,All occupants evacuated. Primary search complete.,2025-10-06T06:01:11.139696+00:00
INC-20251006-002044,Daniel Malone,Defensive operations established due to structural instability.,2025-10-06T06:01:11.139696+00:00
INC-20251002-002046,John James,Fire knocked down. Overhaul in progress.,2025-10-02T02:19:06.139696+00:00
INC-20241229-002048,Michael Martinez,Ventilation operations completed on roof.,2024-12-29T11:13:37.139696+00:00
INC-20241229-002048,Hannah Stuart,Fire origin investigation underway.,2024-12-29T11:13:37.139696+00:00
INC-20250930-002050,Yvonne Calhoun,Fire origin investigation underway.,2025-09-30T09:38:52.139696+00:00
INC-20250930-002050,Brittany Allen,Fire knocked down. Overhaul in progress.,2025-09-30T09:38:52.139696+00:00
INC-20250930-002050,John Johnson,Utilities secured. Gas and electric shutoff confirmed.,2025-09-30T09:38:52.139696+00:00
INC-20251008-002051,Justin Williams,Ventilation operations completed on roof.,2025-10-08T14:35:30.139696+00:00
INC-20251008-002051,Christopher Green,All occupants evacuated. Primary search complete.,2025-10-08T14:35:30.139696+00:00
INC-20250902-002052,Mr. Preston Conway,Fire origin investigation underway.,2025-09-02T18:23:35.139696+00:00
INC-20250902-002052,David Brady,Defensive operations established due to structural instability.,2025-09-02T18:23:35.139696+00:00
INC-20250417-002053,Matthew Shannon,Thermal imaging scan reveals no hidden hot spots.,2025-04-17T02:15:29.139696+00:00
INC-20250909-002056,Jeff Hayes,Fire knocked down. Overhaul in progress.,2025-09-09T14:01:12.139696+00:00
INC-20250909-002056,Wanda Day,Initial size-up complete. Fire showing from second floor.,2025-09-09T14:01:12.139696+00:00
INC-20241102-002057,Darrell Williams,Thermal imaging scan reveals no hidden hot spots.,2024-11-02T07:59:07.139696+00:00
INC-20241102-002057,William Andrews,Thermal imaging scan reveals no hidden hot spots.,2024-11-02T07:59:07.139696+00:00
INC-20241102-002057,Jessica Mccoy,Ventilation operations completed on roof.,2024-11-02T07:59:07.139696+00:00
INC-20250925-002058,Sandra Whitney,All occupants evacuated. Primary search complete.,2025-09-25T12:14:31.139696+00:00
INC-20250925-002058,Robert Thompson,All occupants evacuated. Primary search complete.,2025-09-25T12:14:31.139696+00:00
INC-20250925-002058,Vanessa Gonzalez,Utilities secured. Gas and electric shutoff confirmed.,2025-09-25T12:14:31.139696+00:00
INC-20230408-002063,Megan Bowen,All occupants evacuated. Primary search complete.,2023-04-08T18:28:42.139696+00:00
INC-20250317-002067,Caitlin Perez,Fire knocked down. Overhaul in progress.,2025-03-17T10:16:03.139696+00:00
INC-20250506-002068,Mark Steele,Fire knocked down. Overhaul in progress.,2025-05-06T15:04:21.139696+00:00
INC-20250506-002068,Shawn Henry,Initial size-up complete. Fire showing from second floor.,2025-05-06T15:04:21.139696+00:00
INC-20250110-002069,Anthony Macdonald,All occupants evacuated. Primary search complete.,2025-01-10T04:08:25.139696+00:00
INC-20250401-002070,Susan Mosley,Fire origin investigation underway.,2025-04-01T09:26:58.139696+00:00
INC-20250401-002070,Andrea Kim,Defensive operations established due to structural instability.,2025-04-01T09:26:58.139696+00:00
INC-20251016-002071,Phillip Brandt,Ventilation operations completed on roof.,2025-10-16T20:23:08.139696+00:00
INC-20251016-002071,Elizabeth Perez,Fire origin investigation underway.,2025-10-16T20:23:08.139696+00:00
INC-20250903-002074,Dana Morgan,Defensive operations established due to structural instability.,2025-09-03T18:18:31.139696+00:00
INC-20250903-002074,Rachel Camacho,Utilities secured. Gas and electric shutoff confirmed.,2025-09-03T18:18:31.139696+00:00
INC-20250903-002074,Donna Holloway,Fire knocked down. Overhaul in progress.,2025-09-03T18:18:31.139696+00:00
INC-20250705-002075,William Meyer,All occupants evacuated. Primary search complete.,2025-07-05T05:37:14.139696+00:00
INC-20250705-002075,Karen Norman,Utilities secured. Gas and electric shutoff confirmed.,2025-07-05T05:37:14.139696+00:00
INC-20250705-002075,Kevin Andersen,Fire origin investigation underway.,2025-07-05T05:37:14.139696+00:00
INC-20251008-002076,Cynthia Johnson,Fire knocked down. Overhaul in progress.,2025-10-08T05:00:09.139696+00:00
INC-20251008-002076,Jessica Horn,Defensive operations established due to structural instability.,2025-10-08T05:00:09.139696+00:00
INC-20251008-002076,Alexis Mendoza,Thermal imaging scan reveals no hidden hot spots.,2025-10-08T05:00:09.139696+00:00
INC-20241208-002078,Casey White,Fire knocked down. Overhaul in progress.,2024-12-08T17:22:42.139696+00:00
INC-20241208-002078,Daniel Kelly,Defensive operations established due to structural instability.,2024-12-08T17:22:42.139696+00:00
INC-20241208-002078,Jon Black,Utilities secured. Gas and electric shutoff confirmed.,2024-12-08T17:22:42.139696+00:00
INC-20250920-002079,Heather Robinson,Fire origin investigation underway.,2025-09-20T09:19:15.139696+00:00
INC-20240804-002080,Brittany Robinson,Ventilation operations completed on roof.,2024-08-04T05:44:12.139696+00:00
INC-20240804-002080,Jennifer Hall,Defensive operations established due to structural instability.,2024-08-04T05:44:12.139696+00:00
INC-20240804-002080,Tiffany Johnson,Thermal imaging scan reveals no hidden hot spots.,2024-08-04T05:44:12.139696+00:00
INC-20250728-002081,Kevin Henson,Defensive operations established due to structural instability.,2025-07-28T14:03:40.139696+00:00
INC-20250728-002081,Ronald Chandler,All occupants evacuated. Primary search complete.,2025-07-28T14:03:40.139696+00:00
INC-20250728-002081,Tiffany Boone,Utilities secured. Gas and electric shutoff confirmed.,2025-07-28T14:03:40.139696+00:00
INC-20250821-002083,Joanna Avery,Thermal imaging scan reveals no hidden hot spots.,2025-08-21T22:05:51.139696+00:00
INC-20251004-002084,Mrs. Danielle Brewer MD,All occupants evacuated. Primary search complete.,2025-10-04T18:22:09.139696+00:00
INC-20250925-002085,Beth Becker,Defensive operations established due to structural instability.,2025-09-25T23:19:01.139696+00:00
INC-20250925-002085,Elizabeth Hines,Thermal imaging scan reveals no hidden hot spots.,2025-09-25T23:19:01.139696+00:00
INC-20250925-002085,Andrew Carr,All occupants evacuated. Primary search complete.,2025-09-25T23:19:01.139696+00:00
INC-20250729-002086,James Haynes,Ventilation operations completed on roof.,2025-07-29T11:25:36.139696+00:00
INC-20250729-002086,Julie Ford,Fire origin investigation underway.,2025-07-29T11:25:36.139696+00:00
INC-20250729-002086,Thomas Hines,Ventilation operations completed on roof.,2025-07-29T11:25:36.139696+00:00
INC-20250924-002089,Bethany Mitchell,Utilities secured. Gas and electric shutoff confirmed.,2025-09-24T08:44:33.139696+00:00
INC-20250809-002092,Brian Johnson,Defensive operations established due to structural instability.,2025-08-09T11:12:28.139696+00:00
INC-20251017-002093,Frank Cole,Defensive operations established due to structural instability.,2025-10-17T10:47:17.139696+00:00
INC-20251017-002093,Nathan Williams,Ventilation operations completed on roof.,2025-10-17T10:47:17.139696+00:00
INC-20251017-002093,Mark Lee,Ventilation operations completed on roof.,2025-10-17T10:47:17.139696+00:00
INC-20250727-002096,Clayton Walker,Ventilation operations completed on roof.,2025-07-27T02:10:12.139696+00:00
INC-20250723-002098,David Thompson,Initial size-up complete. Fire showing from second floor.,2025-07-23T22:58:05.139696+00:00
INC-20250226-002100,Mackenzie Reyes,All occupants evacuated. Primary search complete.,2025-02-26T14:13:07.139696+00:00
INC-20251002-002103,Alec Miller,Ventilation operations completed on roof.,2025-10-02T22:31:36.139696+00:00
INC-20250909-002104,Greg Hill,Utilities secured. Gas and electric shutoff confirmed.,2025-09-09T20:56:47.139696+00:00
INC-20250831-002105,Tracy Harrington,Utilities secured. Gas and electric shutoff confirmed.,2025-08-31T10:22:15.139696+00:00
INC-20250831-002105,Michael Davis,Thermal imaging scan reveals no hidden hot spots.,2025-08-31T10:22:15.139696+00:00
INC-20250831-002105,Richard Hughes,Fire origin investigation underway.,2025-08-31T10:22:15.139696+00:00
INC-20221222-002108,Matthew Diaz,Defensive operations established due to structural instability.,2022-12-22T23:01:01.139696+00:00
INC-20221222-002108,Rhonda Jones,Utilities secured. Gas and electric shutoff confirmed.,2022-12-22T23:01:01.139696+00:00
INC-20221222-002108,Theresa Roberts,Defensive operations established due to structural instability.,2022-12-22T23:01:01.139696+00:00
INC-20251010-002111,Edward Marshall,Initial size-up complete. Fire showing from second floor.,2025-10-10T08:38:20.139696+00:00
INC-20251010-002111,Amber Smith,Fire knocked down. Overhaul in progress.,2025-10-10T08:38:20.139696+00:00
INC-20251016-002114,Virginia Lane,Fire knocked down. Overhaul in progress.,2025-10-16T04:27:19.139696+00:00
INC-20231103-002115,Samuel Montoya,All occupants evacuated. Primary search complete.,2023-11-03T21:15:35.139696+00:00
INC-20231103-002115,Cody Blair,Utilities secured. Gas and electric shutoff confirmed.,2023-11-03T21:15:35.139696+00:00
INC-20231103-002115,Mary Baker,Defensive operations established due to structural instability.,2023-11-03T21:15:35.139696+00:00
INC-20250127-002120,Scott Hudson,Ventilation operations completed on roof.,2025-01-27T08:35:54.139696+00:00
INC-20250906-002121,John Grant,Initial size-up complete. Fire showing from second floor.,2025-09-06T17:55:46.139696+00:00
INC-20250626-002122,Nathaniel Roberts,All occupants evacuated. Primary search complete.,2025-06-26T20:19:34.139696+00:00
INC-20250626-002122,Diana Mason,Initial size-up complete. Fire showing from second floor.,2025-06-26T20:19:34.139696+00:00
INC-20250626-002122,Laura Carson,Defensive operations established due to structural instability.,2025-06-26T20:19:34.139696+00:00
INC-20230115-002123,Lisa Harper,Ventilation operations completed on roof.,2023-01-15T18:37:23.139696+00:00
INC-20251001-002127,Heather Mendez,Thermal imaging scan reveals no hidden hot spots.,2025-10-01T01:32:03.139696+00:00
INC-20251001-002127,Isabella Rowe,Fire knocked down. Overhaul in progress.,2025-10-01T01:32:03.139696+00:00
INC-20251001-002127,Andrea Neal,Fire knocked down. Overhaul in progress.,2025-10-01T01:32:03.139696+00:00
INC-20250912-002128,Joshua Sanders,Fire origin investigation underway.,2025-09-12T00:31:50.139696+00:00
INC-20250912-002128,Debra Serrano,Initial size-up complete. Fire showing from second floor.,2025-09-12T00:31:50.139696+00:00
INC-20250913-002130,Courtney Gonzalez,Fire origin investigation underway.,2025-09-13T04:54:18.139696+00:00
INC-20250913-002130,Bruce Pratt,Thermal imaging scan reveals no hidden hot spots.,2025-09-13T04:54:18.139696+00:00
INC-20250916-002132,Cynthia Simmons,Utilities secured. Gas and electric shutoff confirmed.,2025-09-16T22:11:44.139696+00:00
INC-20250916-002132,Susan Garrison,All occupants evacuated. Primary search complete.,2025-09-16T22:11:44.139696+00:00
INC-20250916-002132,Charles Snow,Ventilation operations completed on roof.,2025-09-16T22:11:44.139696+00:00
INC-20241222-002136,Lisa Johnson,Thermal imaging scan reveals no hidden hot spots.,2024-12-22T05:05:57.139696+00:00
INC-20241208-002139,Jamie Ruiz,Ventilation operations completed on roof.,2024-12-08T04:51:04.139696+00:00
INC-20241208-002139,Jose Payne,Ventilation operations completed on roof.,2024-12-08T04:51:04.139696+00:00
INC-20251022-002140,Mark Craig,All occupants evacuated. Primary search complete.,2025-10-22T11:13:55.139696+00:00
INC-20251022-002140,Eric Durham,All occupants evacuated. Primary search complete.,2025-10-22T11:13:55.139696+00:00
INC-20251022-002140,Rita Spears,Defensive operations established due to structural instability.,2025-10-22T11:13:55.139696+00:00
INC-20250901-002141,Nicholas Taylor,Initial size-up complete. Fire showing from second floor.,2025-09-01T06:45:13.139696+00:00
INC-20250901-002141,Colleen Vincent,All occupants evacuated. Primary search complete.,2025-09-01T06:45:13.139696+00:00
INC-20250829-002143,Erica Chandler,Fire origin investigation underway.,2025-08-29T17:03:33.139696+00:00
INC-20250829-002143,Summer Mahoney,Thermal imaging scan reveals no hidden hot spots.,2025-08-29T17:03:33.139696+00:00
INC-20250829-002143,Sheena Lane,Fire knocked down. Overhaul in progress.,2025-08-29T17:03:33.139696+00:00
INC-20250727-002144,Rebecca Lopez,Defensive operations established due to structural instability.,2025-07-27T18:34:26.139696+00:00
INC-20250727-002144,Jacqueline Greer,Fire knocked down. Overhaul in progress.,2025-07-27T18:34:26.139696+00:00
INC-20250816-002146,Cody Palmer,Utilities secured. Gas and electric shutoff confirmed.,2025-08-16T02:43:52.139696+00:00
INC-20250816-002146,Nicholas Griffin,Defensive operations established due to structural instability.,2025-08-16T02:43:52.139696+00:00
INC-20250819-002149,Robert Castillo,Ventilation operations completed on roof.,2025-08-19T03:49:56.139696+00:00
INC-20250819-002149,Patrick Robinson,Initial size-up complete. Fire showing from second floor.,2025-08-19T03:49:56.139696+00:00
INC-20250407-002150,Ronald Mcgee,Fire knocked down. Overhaul in progress.,2025-04-08T00:26:54.139696+00:00
INC-20250407-002150,Molly Williams,Fire origin investigation underway.,2025-04-08T00:26:54.139696+00:00
INC-20250407-002150,Denise Barr,All occupants evacuated. Primary search complete.,2025-04-08T00:26:54.139696+00:00
INC-20250916-002152,Wendy Adams,Initial size-up complete. Fire showing from second floor.,2025-09-16T01:15:05.139696+00:00
INC-20251009-002153,Kristi Smith,Thermal imaging scan reveals no hidden hot spots.,2025-10-09T07:28:10.139696+00:00
INC-20251009-002153,Billy Wright,Initial size-up complete. Fire showing from second floor.,2025-10-09T07:28:10.139696+00:00
INC-20250901-002156,Cheryl Pittman,Defensive operations established due to structural instability.,2025-09-01T09:46:33.139696+00:00
INC-20250901-002156,David Mitchell,Defensive operations established due to structural instability.,2025-09-01T09:46:33.139696+00:00
INC-20251005-002157,Rachel Terrell,Utilities secured. Gas and electric shutoff confirmed.,2025-10-05T18:02:45.139696+00:00
INC-20250712-002162,Brandon Brown,Initial size-up complete. Fire showing from second floor.,2025-07-12T14:21:48.139696+00:00
INC-20240629-002163,Gary Smith,All occupants evacuated. Primary search complete.,2024-06-29T20:46:44.139696+00:00
INC-20240629-002163,Teresa Wallace,Utilities secured. Gas and electric shutoff confirmed.,2024-06-29T20:46:44.139696+00:00
INC-20240629-002163,Christian Davenport,All occupants evacuated. Primary search complete.,2024-06-29T20:46:44.139696+00:00
INC-20250822-002164,Tina Thomas,Initial size-up complete. Fire showing from second floor.,2025-08-22T08:47:15.139696+00:00
INC-20250822-002166,Thomas Gray,Initial size-up complete. Fire showing from second floor.,2025-08-22T06:36:34.139696+00:00
INC-20250822-002166,Arthur Graham,Thermal imaging scan reveals no hidden hot spots.,2025-08-22T06:36:34.139696+00:00
INC-20250822-002166,Teresa Brown,Thermal imaging scan reveals no hidden hot spots.,2025-08-22T06:36:34.139696+00:00
INC-20250206-002170,Nicole Doyle,Ventilation operations completed on roof.,2025-02-06T19:18:02.139696+00:00
INC-20250926-002171,Daniel Galloway,Ventilation operations completed on roof.,2025-09-26T15:24:51.139696+00:00
INC-20251001-002172,Mary Beck,Defensive operations established due to structural instability.,2025-10-01T12:32:42.139696+00:00
INC-20250831-002173,Leslie Mason,Fire knocked down. Overhaul in progress.,2025-08-31T20:24:22.139696+00:00
INC-20250831-002173,Justin Carroll,Fire knocked down. Overhaul in progress.,2025-08-31T20:24:22.139696+00:00
INC-20250831-002173,Drew Green,Utilities secured. Gas and electric shutoff confirmed.,2025-08-31T20:24:22.139696+00:00
INC-20250211-002174,Sarah Clark,All occupants evacuated. Primary search complete.,2025-02-11T05:34:48.139696+00:00
INC-20250211-002174,Matthew Lawson,Initial size-up complete. Fire showing from second floor.,2025-02-11T05:34:48.139696+00:00
INC-20250818-002175,Michael Jones,Fire knocked down. Overhaul in progress.,2025-08-18T03:18:04.139696+00:00
INC-20230102-002176,Kyle Turner,Fire knocked down. Overhaul in progress.,2023-01-02T17:32:29.139696+00:00
INC-20230102-002176,Albert Moss,Ventilation operations completed on roof.,2023-01-02T17:32:29.139696+00:00
INC-20250807-002177,Julie Hill,Fire origin investigation underway.,2025-08-07T02:32:09.139696+00:00
INC-20250807-002177,Travis Lewis,Defensive operations established due to structural instability.,2025-08-07T02:32:09.139696+00:00
INC-20250729-002178,Brittany Clark,Fire knocked down. Overhaul in progress.,2025-07-29T10:23:14.139696+00:00
INC-20250729-002178,Thomas Williams,Fire origin investigation underway.,2025-07-29T10:23:14.139696+00:00
INC-20250823-002179,Miranda Rodriguez,All occupants evacuated. Primary search complete.,2025-08-23T05:20:03.139696+00:00
INC-20250823-002179,Samantha Barker,All occupants evacuated. Primary search complete.,2025-08-23T05:20:03.139696+00:00
INC-20250823-002179,Bobby Kelly,Defensive operations established due to structural instability.,2025-08-23T05:20:03.139696+00:00
INC-20250809-002180,Melissa Rice,Ventilation operations completed on roof.,2025-08-09T01:38:58.139696+00:00
INC-20250809-002180,Olivia Stewart,Initial size-up complete. Fire showing from second floor.,2025-08-09T01:38:58.139696+00:00
INC-20250809-002180,Vincent Monroe,Fire origin investigation underway.,2025-08-09T01:38:58.139696+00:00
INC-20250919-002182,Angela Foster,Ventilation operations completed on roof.,2025-09-19T03:41:56.139696+00:00
INC-20230301-002183,Vanessa Patton,Defensive operations established due to structural instability.,2023-03-01T21:56:14.139696+00:00
INC-20230301-002183,Katelyn Horton,Thermal imaging scan reveals no hidden hot spots.,2023-03-01T21:56:14.139696+00:00
INC-20230301-002183,Judy Mckinney,Thermal imaging scan reveals no hidden hot spots.,2023-03-01T21:56:14.139696+00:00
INC-20250810-002185,Brianna Newman,Fire origin investigation underway.,2025-08-10T12:36:55.139696+00:00
INC-20250810-002185,Alison Torres,All occupants evacuated. Primary search complete.,2025-08-10T12:36:55.139696+00:00
INC-20250807-002186,Mary Glenn MD,Fire knocked down. Overhaul in progress.,2025-08-07T07:44:15.139696+00:00
INC-20250807-002186,Christopher Zimmerman,Utilities secured. Gas and electric shutoff confirmed.,2025-08-07T07:44:15.139696+00:00
INC-20250807-002186,Jonathan Palmer,Initial size-up complete. Fire showing from second floor.,2025-08-07T07:44:15.139696+00:00
INC-20241210-002188,Jeffrey Willis,Defensive operations established due to structural instability.,2024-12-10T15:09:09.139696+00:00
INC-20241210-002188,Zachary Wolf,Initial size-up complete. Fire showing from second floor.,2024-12-10T15:09:09.139696+00:00
INC-20241210-002188,Michael Moreno,Thermal imaging scan reveals no hidden hot spots.,2024-12-10T15:09:09.139696+00:00
INC-20251013-002189,Janet Rowland,Initial size-up complete. Fire showing from second floor.,2025-10-13T16:40:04.139696+00:00
INC-20251013-002189,Brian Oneal,Initial size-up complete. Fire showing from second floor.,2025-10-13T16:40:04.139696+00:00
INC-20251013-002189,Catherine Roberts,Fire origin investigation underway.,2025-10-13T16:40:04.139696+00:00
INC-20241229-002191,Leslie Shaw,Fire origin investigation underway.,2024-12-29T22:35:49.139696+00:00
INC-20241229-002191,Matthew White,All occupants evacuated. Primary search complete.,2024-12-29T22:35:49.139696+00:00
INC-20241229-002191,Tammy Fernandez,Defensive operations established due to structural instability.,2024-12-29T22:35:49.139696+00:00
INC-20250730-002194,Nicholas Montgomery,All occupants evacuated. Primary search complete.,2025-07-30T08:14:26.139696+00:00
INC-20250730-002194,Philip Wallace,Defensive operations established due to structural instability.,2025-07-30T08:14:26.139696+00:00
INC-20250915-002197,Justin Davis,Defensive operations established due to structural instability.,2025-09-15T23:52:35.139696+00:00
INC-20250915-002197,Courtney Best,Thermal imaging scan reveals no hidden hot spots.,2025-09-15T23:52:35.139696+00:00
INC-20250929-002198,George Mills,Initial size-up complete. Fire showing from second floor.,2025-09-29T22:20:52.139696+00:00
INC-20250922-002201,David Garcia,Initial size-up complete. Fire showing from second floor.,2025-09-22T05:43:31.139696+00:00
INC-20250922-002201,William Bennett,Fire knocked down. Overhaul in progress.,2025-09-22T05:43:31.139696+00:00
INC-20251014-002204,Emily Cooper,Fire origin investigation underway.,2025-10-14T13:02:20.139696+00:00
INC-20250102-002205,Paul Cook,Defensive operations established due to structural instability.,2025-01-02T01:18:24.139696+00:00
INC-20251011-002206,Robert Johnson,Fire knocked down. Overhaul in progress.,2025-10-11T17:34:58.139696+00:00
INC-20230104-002207,John Moore,Thermal imaging scan reveals no hidden hot spots.,2023-01-04T05:12:26.139696+00:00
INC-20230104-002207,Norma Ho,Ventilation operations completed on roof.,2023-01-04T05:12:26.139696+00:00
INC-20250923-002208,Sabrina Scott,Ventilation operations completed on roof.,2025-09-23T15:02:29.139696+00:00
INC-20250923-002208,Michele Olsen,Initial size-up complete. Fire showing from second floor.,2025-09-23T15:02:29.139696+00:00
INC-20250506-002210,Jessica Howard,All occupants evacuated. Primary search complete.,2025-05-06T17:25:03.139696+00:00
INC-20250506-002210,Justin Rios,Fire knocked down. Overhaul in progress.,2025-05-06T17:25:03.139696+00:00
INC-20251016-002211,Robert Casey,Defensive operations established due to structural instability.,2025-10-16T08:35:36.139696+00:00
INC-20251016-002211,Donna Robertson,Fire origin investigation underway.,2025-10-16T08:35:36.139696+00:00
INC-20251016-002211,Justin Smith,Initial size-up complete. Fire showing from second floor.,2025-10-16T08:35:36.139696+00:00
INC-20250428-002213,Mark Coleman,Defensive operations established due to structural instability.,2025-04-28T16:13:03.139696+00:00
INC-20250223-002214,Michael Nelson,All occupants evacuated. Primary search complete.,2025-02-23T04:30:36.139696+00:00
INC-20250809-002218,James Pierce,Defensive operations established due to structural instability.,2025-08-09T03:36:43.139696+00:00
INC-20250429-002220,Jocelyn Farmer,Fire origin investigation underway.,2025-04-29T08:34:33.139696+00:00
INC-20250429-002220,Adam Johnson,All occupants evacuated. Primary search complete.,2025-04-29T08:34:33.139696+00:00
INC-20250429-002220,Darlene Mendoza,Utilities secured. Gas and electric shutoff confirmed.,2025-04-29T08:34:33.139696+00:00
INC-20251020-002221,Kathleen Williams,Fire knocked down. Overhaul in progress.,2025-10-20T21:13:16.139696+00:00
INC-20250821-002222,Hannah Oneal,Defensive operations established due to structural instability.,2025-08-21T06:54:59.139696+00:00
INC-20250821-002222,Joseph Aguirre,Ventilation operations completed on roof.,2025-08-21T06:54:59.139696+00:00
INC-20250821-002222,Rebekah Jones,All occupants evacuated. Primary search complete.,2025-08-21T06:54:59.139696+00:00
INC-20240113-002223,Jenny Frederick,Thermal imaging scan reveals no hidden hot spots.,2024-01-13T06:45:59.139696+00:00
INC-20240113-002223,Todd Peterson,Fire origin investigation underway.,2024-01-13T06:45:59.139696+00:00
INC-20240113-002223,Melinda Pugh,Fire knocked down. Overhaul in progress.,2024-01-13T06:45:59.139696+00:00
INC-20230514-002225,Lisa Garner,Fire knocked down. Overhaul in progress.,2023-05-14T17:36:20.139696+00:00
INC-20240606-002227,Faith Peters,Thermal imaging scan reveals no hidden hot spots.,2024-06-06T19:19:21.139696+00:00
INC-20240606-002227,Nicole Marshall,Fire origin investigation underway.,2024-06-06T19:19:21.139696+00:00
INC-20240606-002227,Christy Brewer,Thermal imaging scan reveals no hidden hot spots.,2024-06-06T19:19:21.139696+00:00
INC-20221216-002230,Debbie Lowery,Utilities secured. Gas and electric shutoff confirmed.,2022-12-16T05:04:07.139696+00:00
INC-20221216-002230,Tara Fisher,Ventilation operations completed on roof.,2022-12-16T05:04:07.139696+00:00
INC-20241116-002231,Angela Castro,Defensive operations established due to structural instability.,2024-11-16T19:19:56.139696+00:00
INC-20241116-002231,Sydney Wagner,All occupants evacuated. Primary search complete.,2024-11-16T19:19:56.139696+00:00
INC-20241116-002231,Joshua Kramer,Fire knocked down. Overhaul in progress.,2024-11-16T19:19:56.139696+00:00
INC-20250913-002236,Maria Walker,Defensive operations established due to structural instability.,2025-09-13T16:09:24.139696+00:00
INC-20250918-002237,Edward Rodriguez,Fire knocked down. Overhaul in progress.,2025-09-18T17:29:58.139696+00:00
INC-20250918-002237,William Harvey,Defensive operations established due to structural instability.,2025-09-18T17:29:58.139696+00:00
INC-20230404-002238,Reginald Edwards,Defensive operations established due to structural instability.,2023-04-04T08:20:46.139696+00:00
INC-20230404-002238,Mrs. Lisa Taylor,Utilities secured. Gas and electric shutoff confirmed.,2023-04-04T08:20:46.139696+00:00
INC-20250816-002241,Dana Hernandez,Ventilation operations completed on roof.,2025-08-16T22:48:47.139696+00:00
INC-20250816-002241,Julia Cowan,Ventilation operations completed on roof.,2025-08-16T22:48:47.139696+00:00
INC-20250925-002242,Janice Clarke,Defensive operations established due to structural instability.,2025-09-25T17:57:30.139696+00:00
INC-20250527-002244,Eric Carlson,Ventilation operations completed on roof.,2025-05-27T02:23:46.139696+00:00
INC-20251007-002245,Gabriel Robinson,Utilities secured. Gas and electric shutoff confirmed.,2025-10-07T02:54:53.139696+00:00
INC-20251007-002245,Brenda Williams,All occupants evacuated. Primary search complete.,2025-10-07T02:54:53.139696+00:00
INC-20250729-002247,Jacqueline Martinez,Fire origin investigation underway.,2025-07-29T16:13:41.139696+00:00
INC-20250109-002248,Leah Sanchez,Ventilation operations completed on roof.,2025-01-09T10:46:57.139696+00:00
INC-20250109-002248,Luis Davis,Fire origin investigation underway.,2025-01-09T10:46:57.139696+00:00
INC-20250927-002249,Olivia Ray,Utilities secured. Gas and electric shutoff confirmed.,2025-09-27T21:20:16.139696+00:00
INC-20250814-002252,Danielle Klein,Initial size-up complete. Fire showing from second floor.,2025-08-14T22:32:46.139696+00:00
INC-20241106-002257,Jeremy Smith,Ventilation operations completed on roof.,2024-11-06T18:13:15.139696+00:00
INC-20241204-002258,Anthony Leonard,Fire knocked down. Overhaul in progress.,2024-12-04T12:07:19.139696+00:00
INC-20241204-002258,Caleb Kirk,Defensive operations established due to structural instability.,2024-12-04T12:07:19.139696+00:00
INC-20250716-002259,Fernando Thomas,Fire origin investigation underway.,2025-07-16T15:22:57.139696+00:00
INC-20250716-002259,Carrie Webb,Utilities secured. Gas and electric shutoff confirmed.,2025-07-16T15:22:57.139696+00:00
INC-20250505-002260,Joan Love,Fire knocked down. Overhaul in progress.,2025-05-05T16:59:13.139696+00:00
INC-20250306-002261,Amy Barker,Thermal imaging scan reveals no hidden hot spots.,2025-03-06T13:43:26.139696+00:00
INC-20250306-002261,Jennifer Ball,Utilities secured. Gas and electric shutoff confirmed.,2025-03-06T13:43:26.139696+00:00
INC-20250306-002261,Mr. Jonathon Hunter,Fire origin investigation underway.,2025-03-06T13:43:26.139696+00:00
INC-20250819-002264,Victor Burnett,Utilities secured. Gas and electric shutoff confirmed.,2025-08-19T01:10:59.139696+00:00
INC-20250819-002264,Kelly Stevens,Thermal imaging scan reveals no hidden hot spots.,2025-08-19T01:10:59.139696+00:00
INC-20250819-002264,Dennis Mora,Initial size-up complete. Fire showing from second floor.,2025-08-19T01:10:59.139696+00:00
INC-20250317-002266,Taylor Miller,All occupants evacuated. Primary search complete.,2025-03-17T21:03:32.139696+00:00
INC-20241212-002269,Trevor Armstrong,Utilities secured. Gas and electric shutoff confirmed.,2024-12-12T16:40:24.139696+00:00
INC-20241212-002269,Scott Nelson,Thermal imaging scan reveals no hidden hot spots.,2024-12-12T16:40:24.139696+00:00
INC-20240328-002270,Tiffany Schmitt,Initial size-up complete. Fire showing from second floor.,2024-03-28T03:13:36.139696+00:00
INC-20240328-002270,Misty Nelson,Fire knocked down. Overhaul in progress.,2024-03-28T03:13:36.139696+00:00
INC-20250510-002271,Thomas Townsend,Defensive operations established due to structural instability.,2025-05-10T01:29:04.139696+00:00
INC-20250510-002271,Joseph Smith,Thermal imaging scan reveals no hidden hot spots.,2025-05-10T01:29:04.139696+00:00
INC-20251006-002273,Mary Rubio,Fire origin investigation underway.,2025-10-06T22:11:29.139696+00:00
INC-20251006-002273,Matthew Williams,Initial size-up complete. Fire showing from second floor.,2025-10-06T22:11:29.139696+00:00
INC-20251006-002273,Darlene Molina,Defensive operations established due to structural instability.,2025-10-06T22:11:29.139696+00:00
INC-20250901-002275,Jeremy Bennett,Fire knocked down. Overhaul in progress.,2025-09-01T18:47:45.139696+00:00
INC-20250901-002275,Dr. Zachary Gomez II,Fire origin investigation underway.,2025-09-01T18:47:45.139696+00:00
INC-20250901-002275,Megan Jones,Fire knocked down. Overhaul in progress.,2025-09-01T18:47:45.139696+00:00
INC-20250605-002276,Jacqueline Taylor,Thermal imaging scan reveals no hidden hot spots.,2025-06-05T09:53:28.139696+00:00
INC-20250605-002276,Crystal Johnson,All occupants evacuated. Primary search complete.,2025-06-05T09:53:28.139696+00:00
INC-20250117-002277,Joshua Davis,Ventilation operations completed on roof.,2025-01-17T09:18:46.139696+00:00
INC-20250117-002277,Christina Santana,Utilities secured. Gas and electric shutoff confirmed.,2025-01-17T09:18:46.139696+00:00
INC-20250609-002280,Renee Stephens,All occupants evacuated. Primary search complete.,2025-06-09T21:55:16.139696+00:00
INC-20250609-002280,Rebekah Nielsen,Defensive operations established due to structural instability.,2025-06-09T21:55:16.139696+00:00
INC-20250609-002280,Katrina Chavez,Initial size-up complete. Fire showing from second floor.,2025-06-09T21:55:16.139696+00:00
INC-20251011-002282,Lisa Petersen,Ventilation operations completed on roof.,2025-10-11T11:58:11.139696+00:00
INC-20251011-002282,Jamie Parker,Defensive operations established due to structural instability.,2025-10-11T11:58:11.139696+00:00
INC-20250113-002283,Curtis Martin,Fire origin investigation underway.,2025-01-13T13:41:22.139696+00:00
INC-20230712-002284,Michael Collins,Initial size-up complete. Fire showing from second floor.,2023-07-12T13:25:09.139696+00:00
INC-20250905-002285,Brett Melendez,Fire knocked down. Overhaul in progress.,2025-09-05T07:48:59.139696+00:00
INC-20250920-002287,Timothy Chan,Thermal imaging scan reveals no hidden hot spots.,2025-09-20T01:25:04.139696+00:00
INC-20250920-002287,Veronica Burgess,Ventilation operations completed on roof.,2025-09-20T01:25:04.139696+00:00
INC-20251005-002288,Jennifer Greene,Fire origin investigation underway.,2025-10-05T20:54:13.139696+00:00
INC-20251005-002288,Andrew Carson,All occupants evacuated. Primary search complete.,2025-10-05T20:54:13.139696+00:00
INC-20250815-002289,Gabrielle Jordan,Defensive operations established due to structural instability.,2025-08-15T08:22:33.139696+00:00
INC-20250815-002289,William Thomas,Initial size-up complete. Fire showing from second floor.,2025-08-15T08:22:33.139696+00:00
INC-20250815-002289,Roger Kerr,Thermal imaging scan reveals no hidden hot spots.,2025-08-15T08:22:33.139696+00:00
INC-20250930-002290,Joshua Young,Fire knocked down. Overhaul in progress.,2025-09-30T16:11:46.139696+00:00
INC-20250930-002290,Sandra Frederick,Fire origin investigation underway.,2025-09-30T16:11:46.139696+00:00
INC-20250930-002290,Melissa Bradley,Ventilation operations completed on roof.,2025-09-30T16:11:46.139696+00:00
INC-20250809-002291,Michael Fowler,Utilities secured. Gas and electric shutoff confirmed.,2025-08-09T19:11:57.139696+00:00
INC-20250809-002291,Joshua Moore,Fire origin investigation underway.,2025-08-09T19:11:57.139696+00:00
INC-20250809-002291,Jordan Evans,All occupants evacuated. Primary search complete.,2025-08-09T19:11:57.139696+00:00
INC-20250810-002293,Cory Sanchez,Utilities secured. Gas and electric shutoff confirmed.,2025-08-10T05:34:16.139696+00:00
INC-20250810-002293,Amy Hudson,Fire knocked down. Overhaul in progress.,2025-08-10T05:34:16.139696+00:00
INC-20250810-002293,George Mcfarland,Fire knocked down. Overhaul in progress.,2025-08-10T05:34:16.139696+00:00
INC-20250805-002295,Jerry Dunlap,Fire knocked down. Overhaul in progress.,2025-08-05T22:45:24.139696+00:00
INC-20250805-002295,Katherine Brown,Ventilation operations completed on roof.,2025-08-05T22:45:24.139696+00:00
INC-20250805-002295,Keith Peterson,Fire knocked down. Overhaul in progress.,2025-08-05T22:45:24.139696+00:00
INC-20251013-002298,Chelsea Hansen,Thermal imaging scan reveals no hidden hot spots.,2025-10-13T04:09:12.139696+00:00
INC-20251013-002298,Kristina Hernandez,Thermal imaging scan reveals no hidden hot spots.,2025-10-13T04:09:12.139696+00:00
INC-20251003-002299,Rachel Davis,Fire origin investigation underway.,2025-10-03T00:48:06.139696+00:00
INC-20251003-002299,William Perry,Initial size-up complete. Fire showing from second floor.,2025-10-03T00:48:06.139696+00:00
INC-20240828-002302,Andrea Conner,Initial size-up complete. Fire showing from second floor.,2024-08-28T23:54:58.139696+00:00
INC-20250920-002312,Jennifer Lee,All occupants evacuated. Primary search complete.,2025-09-20T03:14:34.139696+00:00
INC-20250913-002313,Allison Marshall,Defensive operations established due to structural instability.,2025-09-13T19:22:21.139696+00:00
INC-20250518-002316,Andrea Zamora,All occupants evacuated. Primary search complete.,2025-05-18T18:40:38.139696+00:00
INC-20230321-002317,Latoya Hill,Thermal imaging scan reveals no hidden hot spots.,2023-03-21T22:22:45.139696+00:00
INC-20250904-002320,Julie Thomas,Ventilation operations completed on roof.,2025-09-04T23:40:33.139696+00:00
INC-20250904-002320,Denise Herman,Defensive operations established due to structural instability.,2025-09-04T23:40:33.139696+00:00
INC-20250904-002320,Daniel Smith,All occupants evacuated. Primary search complete.,2025-09-04T23:40:33.139696+00:00
INC-20230402-002321,James Hill,All occupants evacuated. Primary search complete.,2023-04-02T01:59:46.139696+00:00
INC-20230402-002321,Troy Carter,Initial size-up complete. Fire showing from second floor.,2023-04-02T01:59:46.139696+00:00
INC-20230402-002321,Mrs. Carly Herrera DVM,Initial size-up complete. Fire showing from second floor.,2023-04-02T01:59:46.139696+00:00
INC-20231218-002325,Daniel Martin,Utilities secured. Gas and electric shutoff confirmed.,2023-12-18T13:20:24.139696+00:00
INC-20231218-002325,Mrs. Rhonda Hayes,Initial size-up complete. Fire showing from second floor.,2023-12-18T13:20:24.139696+00:00
INC-20250827-002328,Deborah Wilson,Ventilation operations completed on roof.,2025-08-27T22:54:42.139696+00:00
INC-20250827-002328,Theodore Anderson,Thermal imaging scan reveals no hidden hot spots.,2025-08-27T22:54:42.139696+00:00
INC-20250827-002328,Andrea Smith,Thermal imaging scan reveals no hidden hot spots.,2025-08-27T22:54:42.139696+00:00
INC-20250614-002329,Chad Leonard,Thermal imaging scan reveals no hidden hot spots.,2025-06-14T02:41:07.139696+00:00
INC-20250614-002329,Cynthia Johnson,Defensive operations established due to structural instability.,2025-06-14T02:41:07.139696+00:00
INC-20250803-002330,William Kelly,Ventilation operations completed on roof.,2025-08-03T23:33:03.139696+00:00
INC-20250908-002332,Scott Bennett,All occupants evacuated. Primary search complete.,2025-09-08T17:18:15.139696+00:00
INC-20250908-002332,Christine Hayes,All occupants evacuated. Primary search complete.,2025-09-08T17:18:15.139696+00:00
INC-20250505-002334,Douglas Gonzalez,Fire origin investigation underway.,2025-05-05T18:39:40.139696+00:00
INC-20250505-002334,Patrick Miller,All occupants evacuated. Primary search complete.,2025-05-05T18:39:40.139696+00:00
INC-20250505-002334,Dr. Sarah Williams DDS,Defensive operations established due to structural instability.,2025-05-05T18:39:40.139696+00:00
INC-20230423-002335,Nicholas Mcintosh,Defensive operations established due to structural instability.,2023-04-23T17:29:25.139696+00:00
INC-20230423-002335,Edwin Austin,Fire origin investigation underway.,2023-04-23T17:29:25.139696+00:00
INC-20230423-002335,Tracy Sexton,Defensive operations established due to structural instability.,2023-04-23T17:29:25.139696+00:00
INC-20241224-002337,Peter Hodges,Defensive operations established due to structural instability.,2024-12-24T11:47:32.139696+00:00
INC-20241224-002337,Nicole Smith,Ventilation operations completed on roof.,2024-12-24T11:47:32.139696+00:00
INC-20230219-002341,Mark Rosales DDS,Fire origin investigation underway.,2023-02-19T18:43:12.139696+00:00
INC-20230219-002341,Chris Smith,All occupants evacuated. Primary search complete.,2023-02-19T18:43:12.139696+00:00
INC-20230219-002341,Lucas Hunt,Defensive operations established due to structural instability.,2023-02-19T18:43:12.139696+00:00
INC-20250910-002342,Joyce Pope,Fire knocked down. Overhaul in progress.,2025-09-10T05:44:03.139696+00:00
INC-20250102-002345,Mark Cooper,Initial size-up complete. Fire showing from second floor.,2025-01-02T20:25:20.139696+00:00
INC-20250731-002348,Caitlin Hamilton,Fire knocked down. Overhaul in progress.,2025-07-31T16:02:52.139696+00:00
INC-20251006-002350,Troy Rodriguez,Fire origin investigation underway.,2025-10-06T19:42:13.139696+00:00
INC-20250325-002351,Clayton Cox,All occupants evacuated. Primary search complete.,2025-03-25T13:07:32.139696+00:00
INC-20250325-002351,Shelby Porter,Ventilation operations completed on roof.,2025-03-25T13:07:32.139696+00:00
INC-20251013-002352,Paul Green,Utilities secured. Gas and electric shutoff confirmed.,2025-10-13T19:13:43.139696+00:00
INC-20250728-002353,Madeline Howard,Fire knocked down. Overhaul in progress.,2025-07-28T16:50:45.139696+00:00
INC-20250910-002356,Angela Smith,Fire knocked down. Overhaul in progress.,2025-09-10T05:30:37.139696+00:00
INC-20250823-002357,Shawn Townsend,Fire knocked down. Overhaul in progress.,2025-08-23T14:26:52.139696+00:00
INC-20250902-002361,Laura Cohen,Fire origin investigation underway.,2025-09-02T03:06:58.139696+00:00
INC-20250902-002361,Samantha Davis,Thermal imaging scan reveals no hidden hot spots.,2025-09-02T03:06:58.139696+00:00
INC-20250902-002361,George Fox,Initial size-up complete. Fire showing from second floor.,2025-09-02T03:06:58.139696+00:00
INC-20250309-002362,Kelly Knight,Ventilation operations completed on roof.,2025-03-09T05:57:07.139696+00:00
INC-20250309-002362,Joshua Gray,All occupants evacuated. Primary search complete.,2025-03-09T05:57:07.139696+00:00
INC-20250309-002362,Abigail Carpenter,Defensive operations established due to structural instability.,2025-03-09T05:57:07.139696+00:00
INC-20250414-002363,Pamela Bender,Initial size-up complete. Fire showing from second floor.,2025-04-14T22:07:17.139696+00:00
INC-20250911-002364,Ashley Schneider,Utilities secured. Gas and electric shutoff confirmed.,2025-09-11T23:28:09.139696+00:00
INC-20250926-002367,Tyler Wilson,Ventilation operations completed on roof.,2025-09-26T01:15:17.139696+00:00
INC-20250926-002367,Regina Butler,All occupants evacuated. Primary search complete.,2025-09-26T01:15:17.139696+00:00
INC-20251017-002370,Hannah Holder,Initial size-up complete. Fire showing from second floor.,2025-10-17T02:59:50.139696+00:00
INC-20250821-002371,Nicole Becker,Utilities secured. Gas and electric shutoff confirmed.,2025-08-21T13:19:29.139696+00:00
INC-20250821-002371,Tammy Thompson,All occupants evacuated. Primary search complete.,2025-08-21T13:19:29.139696+00:00
INC-20250922-002372,Alexander Curtis,Fire knocked down. Overhaul in progress.,2025-09-22T13:13:16.139696+00:00
INC-20250926-002373,April Hernandez,All occupants evacuated. Primary search complete.,2025-09-26T17:06:06.139696+00:00
INC-20250926-002373,Mary Franklin,Defensive operations established due to structural instability.,2025-09-26T17:06:06.139696+00:00
INC-20250926-002373,Cynthia Fry,Thermal imaging scan reveals no hidden hot spots.,2025-09-26T17:06:06.139696+00:00
INC-20250925-002375,Anthony Santiago,Thermal imaging scan reveals no hidden hot spots.,2025-09-26T00:08:30.139696+00:00
INC-20250925-002375,Jessica Wilson,Initial size-up complete. Fire showing from second floor.,2025-09-26T00:08:30.139696+00:00
INC-20250917-002376,Joseph Vaughn,Initial size-up complete. Fire showing from second floor.,2025-09-17T09:18:18.139696+00:00
INC-20240702-002377,Kyle Jordan,Initial size-up complete. Fire showing from second floor.,2024-07-02T07:58:27.139696+00:00
INC-20240702-002377,Douglas Taylor,Defensive operations established due to structural instability.,2024-07-02T07:58:27.139696+00:00
INC-20250827-002378,Lisa Thornton PhD,Defensive operations established due to structural instability.,2025-08-27T08:58:14.139696+00:00
INC-20250827-002378,Cynthia Brown,Fire origin investigation underway.,2025-08-27T08:58:14.139696+00:00
INC-20250827-002378,James Griffin,All occupants evacuated. Primary search complete.,2025-08-27T08:58:14.139696+00:00
INC-20251012-002379,Desiree Montgomery,Utilities secured. Gas and electric shutoff confirmed.,2025-10-12T17:55:06.139696+00:00
INC-20251012-002379,Taylor Black,All occupants evacuated. Primary search complete.,2025-10-12T17:55:06.139696+00:00
INC-20250801-002380,Laura Glass,Initial size-up complete. Fire showing from second floor.,2025-08-01T04:24:52.139696+00:00
INC-20250801-002380,Monica Snow,Utilities secured. Gas and electric shutoff confirmed.,2025-08-01T04:24:52.139696+00:00
INC-20250804-002383,Dr. Curtis Blackwell,All occupants evacuated. Primary search complete.,2025-08-04T23:32:10.139696+00:00
INC-20250804-002383,Jimmy Mercado,Defensive operations established due to structural instability.,2025-08-04T23:32:10.139696+00:00
INC-20250804-002383,Adam Valdez,Thermal imaging scan reveals no hidden hot spots.,2025-08-04T23:32:10.139696+00:00
INC-20250304-002384,James Tucker,Ventilation operations completed on roof.,2025-03-04T03:42:00.139696+00:00
INC-20250304-002384,Melissa Ashley,Utilities secured. Gas and electric shutoff confirmed.,2025-03-04T03:42:00.139696+00:00
INC-20250917-002385,Deborah Brown,Defensive operations established due to structural instability.,2025-09-17T02:05:35.139696+00:00
INC-20250917-002385,Shawn Marshall,Thermal imaging scan reveals no hidden hot spots.,2025-09-17T02:05:35.139696+00:00
INC-20250917-002385,Sean Moss,Thermal imaging scan reveals no hidden hot spots.,2025-09-17T02:05:35.139696+00:00
INC-20250824-002386,Michael Tucker,Initial size-up complete. Fire showing from second floor.,2025-08-24T23:22:15.139696+00:00
INC-20250801-002387,Gregory Jenkins,Fire knocked down. Overhaul in progress.,2025-08-01T19:13:46.139696+00:00
INC-20250801-002387,Eric Singleton,All occupants evacuated. Primary search complete.,2025-08-01T19:13:46.139696+00:00
INC-20250923-002388,Alison Rivera,Fire origin investigation underway.,2025-09-23T04:36:41.139696+00:00
INC-20250923-002388,Sarah West,Fire knocked down. Overhaul in progress.,2025-09-23T04:36:41.139696+00:00
INC-20250923-002388,Jonathan Dennis,Fire knocked down. Overhaul in progress.,2025-09-23T04:36:41.139696+00:00
INC-20250821-002390,Samantha Shah,Fire knocked down. Overhaul in progress.,2025-08-21T07:06:12.139696+00:00
INC-20230217-002392,Timothy Mcdonald,Utilities secured. Gas and electric shutoff confirmed.,2023-02-17T22:42:12.139696+00:00
INC-20230217-002392,Arthur Sherman,Fire knocked down. Overhaul in progress.,2023-02-17T22:42:12.139696+00:00
INC-20250907-002393,Marisa Mccoy,Fire knocked down. Overhaul in progress.,2025-09-07T11:44:22.139696+00:00
INC-20250927-002394,Christopher Moore,All occupants evacuated. Primary search complete.,2025-09-27T01:08:11.139696+00:00
INC-20250927-002394,Roy May,Initial size-up complete. Fire showing from second floor.,2025-09-27T01:08:11.139696+00:00
INC-20250927-002394,Stephen Marshall,Utilities secured. Gas and electric shutoff confirmed.,2025-09-27T01:08:11.139696+00:00
INC-20250904-002395,Stephen Taylor,Thermal imaging scan reveals no hidden hot spots.,2025-09-04T00:43:57.139696+00:00
INC-20250904-002395,Jessica Peterson,Ventilation operations completed on roof.,2025-09-04T00:43:57.139696+00:00
INC-20241126-002396,Jermaine Brown,Defensive operations established due to structural instability.,2024-11-26T06:15:51.139696+00:00
INC-20241126-002396,Gregory Hayes,Fire knocked down. Overhaul in progress.,2024-11-26T06:15:51.139696+00:00
INC-20251001-002399,Douglas Parker,Utilities secured. Gas and electric shutoff confirmed.,2025-10-01T08:16:30.139696+00:00
INC-20250728-002403,Vincent Phillips,Fire origin investigation underway.,2025-07-28T03:56:10.139696+00:00
INC-20250728-002403,Nancy Spencer,Utilities secured. Gas and electric shutoff confirmed.,2025-07-28T03:56:10.139696+00:00
INC-20230721-002404,Stacy King,Fire knocked down. Overhaul in progress.,2023-07-21T11:28:33.139696+00:00
INC-20250911-002405,David Smith,Defensive operations established due to structural instability.,2025-09-11T08:28:20.139696+00:00
INC-20250910-002407,Michael Malone,Fire origin investigation underway.,2025-09-10T04:38:37.139696+00:00
INC-20250910-002407,Timothy Salinas,Initial size-up complete. Fire showing from second floor.,2025-09-10T04:38:37.139696+00:00
INC-20251001-002408,Randall Hampton,Fire origin investigation underway.,2025-10-01T11:35:46.139696+00:00
INC-20251001-002408,Shawn Parker,Ventilation operations completed on roof.,2025-10-01T11:35:46.139696+00:00
INC-20250818-002412,Brandon Stewart,Fire origin investigation underway.,2025-08-18T07:40:29.139696+00:00
INC-20250907-002414,Jose Bryant,Fire origin investigation underway.,2025-09-07T13:03:10.139696+00:00
INC-20250915-002416,Erik Burgess,Initial size-up complete. Fire showing from second floor.,2025-09-15T23:42:06.139696+00:00
INC-20250915-002416,Dr. Adam Wells DDS,Utilities secured. Gas and electric shutoff confirmed.,2025-09-15T23:42:06.139696+00:00
INC-20250915-002416,Robert Garcia,Initial size-up complete. Fire showing from second floor.,2025-09-15T23:42:06.139696+00:00
INC-20250505-002418,Joshua Vance,Initial size-up complete. Fire showing from second floor.,2025-05-05T04:09:19.139696+00:00
INC-20250505-002418,Larry Lopez,Thermal imaging scan reveals no hidden hot spots.,2025-05-05T04:09:19.139696+00:00
INC-20250922-002419,Kelly Martinez,Defensive operations established due to structural instability.,2025-09-22T23:47:08.139696+00:00
INC-20250922-002419,Brian Davis,Initial size-up complete. Fire showing from second floor.,2025-09-22T23:47:08.139696+00:00
INC-20250320-002422,Brian Allen,Fire knocked down. Overhaul in progress.,2025-03-20T18:16:49.139696+00:00
INC-20241203-002423,Cody Casey,Fire knocked down. Overhaul in progress.,2024-12-03T10:22:13.139696+00:00
INC-20250928-002429,Eric Taylor MD,Fire knocked down. Overhaul in progress.,2025-09-28T02:23:27.139696+00:00
INC-20250928-002429,Eric Johnson,All occupants evacuated. Primary search complete.,2025-09-28T02:23:27.139696+00:00
INC-20250928-002429,Joshua Love,Initial size-up complete. Fire showing from second floor.,2025-09-28T02:23:27.139696+00:00
INC-20251007-002430,Evan Price,All occupants evacuated. Primary search complete.,2025-10-07T10:04:03.139696+00:00
INC-20251007-002430,Lisa Pugh,Ventilation operations completed on roof.,2025-10-07T10:04:03.139696+00:00
INC-20250904-002431,Robert Grant,Ventilation operations completed on roof.,2025-09-04T14:42:30.139696+00:00
INC-20250904-002431,James Wiggins,Defensive operations established due to structural instability.,2025-09-04T14:42:30.139696+00:00
INC-20250904-002431,Brian Leach,All occupants evacuated. Primary search complete.,2025-09-04T14:42:30.139696+00:00
INC-20250906-002432,Brittany Nguyen DDS,Fire knocked down. Overhaul in progress.,2025-09-06T10:43:23.139696+00:00
INC-20250905-002434,Hannah Williams,Utilities secured. Gas and electric shutoff confirmed.,2025-09-05T07:56:43.139696+00:00
INC-20250905-002434,Patricia Andrews,Defensive operations established due to structural instability.,2025-09-05T07:56:43.139696+00:00
INC-20250905-002434,Kellie Johnson,Thermal imaging scan reveals no hidden hot spots.,2025-09-05T07:56:43.139696+00:00
INC-20250813-002435,Teresa Stevens,Fire origin investigation underway.,2025-08-13T20:00:22.139696+00:00
INC-20250813-002435,Mary Short,Initial size-up complete. Fire showing from second floor.,2025-08-13T20:00:22.139696+00:00
INC-20250813-002435,Megan Sims,Defensive operations established due to structural instability.,2025-08-13T20:00:22.139696+00:00
INC-20231020-002436,Tyrone Miller,Initial size-up complete. Fire showing from second floor.,2023-10-20T00:23:49.139696+00:00
INC-20250328-002438,Kimberly Rodriguez,Utilities secured. Gas and electric shutoff confirmed.,2025-03-28T15:25:02.139696+00:00
INC-20250328-002438,Thomas Aguirre,Defensive operations established due to structural instability.,2025-03-28T15:25:02.139696+00:00
INC-20230602-002440,Brandy Munoz,Ventilation operations completed on roof.,2023-06-02T07:58:21.139696+00:00
INC-20230602-002440,Emily Lindsey,Initial size-up complete. Fire showing from second floor.,2023-06-02T07:58:21.139696+00:00
INC-20230602-002440,Andrew Taylor,Fire origin investigation underway.,2023-06-02T07:58:21.139696+00:00
INC-20250221-002441,Michael Hill,Utilities secured. Gas and electric shutoff confirmed.,2025-02-21T01:28:30.139696+00:00
INC-20250221-002441,Mark White,Utilities secured. Gas and electric shutoff confirmed.,2025-02-21T01:28:30.139696+00:00
INC-20250221-002441,Mr. Frank Tucker MD,Thermal imaging scan reveals no hidden hot spots.,2025-02-21T01:28:30.139696+00:00
INC-20240504-002442,Yolanda Mcgrath,Fire origin investigation underway.,2024-05-04T01:18:46.139696+00:00
INC-20240504-002442,Devon Wilson,Initial size-up complete. Fire showing from second floor.,2024-05-04T01:18:46.139696+00:00
INC-20240504-002442,Natalie Berry,Initial size-up complete. Fire showing from second floor.,2024-05-04T01:18:46.139696+00:00
INC-20250309-002444,Laura Walker,All occupants evacuated. Primary search complete.,2025-03-09T17:46:25.139696+00:00
INC-20231212-002445,Lori Cochran,Initial size-up complete. Fire showing from second floor.,2023-12-12T00:28:23.139696+00:00
INC-20231212-002445,Carl Velasquez,Utilities secured. Gas and electric shutoff confirmed.,2023-12-12T00:28:23.139696+00:00
INC-20231212-002445,Maria Hall,Thermal imaging scan reveals no hidden hot spots.,2023-12-12T00:28:23.139696+00:00
INC-20250913-002446,Diana Martin,Thermal imaging scan reveals no hidden hot spots.,2025-09-13T00:30:53.139696+00:00
INC-20250913-002446,Brandy Murray,Utilities secured. Gas and electric shutoff confirmed.,2025-09-13T00:30:53.139696+00:00
INC-20250907-002447,Brian Dyer,Defensive operations established due to structural instability.,2025-09-07T11:45:08.139696+00:00
INC-20250824-002449,Carol Dixon,Fire knocked down. Overhaul in progress.,2025-08-24T15:06:39.139696+00:00
INC-20250824-002449,Adam Ross,Fire origin investigation underway.,2025-08-24T15:06:39.139696+00:00
INC-20250906-002451,Natalie Gardner,Defensive operations established due to structural instability.,2025-09-06T20:51:07.139696+00:00
INC-20250829-002452,Patrick Rojas,Fire origin investigation underway.,2025-08-29T06:31:34.139696+00:00
INC-20250829-002452,Aaron Murphy,Defensive operations established due to structural instability.,2025-08-29T06:31:34.139696+00:00
INC-20230505-002453,Eric Butler,Ventilation operations completed on roof.,2023-05-05T18:19:51.139696+00:00
INC-20230505-002453,Chelsey Chavez,All occupants evacuated. Primary search complete.,2023-05-05T18:19:51.139696+00:00
INC-20250819-002455,Mark Carter,Defensive operations established due to structural instability.,2025-08-19T07:41:33.139696+00:00
INC-20250819-002455,Joy Brown,Ventilation operations completed on roof.,2025-08-19T07:41:33.139696+00:00
INC-20250819-002455,Stephen Day,Fire origin investigation underway.,2025-08-19T07:41:33.139696+00:00
INC-20241223-002456,Jessica Payne,Defensive operations established due to structural instability.,2024-12-23T20:40:09.139696+00:00
INC-20241223-002456,Vanessa Stewart,Ventilation operations completed on roof.,2024-12-23T20:40:09.139696+00:00
INC-20250427-002458,Kayla Mueller,Ventilation operations completed on roof.,2025-04-27T23:25:10.139696+00:00
INC-20250427-002458,Christy Evans,Thermal imaging scan reveals no hidden hot spots.,2025-04-27T23:25:10.139696+00:00
INC-20251005-002459,Mikayla Thompson,All occupants evacuated. Primary search complete.,2025-10-05T18:37:38.139696+00:00
INC-20251005-002459,Tyler Miller,Fire origin investigation underway.,2025-10-05T18:37:38.139696+00:00
INC-20251005-002459,Joshua Jensen,Fire origin investigation underway.,2025-10-05T18:37:38.139696+00:00
INC-20250731-002460,Megan Black,All occupants evacuated. Primary search complete.,2025-07-31T16:25:53.139696+00:00
INC-20250731-002460,Catherine Freeman,Fire knocked down. Overhaul in progress.,2025-07-31T16:25:53.139696+00:00
INC-20240706-002461,Vincent Crawford,Utilities secured. Gas and electric shutoff confirmed.,2024-07-06T11:44:13.139696+00:00
INC-20240706-002461,Dr. Denise Meyer,Thermal imaging scan reveals no hidden hot spots.,2024-07-06T11:44:13.139696+00:00
INC-20250207-002467,Stephanie Bates,Fire knocked down. Overhaul in progress.,2025-02-07T16:52:17.139696+00:00
INC-20250207-002467,Ronald Brown,Initial size-up complete. Fire showing from second floor.,2025-02-07T16:52:17.139696+00:00
INC-20250806-002469,Claudia Fuller,Defensive operations established due to structural instability.,2025-08-06T04:49:10.139696+00:00
INC-20250806-002469,Charles Henry,Defensive operations established due to structural instability.,2025-08-06T04:49:10.139696+00:00
INC-20250806-002469,Kevin Macdonald,Thermal imaging scan reveals no hidden hot spots.,2025-08-06T04:49:10.139696+00:00
INC-20250527-002470,Gina Benitez,Fire origin investigation underway.,2025-05-27T12:14:34.139696+00:00
INC-20250804-002473,Brad Woodard Jr.,Utilities secured. Gas and electric shutoff confirmed.,2025-08-04T01:32:19.139696+00:00
INC-20250804-002473,David Mccoy,Ventilation operations completed on roof.,2025-08-04T01:32:19.139696+00:00
INC-20250804-002473,Victoria Andrews,Thermal imaging scan reveals no hidden hot spots.,2025-08-04T01:32:19.139696+00:00
INC-20251016-002475,Erika Long,Defensive operations established due to structural instability.,2025-10-16T11:40:49.139696+00:00
INC-20251016-002475,Jorge Reynolds,Thermal imaging scan reveals no hidden hot spots.,2025-10-16T11:40:49.139696+00:00
INC-20251016-002475,Christopher Cabrera,All occupants evacuated. Primary search complete.,2025-10-16T11:40:49.139696+00:00
INC-20240825-002479,Sarah Ward,Fire knocked down. Overhaul in progress.,2024-08-25T07:39:39.139696+00:00
INC-20240825-002479,Tanner Bell,Utilities secured. Gas and electric shutoff confirmed.,2024-08-25T07:39:39.139696+00:00
INC-20251007-002481,Lauren Baker,Fire origin investigation underway.,2025-10-07T16:14:23.139696+00:00
INC-20250901-002482,Jordan Little,Fire knocked down. Overhaul in progress.,2025-09-01T15:34:39.139696+00:00
INC-20250901-002482,William West,Fire knocked down. Overhaul in progress.,2025-09-01T15:34:39.139696+00:00
INC-20250901-002482,Alexander Dunlap,Fire origin investigation underway.,2025-09-01T15:34:39.139696+00:00
INC-20250902-002483,Zachary Thompson,Thermal imaging scan reveals no hidden hot spots.,2025-09-03T00:06:35.139696+00:00
INC-20250902-002483,Jason Ashley,Thermal imaging scan reveals no hidden hot spots.,2025-09-03T00:06:35.139696+00:00
INC-20251004-002484,Angela Boyd,Utilities secured. Gas and electric shutoff confirmed.,2025-10-04T21:39:40.139696+00:00
INC-20251005-002485,Matthew Gilbert,Defensive operations established due to structural instability.,2025-10-05T19:40:54.139696+00:00
INC-20251005-002485,Anthony Holt,Initial size-up complete. Fire showing from second floor.,2025-10-05T19:40:54.139696+00:00
INC-20251005-002485,Michael Soto,Defensive operations established due to structural instability.,2025-10-05T19:40:54.139696+00:00
INC-20250817-002487,Lisa Kramer,Utilities secured. Gas and electric shutoff confirmed.,2025-08-17T15:39:53.139696+00:00
INC-20241221-002488,Ernest Howell,Defensive operations established due to structural instability.,2024-12-21T21:23:36.139696+00:00
INC-20241221-002488,Alexander Moore,Ventilation operations completed on roof.,2024-12-21T21:23:36.139696+00:00
INC-20241221-002488,Bryan Jackson,Ventilation operations completed on roof.,2024-12-21T21:23:36.139696+00:00
INC-20240120-002489,William Olsen,Utilities secured. Gas and electric shutoff confirmed.,2024-01-20T01:10:26.139696+00:00
INC-20240120-002489,Haley Delgado,Utilities secured. Gas and electric shutoff confirmed.,2024-01-20T01:10:26.139696+00:00
INC-20250924-002490,Nicole Keller DDS,Defensive operations established due to structural instability.,2025-09-24T16:26:20.139696+00:00
INC-20250824-002491,Shawn Mccormick,Thermal imaging scan reveals no hidden hot spots.,2025-08-24T03:48:08.139696+00:00
INC-20250123-002493,Christopher Perry,Utilities secured. Gas and electric shutoff confirmed.,2025-01-23T18:36:30.139696+00:00
INC-20250123-002493,John Johnson,Fire origin investigation underway.,2025-01-23T18:36:30.139696+00:00
INC-20250123-002493,Shannon Rogers,Ventilation operations completed on roof.,2025-01-23T18:36:30.139696+00:00
INC-20251011-002494,Pamela Simpson,Fire knocked down. Overhaul in progress.,2025-10-11T10:36:59.139696+00:00
INC-20251011-002494,Kayla Williams,Fire knocked down. Overhaul in progress.,2025-10-11T10:36:59.139696+00:00
INC-20241120-002495,Scott Hawkins,Initial size-up complete. Fire showing from second floor.,2024-11-20T20:36:49.139696+00:00
INC-20250826-002496,Corey Meyer,Ventilation operations completed on roof.,2025-08-26T10:47:40.139696+00:00
INC-20250826-002496,Megan Stark,All occupants evacuated. Primary search complete.,2025-08-26T10:47:40.139696+00:00
INC-20250826-002496,James Smith,Defensive operations established due to structural instability.,2025-08-26T10:47:40.139696+00:00
INC-20250727-002498,Jeffery Anderson,Fire knocked down. Overhaul in progress.,2025-07-27T08:55:09.139696+00:00
INC-20250724-002499,Maria Scott,Fire origin investigation underway.,2025-07-24T22:01:11.139696+00:00
INC-20250331-002500,Benjamin Sexton,Utilities secured. Gas and electric shutoff confirmed.,2025-03-31T22:00:23.139696+00:00
INC-20250331-002500,Yolanda Alexander,Fire knocked down. Overhaul in progress.,2025-03-31T22:00:23.139696+00:00
INC-20250331-002500,Colleen Benjamin,Utilities secured. Gas and electric shutoff confirmed.,2025-03-31T22:00:23.139696+00:00
INC-20250915-002501,Nicole Patterson,Initial size-up complete. Fire showing from second floor.,2025-09-15T15:20:03.139696+00:00
INC-20250915-002501,Mike Murphy,Ventilation operations completed on roof.,2025-09-15T15:20:03.139696+00:00
INC-20250818-002503,Nicholas Fowler,Initial size-up complete. Fire showing from second floor.,2025-08-18T06:54:14.139696+00:00
INC-20250818-002503,Julia Lucas,Defensive operations established due to structural instability.,2025-08-18T06:54:14.139696+00:00
INC-20240618-002504,Debra Bowman,Fire knocked down. Overhaul in progress.,2024-06-18T06:38:10.139696+00:00
INC-20240219-002506,Carol Ballard,Thermal imaging scan reveals no hidden hot spots.,2024-02-19T00:40:12.139696+00:00
INC-20250724-002507,Jennifer Compton,Ventilation operations completed on roof.,2025-07-24T20:32:36.139696+00:00
INC-20250724-002507,Melinda Daniels,Initial size-up complete. Fire showing from second floor.,2025-07-24T20:32:36.139696+00:00
INC-20250806-002509,Jessica Guzman,Utilities secured. Gas and electric shutoff confirmed.,2025-08-06T18:19:10.139696+00:00
INC-20240713-002510,William Goodwin,Fire origin investigation underway.,2024-07-13T14:14:48.139696+00:00
INC-20240713-002510,Jeffrey Acosta,Thermal imaging scan reveals no hidden hot spots.,2024-07-13T14:14:48.139696+00:00
INC-20250728-002512,Rebecca Mclaughlin,Utilities secured. Gas and electric shutoff confirmed.,2025-07-28T02:26:45.139696+00:00
INC-20250728-002512,George Pace PhD,Utilities secured. Gas and electric shutoff confirmed.,2025-07-28T02:26:45.139696+00:00
INC-20250728-002512,Christopher Brown,Utilities secured. Gas and electric shutoff confirmed.,2025-07-28T02:26:45.139696+00:00
INC-20250814-002513,Jillian Flores,Fire knocked down. Overhaul in progress.,2025-08-14T19:37:08.139696+00:00
INC-20230420-002515,Samuel Ross,Ventilation operations completed on roof.,2023-04-20T15:49:45.139696+00:00
INC-20250928-002529,Claire Dean,Fire origin investigation underway.,2025-09-28T20:53:08.139696+00:00
INC-20250928-002529,Alexander Carter,All occupants evacuated. Primary search complete.,2025-09-28T20:53:08.139696+00:00
INC-20250818-002530,John Spencer,Initial size-up complete. Fire showing from second floor.,2025-08-18T18:11:55.139696+00:00
INC-20250818-002530,Brandy Mendoza,Utilities secured. Gas and electric shutoff confirmed.,2025-08-18T18:11:55.139696+00:00
INC-20250818-002530,Robert Romero,Initial size-up complete. Fire showing from second floor.,2025-08-18T18:11:55.139696+00:00
INC-20240703-002534,Courtney Henderson,Initial size-up complete. Fire showing from second floor.,2024-07-03T22:29:59.139696+00:00
INC-20250915-002535,Kelly Johnson,Fire knocked down. Overhaul in progress.,2025-09-15T04:34:13.139696+00:00
INC-20250915-002535,Cindy Nguyen DVM,All occupants evacuated. Primary search complete.,2025-09-15T04:34:13.139696+00:00
INC-20250915-002535,Jennifer Watts,Fire knocked down. Overhaul in progress.,2025-09-15T04:34:13.139696+00:00
INC-20250623-002536,Thomas Rivera,Initial size-up complete. Fire showing from second floor.,2025-06-23T11:43:35.139696+00:00
INC-20241103-002538,Kimberly Jackson,Initial size-up complete. Fire showing from second floor.,2024-11-03T10:45:29.139696+00:00
INC-20241103-002538,Crystal Larsen,Fire origin investigation underway.,2024-11-03T10:45:29.139696+00:00
INC-20241103-002538,Francis Black,Ventilation operations completed on roof.,2024-11-03T10:45:29.139696+00:00
INC-20250928-002539,Jeffrey Lee,Fire knocked down. Overhaul in progress.,2025-09-28T21:04:23.139696+00:00
INC-20250928-002539,Nicole Williams,Thermal imaging scan reveals no hidden hot spots.,2025-09-28T21:04:23.139696+00:00
INC-20250928-002539,Kaitlyn Morris,All occupants evacuated. Primary search complete.,2025-09-28T21:04:23.139696+00:00
INC-20250904-002540,Sherry Nelson,All occupants evacuated. Primary search complete.,2025-09-04T22:14:23.139696+00:00
INC-20250904-002540,Debra Mills,Defensive operations established due to structural instability.,2025-09-04T22:14:23.139696+00:00
INC-20250824-002541,Brian Rowland,Fire origin investigation underway.,2025-08-24T10:14:06.139696+00:00
INC-20250824-002541,Joanna Cooper,Fire knocked down. Overhaul in progress.,2025-08-24T10:14:06.139696+00:00
INC-20250106-002542,Melissa Ray,All occupants evacuated. Primary search complete.,2025-01-06T06:17:53.139696+00:00
INC-20250106-002542,Jay Lopez,Defensive operations established due to structural instability.,2025-01-06T06:17:53.139696+00:00
INC-20250811-002544,Crystal King,All occupants evacuated. Primary search complete.,2025-08-11T15:12:06.139696+00:00
INC-20250811-002544,Jane Flores,Defensive operations established due to structural instability.,2025-08-11T15:12:06.139696+00:00
INC-20250811-002544,Antonio Martinez,All occupants evacuated. Primary search complete.,2025-08-11T15:12:06.139696+00:00
INC-20250804-002546,Rachel Ellis,Fire knocked down. Overhaul in progress.,2025-08-04T13:33:13.139696+00:00
INC-20250804-002546,Brittany Wilson,Ventilation operations completed on roof.,2025-08-04T13:33:13.139696+00:00
INC-20250804-002546,Karen Holmes,Fire origin investigation underway.,2025-08-04T13:33:13.139696+00:00
INC-20250728-002549,Anthony Acevedo,Fire knocked down. Overhaul in progress.,2025-07-29T00:16:23.139696+00:00
INC-20250728-002549,Vicki Baker,Fire knocked down. Overhaul in progress.,2025-07-29T00:16:23.139696+00:00
INC-20250416-002553,Carlos Harris,All occupants evacuated. Primary search complete.,2025-04-16T08:23:50.139696+00:00
INC-20250916-002555,Ashley Lucas,Defensive operations established due to structural instability.,2025-09-16T18:52:48.139696+00:00
INC-20250916-002555,Lee Ray,Fire knocked down. Overhaul in progress.,2025-09-16T18:52:48.139696+00:00
INC-20250824-002556,Joseph Miller,Ventilation operations completed on roof.,2025-08-24T18:18:39.139696+00:00
INC-20250824-002556,Dawn Jones,Fire origin investigation underway.,2025-08-24T18:18:39.139696+00:00
INC-20250824-002556,Clinton Walker,All occupants evacuated. Primary search complete.,2025-08-24T18:18:39.139696+00:00
INC-20250830-002557,James Warren,Initial size-up complete. Fire showing from second floor.,2025-08-30T20:57:05.139696+00:00
INC-20250830-002557,Alexandria Watts,Defensive operations established due to structural instability.,2025-08-30T20:57:05.139696+00:00
INC-20250905-002558,Kevin Smith,Thermal imaging scan reveals no hidden hot spots.,2025-09-05T09:55:12.139696+00:00
INC-20250730-002560,Diana Andersen,Fire knocked down. Overhaul in progress.,2025-07-30T05:06:55.139696+00:00
INC-20250730-002560,Joshua Shaffer,Fire knocked down. Overhaul in progress.,2025-07-30T05:06:55.139696+00:00
INC-20250811-002564,Heather Perez,Thermal imaging scan reveals no hidden hot spots.,2025-08-11T08:31:31.139696+00:00
INC-20250811-002564,Charles Sanchez,Ventilation operations completed on roof.,2025-08-11T08:31:31.139696+00:00
INC-20241128-002566,Derrick Green,All occupants evacuated. Primary search complete.,2024-11-28T05:44:16.139696+00:00
INC-20250710-002567,Anita Valdez,Initial size-up complete. Fire showing from second floor.,2025-07-10T12:12:00.139696+00:00
INC-20250710-002567,Gregory Gillespie,Fire origin investigation underway.,2025-07-10T12:12:00.139696+00:00
INC-20250225-002568,Natalie Miller,Fire knocked down. Overhaul in progress.,2025-02-25T15:45:50.139696+00:00
INC-20250225-002568,Robert Walker,Utilities secured. Gas and electric shutoff confirmed.,2025-02-25T15:45:50.139696+00:00
INC-20250225-002568,William Moore,All occupants evacuated. Primary search complete.,2025-02-25T15:45:50.139696+00:00
INC-20241201-002569,Janet Lopez,Utilities secured. Gas and electric shutoff confirmed.,2024-12-01T03:09:03.139696+00:00
INC-20251018-002570,Luis Hansen,All occupants evacuated. Primary search complete.,2025-10-18T06:15:24.139696+00:00
INC-20251018-002570,Cynthia Hernandez,Fire knocked down. Overhaul in progress.,2025-10-18T06:15:24.139696+00:00
INC-20251018-002570,Larry Smith,Ventilation operations completed on roof.,2025-10-18T06:15:24.139696+00:00
INC-20250913-002573,Michael Collins,Fire origin investigation underway.,2025-09-13T20:15:53.139696+00:00
INC-20230605-002575,John House,All occupants evacuated. Primary search complete.,2023-06-05T08:22:14.139696+00:00
INC-20230605-002575,Maria Goodwin,Initial size-up complete. Fire showing from second floor.,2023-06-05T08:22:14.139696+00:00
INC-20250910-002576,Matthew Anderson,Ventilation operations completed on roof.,2025-09-10T02:50:34.139696+00:00
INC-20250910-002576,Mr. Steve Taylor Jr.,Fire knocked down. Overhaul in progress.,2025-09-10T02:50:34.139696+00:00
INC-20250910-002576,Chad Mendoza,Utilities secured. Gas and electric shutoff confirmed.,2025-09-10T02:50:34.139696+00:00
INC-20240614-002578,Dana Browning,Ventilation operations completed on roof.,2024-06-14T22:50:42.139696+00:00
INC-20240614-002578,Christopher Baker,Defensive operations established due to structural instability.,2024-06-14T22:50:42.139696+00:00
INC-20240614-002578,Danielle Mooney,Ventilation operations completed on roof.,2024-06-14T22:50:42.139696+00:00
INC-20250901-002580,Mario Hood,Thermal imaging scan reveals no hidden hot spots.,2025-09-01T16:54:58.139696+00:00
INC-20250901-002580,Daniel Burch,All occupants evacuated. Primary search complete.,2025-09-01T16:54:58.139696+00:00
INC-20250905-002581,Troy Gordon,Initial size-up complete. Fire showing from second floor.,2025-09-05T22:38:06.139696+00:00
INC-20251010-002582,Nathan Stewart,Defensive operations established due to structural instability.,2025-10-10T13:12:40.139696+00:00
INC-20251010-002582,Dawn Lawrence,Defensive operations established due to structural instability.,2025-10-10T13:12:40.139696+00:00
INC-20251010-002582,Anthony Williams,Ventilation operations completed on roof.,2025-10-10T13:12:40.139696+00:00
INC-20240530-002583,Stephen Santos,Fire knocked down. Overhaul in progress.,2024-05-30T11:08:15.139696+00:00
INC-20250918-002587,Lisa Wilson,Utilities secured. Gas and electric shutoff confirmed.,2025-09-18T12:08:48.139696+00:00
INC-20250918-002587,Gabrielle Garcia,Defensive operations established due to structural instability.,2025-09-18T12:08:48.139696+00:00
INC-20250811-002588,Deborah Finley,Defensive operations established due to structural instability.,2025-08-11T03:29:33.139696+00:00
INC-20250811-002588,Andre Lamb,Thermal imaging scan reveals no hidden hot spots.,2025-08-11T03:29:33.139696+00:00
INC-20250811-002588,Collin Miller,Thermal imaging scan reveals no hidden hot spots.,2025-08-11T03:29:33.139696+00:00
INC-20250806-002590,Paul Bailey,Ventilation operations completed on roof.,2025-08-06T21:31:57.139696+00:00
INC-20250731-002591,Jeffrey Ward,Fire origin investigation underway.,2025-07-31T14:04:12.139696+00:00
INC-20250731-002591,Mrs. Kimberly Herrera DDS,Initial size-up complete. Fire showing from second floor.,2025-07-31T14:04:12.139696+00:00
INC-20250806-002592,Ronald Gonzalez,Utilities secured. Gas and electric shutoff confirmed.,2025-08-06T22:44:23.139696+00:00
INC-20250806-002592,Elizabeth Hardin,Ventilation operations completed on roof.,2025-08-06T22:44:23.139696+00:00
INC-20250305-002593,Tyler Becker,Defensive operations established due to structural instability.,2025-03-05T04:02:34.139696+00:00
INC-20250305-002593,Thomas Garcia,Initial size-up complete. Fire showing from second floor.,2025-03-05T04:02:34.139696+00:00
INC-20250329-002594,Katelyn Lopez,Defensive operations established due to structural instability.,2025-03-29T22:13:30.139696+00:00
INC-20250329-002594,Michael Gardner,All occupants evacuated. Primary search complete.,2025-03-29T22:13:30.139696+00:00
INC-20250920-002596,Shane Lee,Fire knocked down. Overhaul in progress.,2025-09-20T03:50:11.139696+00:00
INC-20250920-002596,John Murphy,Fire knocked down. Overhaul in progress.,2025-09-20T03:50:11.139696+00:00
INC-20250920-002596,Jermaine Daniels,Defensive operations established due to structural instability.,2025-09-20T03:50:11.139696+00:00
INC-20250922-002598,Zachary Lutz,Thermal imaging scan reveals no hidden hot spots.,2025-09-22T02:52:48.139696+00:00
INC-20251019-002599,Matthew Ferguson,Fire knocked down. Overhaul in progress.,2025-10-19T07:32:40.139696+00:00
INC-20251019-002599,Tristan Davis,Fire knocked down. Overhaul in progress.,2025-10-19T07:32:40.139696+00:00
INC-20250829-002600,Amanda West,All occupants evacuated. Primary search complete.,2025-08-29T11:34:00.139696+00:00
INC-20250623-002603,Emily Anderson,Thermal imaging scan reveals no hidden hot spots.,2025-06-23T11:37:18.139696+00:00
INC-20250623-002603,Ivan Aguilar,Thermal imaging scan reveals no hidden hot spots.,2025-06-23T11:37:18.139696+00:00
INC-20250623-002603,Isaac Stevenson,Fire knocked down. Overhaul in progress.,2025-06-23T11:37:18.139696+00:00
INC-20250901-002604,Joseph Vasquez,Defensive operations established due to structural instability.,2025-09-01T03:14:23.139696+00:00
INC-20250812-002605,Kimberly Adkins,Initial size-up complete. Fire showing from second floor.,2025-08-12T22:50:25.139696+00:00
INC-20250731-002606,Mark Murray,Initial size-up complete. Fire showing from second floor.,2025-07-31T12:59:41.139696+00:00
INC-20250731-002606,Preston Lewis,Ventilation operations completed on roof.,2025-07-31T12:59:41.139696+00:00
INC-20250731-002606,Jacqueline Rojas,Utilities secured. Gas and electric shutoff confirmed.,2025-07-31T12:59:41.139696+00:00
INC-20250317-002608,Rebecca Davis,Defensive operations established due to structural instability.,2025-03-17T18:23:29.139696+00:00
INC-20250317-002608,Tammy Meza,Ventilation operations completed on roof.,2025-03-17T18:23:29.139696+00:00
INC-20250317-002608,Robert Sutton,Defensive operations established due to structural instability.,2025-03-17T18:23:29.139696+00:00
INC-20250804-002609,James Moore,Fire knocked down. Overhaul in progress.,2025-08-04T04:43:51.139696+00:00
INC-20250920-002610,Jacqueline Garcia,Ventilation operations completed on roof.,2025-09-20T05:04:45.139696+00:00
INC-20250509-002611,Joseph Moore,Fire origin investigation underway.,2025-05-09T09:37:04.139696+00:00
INC-20250509-002611,Patrick Baker,Utilities secured. Gas and electric shutoff confirmed.,2025-05-09T09:37:04.139696+00:00
INC-20250509-002611,Tammy King,Ventilation operations completed on roof.,2025-05-09T09:37:04.139696+00:00
INC-20250713-002612,Steven Bailey,Initial size-up complete. Fire showing from second floor.,2025-07-13T23:09:28.139696+00:00
INC-20250713-002612,Hannah Sherman,Fire knocked down. Overhaul in progress.,2025-07-13T23:09:28.139696+00:00
INC-20230226-002619,John Moody,Fire origin investigation underway.,2023-02-26T00:30:28.139696+00:00
INC-20250812-002620,Isabella Stephens,Ventilation operations completed on roof.,2025-08-12T02:18:09.139696+00:00
INC-20250812-002620,Mary Hoffman,Thermal imaging scan reveals no hidden hot spots.,2025-08-12T02:18:09.139696+00:00
INC-20250811-002621,Scott Nunez,Fire knocked down. Overhaul in progress.,2025-08-11T13:04:03.139696+00:00
INC-20250908-002623,Dorothy Johnson,Fire origin investigation underway.,2025-09-08T07:52:44.139696+00:00
INC-20250908-002623,Kristen Jacobs,Ventilation operations completed on roof.,2025-09-08T07:52:44.139696+00:00
INC-20250908-002623,Kimberly Baker,Ventilation operations completed on roof.,2025-09-08T07:52:44.139696+00:00
INC-20241206-002627,Melissa Harrison,Defensive operations established due to structural instability.,2024-12-06T02:05:18.139696+00:00
INC-20241206-002627,Grant Skinner,Initial size-up complete. Fire showing from second floor.,2024-12-06T02:05:18.139696+00:00
INC-20250922-002630,Michael Howard,Initial size-up complete. Fire showing from second floor.,2025-09-22T17:09:13.139696+00:00
INC-20250922-002630,Laurie Nguyen,Ventilation operations completed on roof.,2025-09-22T17:09:13.139696+00:00
INC-20250922-002630,Tina Smith,Initial size-up complete. Fire showing from second floor.,2025-09-22T17:09:13.139696+00:00
INC-20251013-002631,Karen Mendoza,Ventilation operations completed on roof.,2025-10-13T06:34:21.139696+00:00
INC-20251013-002631,Gina Cooke,Ventilation operations completed on roof.,2025-10-13T06:34:21.139696+00:00
INC-20251013-002631,Crystal Castro,Utilities secured. Gas and electric shutoff confirmed.,2025-10-13T06:34:21.139696+00:00
INC-20230217-002636,Natalie Adkins,All occupants evacuated. Primary search complete.,2023-02-17T13:25:09.139696+00:00
INC-20230217-002636,Alicia Johnson,Ventilation operations completed on roof.,2023-02-17T13:25:09.139696+00:00
INC-20230217-002636,April Williams,Defensive operations established due to structural instability.,2023-02-17T13:25:09.139696+00:00
INC-20250729-002637,Lisa Turner,Fire origin investigation underway.,2025-07-29T17:49:31.139696+00:00
INC-20250729-002637,Jackie Howard,All occupants evacuated. Primary search complete.,2025-07-29T17:49:31.139696+00:00
INC-20250811-002639,Christopher Brown,Ventilation operations completed on roof.,2025-08-11T12:26:49.139696+00:00
INC-20250920-002641,Jessica Curtis,Fire knocked down. Overhaul in progress.,2025-09-20T04:55:32.139696+00:00
INC-20250919-002644,Francis Smith,Utilities secured. Gas and electric shutoff confirmed.,2025-09-19T05:01:36.139696+00:00
INC-20240302-002645,Christian Smith,Ventilation operations completed on roof.,2024-03-02T09:21:44.139696+00:00
INC-20250831-002646,Joshua Fields,Fire origin investigation underway.,2025-08-31T17:33:10.139696+00:00
INC-20250831-002646,Rachel Cooper,All occupants evacuated. Primary search complete.,2025-08-31T17:33:10.139696+00:00
INC-20250831-002646,Ashley Waters,Defensive operations established due to structural instability.,2025-08-31T17:33:10.139696+00:00
INC-20240822-002647,Courtney Whitaker,Thermal imaging scan reveals no hidden hot spots.,2024-08-22T09:46:34.139696+00:00
INC-20240822-002647,Charles Smith,Ventilation operations completed on roof.,2024-08-22T09:46:34.139696+00:00
INC-20240822-002647,Katherine Hughes,All occupants evacuated. Primary search complete.,2024-08-22T09:46:34.139696+00:00
INC-20250822-002648,Annette Saunders,Ventilation operations completed on roof.,2025-08-22T05:36:18.139696+00:00
INC-20250822-002648,Jonathan Wallace,Fire origin investigation underway.,2025-08-22T05:36:18.139696+00:00
INC-20250822-002648,Terry Lee,Fire origin investigation underway.,2025-08-22T05:36:18.139696+00:00
INC-20250930-002652,Scott Perez,All occupants evacuated. Primary search complete.,2025-09-30T06:16:01.139696+00:00
INC-20250930-002652,Becky Baker,Initial size-up complete. Fire showing from second floor.,2025-09-30T06:16:01.139696+00:00
INC-20250930-002652,Maria Daniel,Ventilation operations completed on roof.,2025-09-30T06:16:01.139696+00:00
INC-20240929-002653,Michael Johnson,All occupants evacuated. Primary search complete.,2024-09-29T08:12:31.139696+00:00
INC-20250809-002654,Jordan Anderson,Defensive operations established due to structural instability.,2025-08-09T00:35:37.139696+00:00
INC-20250809-002654,Ronald Chen,Fire origin investigation underway.,2025-08-09T00:35:37.139696+00:00
INC-20250809-002654,Michael White,Fire knocked down. Overhaul in progress.,2025-08-09T00:35:37.139696+00:00
INC-20250816-002655,Jennifer Martin,Fire origin investigation underway.,2025-08-16T03:56:34.139696+00:00
INC-20250816-002655,Kaylee Lopez,Utilities secured. Gas and electric shutoff confirmed.,2025-08-16T03:56:34.139696+00:00
INC-20251018-002656,Kelly Douglas,Initial size-up complete. Fire showing from second floor.,2025-10-18T23:51:44.139696+00:00
INC-20251018-002656,Emily Schneider,Thermal imaging scan reveals no hidden hot spots.,2025-10-18T23:51:44.139696+00:00
INC-20251018-002656,Suzanne Vega,All occupants evacuated. Primary search complete.,2025-10-18T23:51:44.139696+00:00
INC-20250212-002657,Shannon Watkins,Ventilation operations completed on roof.,2025-02-12T21:05:06.139696+00:00
INC-20250212-002657,Amy Phillips,All occupants evacuated. Primary search complete.,2025-02-12T21:05:06.139696+00:00
INC-20250212-002657,Jennifer Brown,Initial size-up complete. Fire showing from second floor.,2025-02-12T21:05:06.139696+00:00
INC-20250828-002661,Rebecca Wagner,Defensive operations established due to structural instability.,2025-08-28T00:21:38.139696+00:00
INC-20250828-002661,Alec Russell,All occupants evacuated. Primary search complete.,2025-08-28T00:21:38.139696+00:00
INC-20251014-002662,Amy Taylor,Thermal imaging scan reveals no hidden hot spots.,2025-10-15T00:11:39.139696+00:00
INC-20250809-002663,Ruben Mcdowell,Initial size-up complete. Fire showing from second floor.,2025-08-09T22:05:12.139696+00:00
INC-20250809-002663,Jennifer Wade,Fire knocked down. Overhaul in progress.,2025-08-09T22:05:12.139696+00:00
INC-20251017-002665,Mary Hendrix,Utilities secured. Gas and electric shutoff confirmed.,2025-10-17T04:14:52.139696+00:00
INC-20230212-002667,Sharon Foster,Initial size-up complete. Fire showing from second floor.,2023-02-12T07:03:54.139696+00:00
INC-20250916-002669,Kathy Moore,Utilities secured. Gas and electric shutoff confirmed.,2025-09-16T06:00:36.139696+00:00
INC-20250916-002669,Jeffrey Johnson,Thermal imaging scan reveals no hidden hot spots.,2025-09-16T06:00:36.139696+00:00
INC-20250821-002673,Brian Martinez,Fire origin investigation underway.,2025-08-21T19:13:59.139696+00:00
INC-20250821-002673,Patricia Miles,Fire knocked down. Overhaul in progress.,2025-08-21T19:13:59.139696+00:00
INC-20250928-002674,Christopher Lee,Fire origin investigation underway.,2025-09-28T20:18:07.139696+00:00
INC-20250928-002674,Michael Hall,Defensive operations established due to structural instability.,2025-09-28T20:18:07.139696+00:00
INC-20250808-002676,Terry Sullivan,Fire origin investigation underway.,2025-08-08T05:10:01.139696+00:00
INC-20250710-002677,Drew Kelly,Fire origin investigation underway.,2025-07-10T18:29:05.139696+00:00
INC-20250710-002677,Olivia Proctor,Defensive operations established due to structural instability.,2025-07-10T18:29:05.139696+00:00
INC-20250710-002677,David Hoover,Utilities secured. Gas and electric shutoff confirmed.,2025-07-10T18:29:05.139696+00:00
INC-20250926-002678,Brenda Young,Fire origin investigation underway.,2025-09-26T15:46:16.139696+00:00
INC-20250926-002678,Bryan Miller,Fire knocked down. Overhaul in progress.,2025-09-26T15:46:16.139696+00:00
INC-20250426-002681,Frances Lewis,Ventilation operations completed on roof.,2025-04-26T21:19:15.139696+00:00
INC-20250426-002681,Cheyenne Lewis,Fire knocked down. Overhaul in progress.,2025-04-26T21:19:15.139696+00:00
INC-20250426-002681,Andrea Cummings,Fire knocked down. Overhaul in progress.,2025-04-26T21:19:15.139696+00:00
INC-20250924-002682,James Weiss,All occupants evacuated. Primary search complete.,2025-09-24T17:01:41.139696+00:00
INC-20250803-002683,Brandon Callahan,Initial size-up complete. Fire showing from second floor.,2025-08-03T17:51:30.139696+00:00
INC-20250807-002684,Paige Silva,Fire origin investigation underway.,2025-08-07T03:04:16.139696+00:00
INC-20250807-002684,Megan Patterson,Thermal imaging scan reveals no hidden hot spots.,2025-08-07T03:04:16.139696+00:00
INC-20250514-002686,Kayla Buck,Fire origin investigation underway.,2025-05-14T23:25:54.139696+00:00
INC-20250514-002686,Savannah Jones,All occupants evacuated. Primary search complete.,2025-05-14T23:25:54.139696+00:00
INC-20250312-002688,Amy Woodard,Fire origin investigation underway.,2025-03-12T00:34:34.139696+00:00
INC-20250919-002689,Nicholas Ramsey,Utilities secured. Gas and electric shutoff confirmed.,2025-09-19T12:19:47.139696+00:00
INC-20250919-002689,Danielle Craig,Initial size-up complete. Fire showing from second floor.,2025-09-19T12:19:47.139696+00:00
INC-20250919-002689,Gary Trujillo,Fire knocked down. Overhaul in progress.,2025-09-19T12:19:47.139696+00:00
INC-20250923-002690,Dr. Adam Miller,Defensive operations established due to structural instability.,2025-09-23T21:00:34.139696+00:00
INC-20250923-002690,Lindsey Kelly,Fire origin investigation underway.,2025-09-23T21:00:34.139696+00:00
INC-20251002-002691,James Patel,Fire origin investigation underway.,2025-10-02T08:38:16.139696+00:00
INC-20251002-002691,Brandon Lee,Initial size-up complete. Fire showing from second floor.,2025-10-02T08:38:16.139696+00:00
INC-20251006-002692,Thomas Campbell,Utilities secured. Gas and electric shutoff confirmed.,2025-10-06T10:25:22.139696+00:00
INC-20251005-002693,Carolyn Sherman,Fire origin investigation underway.,2025-10-05T14:45:07.139696+00:00
INC-20251005-002693,Alexander Thompson,Ventilation operations completed on roof.,2025-10-05T14:45:07.139696+00:00
INC-20251005-002693,Curtis Henderson,Initial size-up complete. Fire showing from second floor.,2025-10-05T14:45:07.139696+00:00
INC-20250725-002696,Kelly Morris,Utilities secured. Gas and electric shutoff confirmed.,2025-07-25T03:52:54.139696+00:00
INC-20250914-002697,Amy Burns,Fire origin investigation underway.,2025-09-14T16:21:08.139696+00:00
INC-20240325-002699,Nancy Hoover,Defensive operations established due to structural instability.,2024-03-25T01:26:42.139696+00:00
INC-20240124-002700,Joshua Davis,Defensive operations established due to structural instability.,2024-01-24T21:33:07.139696+00:00
INC-20240917-002701,Charles Gentry,Defensive operations established due to structural instability.,2024-09-17T05:20:41.139696+00:00
INC-20250920-002702,Laura Reid,Initial size-up complete. Fire showing from second floor.,2025-09-20T12:34:55.139696+00:00
INC-20250920-002702,Michael Ramirez,Fire origin investigation underway.,2025-09-20T12:34:55.139696+00:00
INC-20250920-002702,Amy Durham,Thermal imaging scan reveals no hidden hot spots.,2025-09-20T12:34:55.139696+00:00
INC-20230906-002704,Stacy Acosta,Utilities secured. Gas and electric shutoff confirmed.,2023-09-06T16:45:34.139696+00:00
INC-20250824-002705,Robert Turner,Fire origin investigation underway.,2025-08-24T09:14:45.139696+00:00
INC-20250824-002705,Nathan Salazar,Thermal imaging scan reveals no hidden hot spots.,2025-08-24T09:14:45.139696+00:00
INC-20250916-002706,Stanley Jacobs,Fire knocked down. Overhaul in progress.,2025-09-16T03:33:20.139696+00:00
INC-20250916-002706,Lori Smith,Thermal imaging scan reveals no hidden hot spots.,2025-09-16T03:33:20.139696+00:00
INC-20240703-002707,Angela Faulkner,Fire knocked down. Overhaul in progress.,2024-07-03T09:30:06.139696+00:00
INC-20240703-002707,Craig Hatfield,Initial size-up complete. Fire showing from second floor.,2024-07-03T09:30:06.139696+00:00
INC-20240703-002707,Christopher Newton,Fire knocked down. Overhaul in progress.,2024-07-03T09:30:06.139696+00:00
INC-20250903-002710,Lauren Jenkins,Fire origin investigation underway.,2025-09-03T02:46:26.139696+00:00
INC-20250903-002710,Amy Wallace,Ventilation operations completed on roof.,2025-09-03T02:46:26.139696+00:00
INC-20241110-002716,Karen Thomas,All occupants evacuated. Primary search complete.,2024-11-10T19:57:26.139696+00:00
INC-20241110-002716,Samantha Harper,Fire origin investigation underway.,2024-11-10T19:57:26.139696+00:00
INC-20241110-002716,Robert Torres,Ventilation operations completed on roof.,2024-11-10T19:57:26.139696+00:00
INC-20241118-002717,Philip Jones,Ventilation operations completed on roof.,2024-11-18T02:02:46.139696+00:00
INC-20241118-002717,Amanda Martin,Fire knocked down. Overhaul in progress.,2024-11-18T02:02:46.139696+00:00
INC-20241118-002717,Scott Hardin,Initial size-up complete. Fire showing from second floor.,2024-11-18T02:02:46.139696+00:00
INC-20251018-002718,John Bradley,Initial size-up complete. Fire showing from second floor.,2025-10-18T11:18:25.139696+00:00
INC-20251018-002718,Scott Brown,Fire origin investigation underway.,2025-10-18T11:18:25.139696+00:00
INC-20250819-002723,Ashley Sloan,Fire origin investigation underway.,2025-08-19T18:52:44.139696+00:00
INC-20250819-002723,Michelle Duran,Thermal imaging scan reveals no hidden hot spots.,2025-08-19T18:52:44.139696+00:00
INC-20250916-002724,Amanda Stewart,Fire knocked down. Overhaul in progress.,2025-09-16T23:52:40.139696+00:00
INC-20250916-002724,Debra Young,Initial size-up complete. Fire showing from second floor.,2025-09-16T23:52:40.139696+00:00
INC-20250916-002724,Meredith Hale,Ventilation operations completed on roof.,2025-09-16T23:52:40.139696+00:00
INC-20241219-002725,Mark Peters,Utilities secured. Gas and electric shutoff confirmed.,2024-12-19T11:59:18.139696+00:00
INC-20241219-002725,David Rhodes,Ventilation operations completed on roof.,2024-12-19T11:59:18.139696+00:00
INC-20241219-002725,Timothy Green,Fire knocked down. Overhaul in progress.,2024-12-19T11:59:18.139696+00:00
INC-20251013-002729,Kathleen Cannon,Utilities secured. Gas and electric shutoff confirmed.,2025-10-13T20:24:17.139696+00:00
INC-20251013-002729,Richard Moss,All occupants evacuated. Primary search complete.,2025-10-13T20:24:17.139696+00:00
INC-20250828-002730,Christopher Shaffer,Utilities secured. Gas and electric shutoff confirmed.,2025-08-28T05:10:00.139696+00:00
INC-20250420-002731,Lisa Knapp,All occupants evacuated. Primary search complete.,2025-04-20T17:53:51.139696+00:00
INC-20250420-002731,Allison Pugh,Thermal imaging scan reveals no hidden hot spots.,2025-04-20T17:53:51.139696+00:00
INC-20250420-002731,Brittany Colon,Initial size-up complete. Fire showing from second floor.,2025-04-20T17:53:51.139696+00:00
INC-20250911-002732,Rebecca Castillo,Defensive operations established due to structural instability.,2025-09-11T09:48:38.139696+00:00
INC-20250914-002733,Crystal Figueroa,Thermal imaging scan reveals no hidden hot spots.,2025-09-14T20:00:16.139696+00:00
INC-20250914-002733,Jeffrey Mosley,Fire origin investigation underway.,2025-09-14T20:00:16.139696+00:00
INC-20250309-002735,Stacey Rice,Defensive operations established due to structural instability.,2025-03-09T02:23:22.139696+00:00
INC-20250309-002735,Linda Miller,All occupants evacuated. Primary search complete.,2025-03-09T02:23:22.139696+00:00
INC-20250309-002735,Aaron Saunders,Initial size-up complete. Fire showing from second floor.,2025-03-09T02:23:22.139696+00:00
INC-20250903-002736,Brian Sullivan,All occupants evacuated. Primary search complete.,2025-09-03T08:34:35.139696+00:00
INC-20250903-002736,Catherine Sutton,Ventilation operations completed on roof.,2025-09-03T08:34:35.139696+00:00
INC-20250903-002736,Joshua Kelly,Defensive operations established due to structural instability.,2025-09-03T08:34:35.139696+00:00
INC-20250825-002737,James Russo,Fire knocked down. Overhaul in progress.,2025-08-25T05:18:54.139696+00:00
INC-20250825-002737,Jennifer Huang,Ventilation operations completed on roof.,2025-08-25T05:18:54.139696+00:00
INC-20250903-002738,Edward Sparks,Defensive operations established due to structural instability.,2025-09-03T13:22:52.139696+00:00
INC-20241029-002739,Lindsay Burns,Thermal imaging scan reveals no hidden hot spots.,2024-10-29T15:16:07.139696+00:00
INC-20241029-002739,Angelica Petersen,Initial size-up complete. Fire showing from second floor.,2024-10-29T15:16:07.139696+00:00
INC-20250517-002740,Lisa Garcia,Fire knocked down. Overhaul in progress.,2025-05-17T12:53:45.139696+00:00
INC-20250517-002740,Trevor Johnson Jr.,Thermal imaging scan reveals no hidden hot spots.,2025-05-17T12:53:45.139696+00:00
INC-20250517-002740,Angel Cooper,Defensive operations established due to structural instability.,2025-05-17T12:53:45.139696+00:00
INC-20240421-002741,Regina Jones,Initial size-up complete. Fire showing from second floor.,2024-04-21T04:28:40.139696+00:00
INC-20240915-002744,Bradley Jordan,All occupants evacuated. Primary search complete.,2024-09-15T14:05:32.139696+00:00
INC-20240915-002744,Barbara Colon,Initial size-up complete. Fire showing from second floor.,2024-09-15T14:05:32.139696+00:00
INC-20240915-002744,Jessica York,Thermal imaging scan reveals no hidden hot spots.,2024-09-15T14:05:32.139696+00:00
INC-20250831-002746,Benjamin Gonzalez,Fire knocked down. Overhaul in progress.,2025-08-31T16:20:54.139696+00:00
INC-20240103-002749,Lynn Ayers,Defensive operations established due to structural instability.,2024-01-03T01:57:30.139696+00:00
INC-20250911-002750,Rebekah Hill,Initial size-up complete. Fire showing from second floor.,2025-09-11T18:24:39.139696+00:00
INC-20250911-002750,Jasmine Mitchell,Ventilation operations completed on roof.,2025-09-11T18:24:39.139696+00:00
INC-20250817-002753,Brenda Burke,Fire origin investigation underway.,2025-08-17T16:25:58.139696+00:00
INC-20250817-002753,Molly Mahoney,All occupants evacuated. Primary search complete.,2025-08-17T16:25:58.139696+00:00
INC-20250817-002753,Mia Johnson,Fire knocked down. Overhaul in progress.,2025-08-17T16:25:58.139696+00:00
INC-20250929-002754,Marilyn Rodriguez,Ventilation operations completed on roof.,2025-09-29T11:34:37.139696+00:00
INC-20250929-002754,Gregory Mason,Thermal imaging scan reveals no hidden hot spots.,2025-09-29T11:34:37.139696+00:00
INC-20250929-002754,Jennifer Howard,Fire knocked down. Overhaul in progress.,2025-09-29T11:34:37.139696+00:00
INC-20250512-002755,Christopher Nguyen,Utilities secured. Gas and electric shutoff confirmed.,2025-05-12T13:35:04.139696+00:00
INC-20250512-002755,Alexander Torres,Fire origin investigation underway.,2025-05-12T13:35:04.139696+00:00
INC-20251018-002756,Christopher Williams,Thermal imaging scan reveals no hidden hot spots.,2025-10-18T16:45:14.139696+00:00
INC-20251018-002756,Michael Martinez,Ventilation operations completed on roof.,2025-10-18T16:45:14.139696+00:00
INC-20250801-002758,Monica Chen,Defensive operations established due to structural instability.,2025-08-01T08:43:52.139696+00:00
INC-20250521-002759,Jacob Little,Defensive operations established due to structural instability.,2025-05-21T12:29:02.139696+00:00
INC-20250521-002759,Emma Long,Fire knocked down. Overhaul in progress.,2025-05-21T12:29:02.139696+00:00
INC-20250818-002761,Xavier Mullen,Fire origin investigation underway.,2025-08-18T23:18:18.139696+00:00
INC-20251013-002767,Joanne Berry,Initial size-up complete. Fire showing from second floor.,2025-10-13T23:58:41.139696+00:00
INC-20251013-002767,Amy Adams,Thermal imaging scan reveals no hidden hot spots.,2025-10-13T23:58:41.139696+00:00
INC-20250804-002768,Trevor Wang,Initial size-up complete. Fire showing from second floor.,2025-08-04T18:56:22.139696+00:00
INC-20250804-002768,Anthony Garrett,Initial size-up complete. Fire showing from second floor.,2025-08-04T18:56:22.139696+00:00
INC-20250101-002771,Melissa Monroe,Utilities secured. Gas and electric shutoff confirmed.,2025-01-01T19:44:47.139696+00:00
INC-20250101-002771,Jessica Gray,Fire origin investigation underway.,2025-01-01T19:44:47.139696+00:00
INC-20250418-002773,Brian Parks,Utilities secured. Gas and electric shutoff confirmed.,2025-04-18T18:07:10.139696+00:00
INC-20241215-002775,Raymond Wilson,All occupants evacuated. Primary search complete.,2024-12-15T23:26:56.139696+00:00
INC-20241215-002775,Mr. James Marshall,All occupants evacuated. Primary search complete.,2024-12-15T23:26:56.139696+00:00
INC-20241215-002775,Wayne Davis,Thermal imaging scan reveals no hidden hot spots.,2024-12-15T23:26:56.139696+00:00
INC-20251010-002778,Daniel Hensley,Ventilation operations completed on roof.,2025-10-10T06:16:45.139696+00:00
INC-20251010-002778,Jennifer Murray,Thermal imaging scan reveals no hidden hot spots.,2025-10-10T06:16:45.139696+00:00
INC-20251010-002778,David Hayes,All occupants evacuated. Primary search complete.,2025-10-10T06:16:45.139696+00:00
INC-20250828-002779,Katelyn Lutz,Initial size-up complete. Fire showing from second floor.,2025-08-28T05:24:33.139696+00:00
INC-20250828-002779,Ashley Robbins,Initial size-up complete. Fire showing from second floor.,2025-08-28T05:24:33.139696+00:00
INC-20250828-002779,David Garcia,Thermal imaging scan reveals no hidden hot spots.,2025-08-28T05:24:33.139696+00:00
INC-20250918-002780,Valerie Coleman,Ventilation operations completed on roof.,2025-09-18T10:15:48.139696+00:00
INC-20250918-002780,Julia Simon PhD,Ventilation operations completed on roof.,2025-09-18T10:15:48.139696+00:00
INC-20251015-002781,Wendy Wright MD,Fire knocked down. Overhaul in progress.,2025-10-15T07:11:25.139696+00:00
INC-20251015-002781,Donald White,Ventilation operations completed on roof.,2025-10-15T07:11:25.139696+00:00
INC-20251005-002782,Jessica Butler,Thermal imaging scan reveals no hidden hot spots.,2025-10-05T09:14:46.139696+00:00
INC-20250503-002783,Robin Ward,Initial size-up complete. Fire showing from second floor.,2025-05-03T23:49:27.139696+00:00
INC-20250503-002783,Michael Jenkins,Thermal imaging scan reveals no hidden hot spots.,2025-05-03T23:49:27.139696+00:00
INC-20250503-002783,Timothy Taylor,Initial size-up complete. Fire showing from second floor.,2025-05-03T23:49:27.139696+00:00
INC-20250401-002784,Anita Martinez,Defensive operations established due to structural instability.,2025-04-01T09:08:58.139696+00:00
INC-20250401-002784,Sherry Miller,All occupants evacuated. Primary search complete.,2025-04-01T09:08:58.139696+00:00
INC-20250401-002784,Joseph Morales,Thermal imaging scan reveals no hidden hot spots.,2025-04-01T09:08:58.139696+00:00
INC-20250801-002789,Ricky Buckley,Fire origin investigation underway.,2025-08-01T01:43:23.139696+00:00
INC-20250801-002789,Brandon Mclean,Fire origin investigation underway.,2025-08-01T01:43:23.139696+00:00
INC-20251007-002790,Chris Horton,Fire knocked down. Overhaul in progress.,2025-10-07T11:59:06.139696+00:00
INC-20251007-002790,Joseph Matthews,All occupants evacuated. Primary search complete.,2025-10-07T11:59:06.139696+00:00
INC-20251007-002790,Sherry Thomas,Defensive operations established due to structural instability.,2025-10-07T11:59:06.139696+00:00
INC-20241218-002792,Michael Mitchell,All occupants evacuated. Primary search complete.,2024-12-18T16:44:58.139696+00:00
INC-20241218-002792,Matthew Hebert,Defensive operations established due to structural instability.,2024-12-18T16:44:58.139696+00:00
INC-20250427-002796,Jenna Mack,All occupants evacuated. Primary search complete.,2025-04-27T20:24:51.139696+00:00
INC-20250427-002796,Brittany Dixon,Initial size-up complete. Fire showing from second floor.,2025-04-27T20:24:51.139696+00:00
INC-20250427-002796,Kristine Ryan,Defensive operations established due to structural instability.,2025-04-27T20:24:51.139696+00:00
INC-20250916-002798,Holly Guerrero,Ventilation operations completed on roof.,2025-09-16T13:48:40.139696+00:00
INC-20241211-002805,Richard Sampson,Thermal imaging scan reveals no hidden hot spots.,2024-12-11T19:13:32.139696+00:00
INC-20241211-002805,Matthew Herrera,Fire origin investigation underway.,2024-12-11T19:13:32.139696+00:00
INC-20250112-002806,Renee Jennings,All occupants evacuated. Primary search complete.,2025-01-12T02:47:12.139696+00:00
INC-20250807-002809,Lindsey Lewis,Utilities secured. Gas and electric shutoff confirmed.,2025-08-07T04:31:12.139696+00:00
INC-20250807-002809,Luis Gutierrez,All occupants evacuated. Primary search complete.,2025-08-07T04:31:12.139696+00:00
INC-20250807-002809,Heather Fischer,Thermal imaging scan reveals no hidden hot spots.,2025-08-07T04:31:12.139696+00:00
INC-20250926-002811,John Lewis,Utilities secured. Gas and electric shutoff confirmed.,2025-09-26T21:45:39.139696+00:00
INC-20250926-002811,Rachel Robles,Fire knocked down. Overhaul in progress.,2025-09-26T21:45:39.139696+00:00
INC-20250926-002811,Karen Wade,Fire origin investigation underway.,2025-09-26T21:45:39.139696+00:00
INC-20250808-002812,Brian Hernandez,Initial size-up complete. Fire showing from second floor.,2025-08-08T12:35:00.139696+00:00
INC-20250808-002812,William Powell,Utilities secured. Gas and electric shutoff confirmed.,2025-08-08T12:35:00.139696+00:00
INC-20250129-002814,Nancy Flores MD,Defensive operations established due to structural instability.,2025-01-29T01:07:18.139696+00:00
INC-20250921-002815,Julie Kelly,Utilities secured. Gas and electric shutoff confirmed.,2025-09-21T16:03:23.139696+00:00
INC-20250921-002815,Scott Leon,Utilities secured. Gas and electric shutoff confirmed.,2025-09-21T16:03:23.139696+00:00
INC-20250921-002815,Pamela Oconnor,Fire origin investigation underway.,2025-09-21T16:03:23.139696+00:00
INC-20250909-002816,Colin Davis,Initial size-up complete. Fire showing from second floor.,2025-09-09T15:19:57.139696+00:00
INC-20250909-002816,Samantha Webb,Fire knocked down. Overhaul in progress.,2025-09-09T15:19:57.139696+00:00
INC-20250909-002816,Cynthia Reed,All occupants evacuated. Primary search complete.,2025-09-09T15:19:57.139696+00:00
INC-20251019-002817,Amanda Schroeder,Thermal imaging scan reveals no hidden hot spots.,2025-10-19T03:54:07.139696+00:00
INC-20250827-002818,Amanda Andrews,Utilities secured. Gas and electric shutoff confirmed.,2025-08-27T21:29:21.139696+00:00
INC-20250827-002818,Kimberly Barnes,Utilities secured. Gas and electric shutoff confirmed.,2025-08-27T21:29:21.139696+00:00
INC-20250909-002819,Andrea Perez,Fire origin investigation underway.,2025-09-09T19:54:58.139696+00:00
INC-20250909-002819,Andrew Newton,Fire knocked down. Overhaul in progress.,2025-09-09T19:54:58.139696+00:00
INC-20250909-002819,Laurie Greene,Fire knocked down. Overhaul in progress.,2025-09-09T19:54:58.139696+00:00
INC-20241202-002820,Jeffrey Rhodes,Ventilation operations completed on roof.,2024-12-02T16:07:01.139696+00:00
INC-20241202-002820,Rodney Elliott,Fire knocked down. Overhaul in progress.,2024-12-02T16:07:01.139696+00:00
INC-20241202-002820,Rachael Travis,Ventilation operations completed on roof.,2024-12-02T16:07:01.139696+00:00
INC-20250219-002821,Wendy Gomez,Ventilation operations completed on roof.,2025-02-19T22:39:41.139696+00:00
INC-20240107-002822,Jessica Robinson,Initial size-up complete. Fire showing from second floor.,2024-01-07T19:42:24.139696+00:00
INC-20250411-002824,Stephen Ramirez,Thermal imaging scan reveals no hidden hot spots.,2025-04-11T00:58:21.139696+00:00
INC-20250411-002824,Ashley Bates,Initial size-up complete. Fire showing from second floor.,2025-04-11T00:58:21.139696+00:00
INC-20250411-002824,Douglas Stephens,Utilities secured. Gas and electric shutoff confirmed.,2025-04-11T00:58:21.139696+00:00
INC-20251017-002826,Theresa Walker,Utilities secured. Gas and electric shutoff confirmed.,2025-10-17T20:58:43.139696+00:00
INC-20251017-002826,Kristen Turner,Defensive operations established due to structural instability.,2025-10-17T20:58:43.139696+00:00
INC-20250807-002828,Brian Ellis,Ventilation operations completed on roof.,2025-08-07T08:10:53.139696+00:00
INC-20250323-002830,Wendy Hogan,Initial size-up complete. Fire showing from second floor.,2025-03-23T20:02:01.139696+00:00
INC-20250813-002831,Alexander Davis,Ventilation operations completed on roof.,2025-08-13T04:40:08.139696+00:00
INC-20250813-002831,Cynthia Bautista,All occupants evacuated. Primary search complete.,2025-08-13T04:40:08.139696+00:00
INC-20250820-002833,Paul Blake,All occupants evacuated. Primary search complete.,2025-08-20T16:09:37.139696+00:00
INC-20250820-002833,Daniel Whitney,Ventilation operations completed on roof.,2025-08-20T16:09:37.139696+00:00
INC-20250820-002833,Tammy Rodriguez,Defensive operations established due to structural instability.,2025-08-20T16:09:37.139696+00:00
INC-20250824-002839,Timothy Campbell,Defensive operations established due to structural instability.,2025-08-24T20:04:37.139696+00:00
INC-20250409-002841,Amanda Garner,Fire origin investigation underway.,2025-04-09T09:55:57.139696+00:00
INC-20250727-002844,Justin Snow,Defensive operations established due to structural instability.,2025-07-27T20:34:09.139696+00:00
INC-20250727-002844,Tara Lucero,Initial size-up complete. Fire showing from second floor.,2025-07-27T20:34:09.139696+00:00
INC-20250727-002844,Joshua Harris,Ventilation operations completed on roof.,2025-07-27T20:34:09.139696+00:00
INC-20251020-002846,Tanya Johnson,Utilities secured. Gas and electric shutoff confirmed.,2025-10-20T04:45:11.139696+00:00
INC-20251020-002846,Lance Maldonado,Defensive operations established due to structural instability.,2025-10-20T04:45:11.139696+00:00
INC-20251020-002846,Curtis Barrera,Defensive operations established due to structural instability.,2025-10-20T04:45:11.139696+00:00
INC-20250201-002847,Susan Novak,All occupants evacuated. Primary search complete.,2025-02-01T23:09:39.139696+00:00
INC-20250201-002847,Susan Carpenter,Thermal imaging scan reveals no hidden hot spots.,2025-02-01T23:09:39.139696+00:00
INC-20250201-002847,Heather Ewing,Fire origin investigation underway.,2025-02-01T23:09:39.139696+00:00
INC-20251014-002851,Randall Chambers,Utilities secured. Gas and electric shutoff confirmed.,2025-10-14T14:04:28.139696+00:00
INC-20251014-002851,Brittany Cruz,Fire origin investigation underway.,2025-10-14T14:04:28.139696+00:00
INC-20251014-002851,Thomas Caldwell,Initial size-up complete. Fire showing from second floor.,2025-10-14T14:04:28.139696+00:00
INC-20240413-002852,David Weaver,Ventilation operations completed on roof.,2024-04-13T16:34:41.139696+00:00
INC-20240413-002852,Angela Clay,Ventilation operations completed on roof.,2024-04-13T16:34:41.139696+00:00
INC-20250925-002855,Paul York,Initial size-up complete. Fire showing from second floor.,2025-09-25T14:39:47.139696+00:00
INC-20250213-002857,Brent Benson,Fire origin investigation underway.,2025-02-13T06:52:06.139696+00:00
INC-20250213-002857,Elizabeth Johnson,Initial size-up complete. Fire showing from second floor.,2025-02-13T06:52:06.139696+00:00
INC-20250407-002859,Brandi Gomez,Thermal imaging scan reveals no hidden hot spots.,2025-04-07T01:52:53.139696+00:00
INC-20250407-002859,Meghan Johnson,Utilities secured. Gas and electric shutoff confirmed.,2025-04-07T01:52:53.139696+00:00
INC-20250818-002862,Stephanie Taylor,Utilities secured. Gas and electric shutoff confirmed.,2025-08-18T01:26:08.139696+00:00
INC-20250818-002862,Wesley Woodard DDS,Thermal imaging scan reveals no hidden hot spots.,2025-08-18T01:26:08.139696+00:00
INC-20250818-002862,Pamela Thompson,Ventilation operations completed on roof.,2025-08-18T01:26:08.139696+00:00
INC-20250903-002863,Zachary Hopkins,Fire origin investigation underway.,2025-09-03T15:32:25.139696+00:00
INC-20250903-002863,Lisa Davis,Fire origin investigation underway.,2025-09-03T15:32:25.139696+00:00
INC-20250903-002863,Jennifer Banks,Fire knocked down. Overhaul in progress.,2025-09-03T15:32:25.139696+00:00
INC-20250815-002864,Adrian Harris,Utilities secured. Gas and electric shutoff confirmed.,2025-08-15T07:56:34.139696+00:00
INC-20240904-002865,Evelyn Robles,Thermal imaging scan reveals no hidden hot spots.,2024-09-04T04:38:49.139696+00:00
INC-20250819-002866,Zachary Rodriguez,Thermal imaging scan reveals no hidden hot spots.,2025-08-19T02:50:50.139696+00:00
INC-20251012-002867,Carl Carpenter,Thermal imaging scan reveals no hidden hot spots.,2025-10-12T09:43:25.139696+00:00
INC-20241211-002868,Jeffrey Valdez,Thermal imaging scan reveals no hidden hot spots.,2024-12-11T05:40:13.139696+00:00
INC-20241211-002868,Maria Hernandez,Thermal imaging scan reveals no hidden hot spots.,2024-12-11T05:40:13.139696+00:00
INC-20241211-002868,Richard Smith,Initial size-up complete. Fire showing from second floor.,2024-12-11T05:40:13.139696+00:00
INC-20250331-002869,Melissa Robinson,Thermal imaging scan reveals no hidden hot spots.,2025-03-31T20:43:27.139696+00:00
INC-20250525-002870,Michelle Kelly,All occupants evacuated. Primary search complete.,2025-05-25T14:39:18.139696+00:00
INC-20250525-002870,Lisa Contreras,Defensive operations established due to structural instability.,2025-05-25T14:39:18.139696+00:00
INC-20241219-002871,Christine Mays,Utilities secured. Gas and electric shutoff confirmed.,2024-12-19T05:49:00.139696+00:00
INC-20241219-002871,Donald Compton,Ventilation operations completed on roof.,2024-12-19T05:49:00.139696+00:00
INC-20250802-002872,Kayla Scott,Defensive operations established due to structural instability.,2025-08-02T02:42:32.139696+00:00
INC-20251021-002873,Jeffrey Phelps,Initial size-up complete. Fire showing from second floor.,2025-10-21T01:02:49.139696+00:00
INC-20241212-002874,Zachary Bean,Defensive operations established due to structural instability.,2024-12-12T06:06:24.139696+00:00
INC-20250801-002875,Jacqueline Hall,Ventilation operations completed on roof.,2025-08-01T15:41:28.139696+00:00
INC-20250801-002875,Richard Simmons,Defensive operations established due to structural instability.,2025-08-01T15:41:28.139696+00:00
INC-20250801-002875,Tracy Barry,All occupants evacuated. Primary search complete.,2025-08-01T15:41:28.139696+00:00
INC-20250819-002879,Mary Orr,All occupants evacuated. Primary search complete.,2025-08-19T20:39:30.139696+00:00
INC-20250819-002879,Patrick Norris,All occupants evacuated. Primary search complete.,2025-08-19T20:39:30.139696+00:00
INC-20251019-002886,Dennis Rose,Initial size-up complete. Fire showing from second floor.,2025-10-19T06:24:58.139696+00:00
INC-20250519-002888,Debbie Chen,All occupants evacuated. Primary search complete.,2025-05-19T19:39:17.139696+00:00
INC-20251002-002891,Monica Hamilton,Fire origin investigation underway.,2025-10-02T00:38:48.139696+00:00
INC-20250919-002892,Melinda Palmer,Fire knocked down. Overhaul in progress.,2025-09-19T13:35:42.139696+00:00
INC-20241227-002894,Diane Smith,Ventilation operations completed on roof.,2024-12-27T17:25:42.139696+00:00
INC-20250814-002896,Kristen Wright,Initial size-up complete. Fire showing from second floor.,2025-08-14T15:05:09.139696+00:00
INC-20250814-002896,Brandy Navarro,Thermal imaging scan reveals no hidden hot spots.,2025-08-14T15:05:09.139696+00:00
INC-20250908-002900,Matthew Pittman,Ventilation operations completed on roof.,2025-09-08T15:13:34.139696+00:00
INC-20250805-002905,Kimberly Smith,Utilities secured. Gas and electric shutoff confirmed.,2025-08-05T21:36:41.139696+00:00
INC-20250805-002905,Lisa Gould,Defensive operations established due to structural instability.,2025-08-05T21:36:41.139696+00:00
INC-20250805-002905,Jason Robinson,Defensive operations established due to structural instability.,2025-08-05T21:36:41.139696+00:00
INC-20250908-002906,Jesse Brown,Ventilation operations completed on roof.,2025-09-08T10:59:07.139696+00:00
INC-20250908-002906,Damon Cox,Fire knocked down. Overhaul in progress.,2025-09-08T10:59:07.139696+00:00
INC-20250908-002906,Sherry Nielsen,Fire origin investigation underway.,2025-09-08T10:59:07.139696+00:00
INC-20250122-002907,Richard Hobbs,Defensive operations established due to structural instability.,2025-01-22T19:24:46.139696+00:00
INC-20251011-002909,Kenneth Frazier,Fire knocked down. Overhaul in progress.,2025-10-11T14:29:39.139696+00:00
INC-20251011-002909,Rose Holloway,Initial size-up complete. Fire showing from second floor.,2025-10-11T14:29:39.139696+00:00
INC-20250606-002911,Justin Morgan,Initial size-up complete. Fire showing from second floor.,2025-06-06T00:59:07.139696+00:00
INC-20250606-002911,George Wilkinson,Utilities secured. Gas and electric shutoff confirmed.,2025-06-06T00:59:07.139696+00:00
INC-20250522-002913,Louis Jones,Initial size-up complete. Fire showing from second floor.,2025-05-22T08:59:56.139696+00:00
INC-20250522-002913,Martin Stout,Defensive operations established due to structural instability.,2025-05-22T08:59:56.139696+00:00
INC-20241218-002916,Shannon Ray DVM,Ventilation operations completed on roof.,2024-12-18T10:05:15.139696+00:00
INC-20250724-002917,Lindsey Ali,Utilities secured. Gas and electric shutoff confirmed.,2025-07-24T10:15:03.139696+00:00
INC-20250724-002917,Audrey Jackson,Defensive operations established due to structural instability.,2025-07-24T10:15:03.139696+00:00
INC-20250724-002917,Frank Mitchell,Fire knocked down. Overhaul in progress.,2025-07-24T10:15:03.139696+00:00
INC-20251003-002918,Rose Webb,Fire knocked down. Overhaul in progress.,2025-10-03T04:04:17.139696+00:00
INC-20250110-002921,Jeremy Wilkins,Fire origin investigation underway.,2025-01-10T07:26:07.139696+00:00
INC-20250603-002923,Matthew Thomas,Defensive operations established due to structural instability.,2025-06-03T09:38:40.139696+00:00
INC-20250603-002923,Jesus Anderson,Fire knocked down. Overhaul in progress.,2025-06-03T09:38:40.139696+00:00
INC-20250730-002924,Gregory Middleton,Initial size-up complete. Fire showing from second floor.,2025-07-30T15:35:00.139696+00:00
INC-20251013-002925,David Garza,Defensive operations established due to structural instability.,2025-10-13T14:35:41.139696+00:00
INC-20251013-002925,Mark Payne,Initial size-up complete. Fire showing from second floor.,2025-10-13T14:35:41.139696+00:00
INC-20250831-002926,George Peterson,Ventilation operations completed on roof.,2025-08-31T10:01:57.139696+00:00
INC-20250831-002926,Brent Galvan DDS,Defensive operations established due to structural instability.,2025-08-31T10:01:57.139696+00:00
INC-20250802-002928,Adam Jennings,Fire knocked down. Overhaul in progress.,2025-08-02T12:31:08.139696+00:00
INC-20250903-002929,Mallory Campbell,Initial size-up complete. Fire showing from second floor.,2025-09-03T13:47:11.139696+00:00
INC-20250903-002929,Karen Wilson,Fire knocked down. Overhaul in progress.,2025-09-03T13:47:11.139696+00:00
INC-20250903-002929,Sandra Sampson,All occupants evacuated. Primary search complete.,2025-09-03T13:47:11.139696+00:00
INC-20250922-002930,Gregory Hester,Utilities secured. Gas and electric shutoff confirmed.,2025-09-22T02:15:18.139696+00:00
INC-20250922-002930,Christopher Barton,All occupants evacuated. Primary search complete.,2025-09-22T02:15:18.139696+00:00
INC-20250922-002930,Christopher Diaz,Fire origin investigation underway.,2025-09-22T02:15:18.139696+00:00
INC-20250805-002931,Kimberly Mckay,Fire knocked down. Overhaul in progress.,2025-08-05T21:16:08.139696+00:00
INC-20250908-002932,Aaron Roberts,All occupants evacuated. Primary search complete.,2025-09-08T11:34:32.139696+00:00
INC-20250908-002932,Gina Davis,Ventilation operations completed on roof.,2025-09-08T11:34:32.139696+00:00
INC-20250727-002933,Wendy Waller,Thermal imaging scan reveals no hidden hot spots.,2025-07-27T15:39:31.139696+00:00
INC-20250727-002933,Mr. Juan Best DDS,Fire knocked down. Overhaul in progress.,2025-07-27T15:39:31.139696+00:00
INC-20250727-002933,Michael Boyer,Thermal imaging scan reveals no hidden hot spots.,2025-07-27T15:39:31.139696+00:00
INC-20250805-002934,Alyssa Miles,Initial size-up complete. Fire showing from second floor.,2025-08-05T15:05:36.139696+00:00
INC-20250805-002934,Erik Allen,Fire origin investigation underway.,2025-08-05T15:05:36.139696+00:00
INC-20250805-002934,Sandra Leon,Ventilation operations completed on roof.,2025-08-05T15:05:36.139696+00:00
INC-20250804-002936,Barbara Rivera,All occupants evacuated. Primary search complete.,2025-08-04T05:57:47.139696+00:00
INC-20250804-002936,Vincent Benson,All occupants evacuated. Primary search complete.,2025-08-04T05:57:47.139696+00:00
INC-20240513-002937,Christina Knight,Fire origin investigation underway.,2024-05-13T22:53:52.139696+00:00
INC-20240513-002937,Victoria Vega,Thermal imaging scan reveals no hidden hot spots.,2024-05-13T22:53:52.139696+00:00
INC-20240513-002937,Kristin Baker,Utilities secured. Gas and electric shutoff confirmed.,2024-05-13T22:53:52.139696+00:00
INC-20240424-002940,Mrs. Elizabeth James,Fire origin investigation underway.,2024-04-24T07:42:21.139696+00:00
INC-20250106-002941,Daryl Hines,Thermal imaging scan reveals no hidden hot spots.,2025-01-06T15:05:07.139696+00:00
INC-20250106-002941,Brianna Clay,Ventilation operations completed on roof.,2025-01-06T15:05:07.139696+00:00
INC-20250106-002941,Jamie Mcgee,Ventilation operations completed on roof.,2025-01-06T15:05:07.139696+00:00
INC-20251001-002943,Laura Miller,Defensive operations established due to structural instability.,2025-10-01T07:54:40.139696+00:00
INC-20251012-002944,Richard Osborne,Ventilation operations completed on roof.,2025-10-12T12:18:33.139696+00:00
INC-20251012-002944,Melinda Montoya,Thermal imaging scan reveals no hidden hot spots.,2025-10-12T12:18:33.139696+00:00
INC-20251012-002944,Sophia Beasley,Defensive operations established due to structural instability.,2025-10-12T12:18:33.139696+00:00
INC-20250513-002945,Amber Mendez,Utilities secured. Gas and electric shutoff confirmed.,2025-05-13T01:55:27.139696+00:00
INC-20250513-002945,Sabrina Lin,Thermal imaging scan reveals no hidden hot spots.,2025-05-13T01:55:27.139696+00:00
INC-20251010-002949,Linda Blankenship,Fire origin investigation underway.,2025-10-10T04:13:46.139696+00:00
INC-20250904-002950,Dennis Simon,All occupants evacuated. Primary search complete.,2025-09-04T17:37:51.139696+00:00
INC-20250904-002950,Timothy Salazar,Defensive operations established due to structural instability.,2025-09-04T17:37:51.139696+00:00
INC-20250904-002950,Crystal Lawson,Defensive operations established due to structural instability.,2025-09-04T17:37:51.139696+00:00
INC-20250909-002951,Steven Cole,Utilities secured. Gas and electric shutoff confirmed.,2025-09-09T08:10:15.139696+00:00
INC-20250909-002951,Casey Bryant,Fire origin investigation underway.,2025-09-09T08:10:15.139696+00:00
INC-20250909-002951,Karen Chase,Initial size-up complete. Fire showing from second floor.,2025-09-09T08:10:15.139696+00:00
INC-20241102-002952,Tammy Wilson,All occupants evacuated. Primary search complete.,2024-11-02T23:57:10.139696+00:00
INC-20241102-002952,Nicole Porter,Utilities secured. Gas and electric shutoff confirmed.,2024-11-02T23:57:10.139696+00:00
INC-20241102-002952,Jeremy Green,All occupants evacuated. Primary search complete.,2024-11-02T23:57:10.139696+00:00
INC-20250430-002954,Ann Kennedy,All occupants evacuated. Primary search complete.,2025-04-30T12:25:02.139696+00:00
INC-20250804-002957,Angela Humphrey,Defensive operations established due to structural instability.,2025-08-04T02:00:42.139696+00:00
INC-20240713-002958,Lindsay Pittman,Defensive operations established due to structural instability.,2024-07-13T20:07:53.139696+00:00
INC-20240713-002958,Jeffrey Morris,Thermal imaging scan reveals no hidden hot spots.,2024-07-13T20:07:53.139696+00:00
INC-20240713-002958,Marcus Moon,All occupants evacuated. Primary search complete.,2024-07-13T20:07:53.139696+00:00
INC-20250927-002959,Noah Christian,Utilities secured. Gas and electric shutoff confirmed.,2025-09-27T12:16:33.139696+00:00
INC-20251003-002960,Andrea Burns,Utilities secured. Gas and electric shutoff confirmed.,2025-10-03T19:14:21.139696+00:00
INC-20240708-002963,William Henry,Thermal imaging scan reveals no hidden hot spots.,2024-07-08T00:46:10.139696+00:00
INC-20251013-002964,Melissa Wilson,Initial size-up complete. Fire showing from second floor.,2025-10-13T02:52:23.139696+00:00
INC-20231007-002966,Briana Rowe,Defensive operations established due to structural instability.,2023-10-07T19:53:54.139696+00:00
INC-20231007-002966,Janice Marshall,Fire knocked down. Overhaul in progress.,2023-10-07T19:53:54.139696+00:00
INC-20250727-002969,Steven Williams,Initial size-up complete. Fire showing from second floor.,2025-07-27T19:50:28.139696+00:00
INC-20250422-002974,Sarah Bullock,Fire origin investigation underway.,2025-04-22T15:19:20.139696+00:00
INC-20250914-002976,Michelle Smith,Defensive operations established due to structural instability.,2025-09-14T19:26:13.139696+00:00
INC-20250726-002977,Harold Allen,All occupants evacuated. Primary search complete.,2025-07-26T08:47:21.139696+00:00
INC-20250726-002977,Michael Reid,Ventilation operations completed on roof.,2025-07-26T08:47:21.139696+00:00
INC-20250924-002979,Alexander Morrow,Thermal imaging scan reveals no hidden hot spots.,2025-09-24T18:25:14.139696+00:00
INC-20250925-002981,Erika Wilson,Fire origin investigation underway.,2025-09-25T08:52:26.139696+00:00
INC-20250925-002981,Stephen Moore,Fire origin investigation underway.,2025-09-25T08:52:26.139696+00:00
INC-20250730-002982,Melissa Young,Defensive operations established due to structural instability.,2025-07-30T19:50:01.139696+00:00
INC-20250730-002982,Marcus Deleon,Utilities secured. Gas and electric shutoff confirmed.,2025-07-30T19:50:01.139696+00:00
INC-20250730-002982,John Lowe,Initial size-up complete. Fire showing from second floor.,2025-07-30T19:50:01.139696+00:00
INC-20251007-002983,Christopher Greene,Utilities secured. Gas and electric shutoff confirmed.,2025-10-07T10:42:27.139696+00:00
INC-20250929-002986,Melanie Cook,All occupants evacuated. Primary search complete.,2025-09-29T12:54:15.139696+00:00
INC-20250929-002986,Ronnie Hoover,All occupants evacuated. Primary search complete.,2025-09-29T12:54:15.139696+00:00
INC-20250929-002986,Jimmy Salas,Utilities secured. Gas and electric shutoff confirmed.,2025-09-29T12:54:15.139696+00:00
INC-20251001-002987,Zachary Phillips,All occupants evacuated. Primary search complete.,2025-10-01T04:29:42.139696+00:00
INC-20241110-002989,Jennifer Hughes,All occupants evacuated. Primary search complete.,2024-11-10T11:06:36.139696+00:00
INC-20241110-002989,Peter Anderson,Defensive operations established due to structural instability.,2024-11-10T11:06:36.139696+00:00
INC-20241110-002989,Melanie Gonzalez,All occupants evacuated. Primary search complete.,2024-11-10T11:06:36.139696+00:00
INC-20240624-002990,Marissa Dixon,Defensive operations established due to structural instability.,2024-06-24T08:50:53.139696+00:00
INC-20240624-002990,Jennifer Cook,Fire knocked down. Overhaul in progress.,2024-06-24T08:50:53.139696+00:00
INC-20240624-002990,Elijah Mooney,All occupants evacuated. Primary search complete.,2024-06-24T08:50:53.139696+00:00
INC-20221128-002992,Travis Baxter,Ventilation operations completed on roof.,2022-11-28T01:18:10.139696+00:00
INC-20221128-002992,Ian Moreno,Fire knocked down. Overhaul in progress.,2022-11-28T01:18:10.139696+00:00
INC-20221128-002992,Joseph Williams,Thermal imaging scan reveals no hidden hot spots.,2022-11-28T01:18:10.139696+00:00
INC-20250919-002994,Christopher Glass,Ventilation operations completed on roof.,2025-09-19T06:58:34.139696+00:00
INC-20250919-002994,Christine Thompson,All occupants evacuated. Primary search complete.,2025-09-19T06:58:34.139696+00:00
INC-20250915-002995,Stephanie Garcia,All occupants evacuated. Primary search complete.,2025-09-15T15:27:04.139696+00:00
INC-20250915-002995,Barbara Garcia,Thermal imaging scan reveals no hidden hot spots.,2025-09-15T15:27:04.139696+00:00
INC-20240107-002997,Daniel Rogers,Initial size-up complete. Fire showing from second floor.,2024-01-07T12:29:58.139696+00:00
INC-20250218-002998,Randy Miller,Thermal imaging scan reveals no hidden hot spots.,2025-02-18T14:06:53.139696+00:00
INC-20250218-002998,Gregory West,Thermal imaging scan reveals no hidden hot spots.,2025-02-18T14:06:53.139696+00:00
INC-20250218-002998,Danielle Arroyo,Thermal imaging scan reveals no hidden hot spots.,2025-02-18T14:06:53.139696+00:00
INC-20250409-003001,Monica Frederick,Defensive operations established due to structural instability.,2025-04-09T02:25:45.139696+00:00
INC-20250409-003001,Nicole Gray,Fire knocked down. Overhaul in progress.,2025-04-09T02:25:45.139696+00:00
INC-20250307-003003,Angela Hill,Fire origin investigation underway.,2025-03-07T20:29:09.139696+00:00
INC-20250307-003003,Julia Harris,Defensive operations established due to structural instability.,2025-03-07T20:29:09.139696+00:00
INC-20250617-003004,Kenneth Mcmillan,Defensive operations established due to structural instability.,2025-06-17T12:57:41.139696+00:00
INC-20251009-003005,Angela Thompson,Fire origin investigation underway.,2025-10-09T01:57:54.139696+00:00
INC-20251009-003005,Chelsey Jackson,Fire origin investigation underway.,2025-10-09T01:57:54.139696+00:00
INC-20251009-003005,Robert Edwards,Utilities secured. Gas and electric shutoff confirmed.,2025-10-09T01:57:54.139696+00:00
INC-20250828-003006,Jordan Ruiz,Thermal imaging scan reveals no hidden hot spots.,2025-08-28T10:36:32.139696+00:00
INC-20250828-003006,David Morales,Fire knocked down. Overhaul in progress.,2025-08-28T10:36:32.139696+00:00
INC-20250828-003006,Jeffery Jones,Ventilation operations completed on roof.,2025-08-28T10:36:32.139696+00:00
INC-20250523-003007,Angel Hendricks,Ventilation operations completed on roof.,2025-05-23T09:24:29.139696+00:00
INC-20250523-003007,Terry Gonzalez,Fire origin investigation underway.,2025-05-23T09:24:29.139696+00:00
INC-20250914-003008,Leslie Cobb,Thermal imaging scan reveals no hidden hot spots.,2025-09-14T16:15:01.139696+00:00
INC-20250914-003008,Kathy Fletcher,Thermal imaging scan reveals no hidden hot spots.,2025-09-14T16:15:01.139696+00:00
INC-20250914-003008,Theodore Hoffman,Thermal imaging scan reveals no hidden hot spots.,2025-09-14T16:15:01.139696+00:00
INC-20250824-003011,Amber Scott,Fire knocked down. Overhaul in progress.,2025-08-24T08:07:16.139696+00:00
INC-20250824-003011,Karen Gutierrez,Thermal imaging scan reveals no hidden hot spots.,2025-08-24T08:07:16.139696+00:00
INC-20250824-003011,Casey West,Fire origin investigation underway.,2025-08-24T08:07:16.139696+00:00
INC-20251016-003012,Mary Griffith,All occupants evacuated. Primary search complete.,2025-10-16T05:09:48.139696+00:00
INC-20251016-003012,Jennifer Miller,Fire origin investigation underway.,2025-10-16T05:09:48.139696+00:00
INC-20241226-003013,Sharon Ward,Fire origin investigation underway.,2024-12-26T22:38:26.139696+00:00
INC-20241226-003013,Diane Gallegos,Initial size-up complete. Fire showing from second floor.,2024-12-26T22:38:26.139696+00:00
INC-20241226-003013,Steven Fry,Utilities secured. Gas and electric shutoff confirmed.,2024-12-26T22:38:26.139696+00:00
INC-20240716-003014,Kristen Jones,Thermal imaging scan reveals no hidden hot spots.,2024-07-16T04:02:09.139696+00:00
INC-20250118-003015,Robert Copeland,Initial size-up complete. Fire showing from second floor.,2025-01-18T00:25:49.139696+00:00
INC-20250118-003015,Jeffrey Lopez,Thermal imaging scan reveals no hidden hot spots.,2025-01-18T00:25:49.139696+00:00
INC-20250118-003015,Mary Ortiz,Thermal imaging scan reveals no hidden hot spots.,2025-01-18T00:25:49.139696+00:00
INC-20250807-003017,James Jackson,Defensive operations established due to structural instability.,2025-08-07T21:05:16.139696+00:00
INC-20250807-003017,Jennifer Hurst,Initial size-up complete. Fire showing from second floor.,2025-08-07T21:05:16.139696+00:00
INC-20250807-003017,Michael Patterson,Fire origin investigation underway.,2025-08-07T21:05:16.139696+00:00
INC-20251018-003019,Kelly Baker,Utilities secured. Gas and electric shutoff confirmed.,2025-10-18T15:10:17.139696+00:00
INC-20251018-003019,Samantha Mcdaniel,Utilities secured. Gas and electric shutoff confirmed.,2025-10-18T15:10:17.139696+00:00
INC-20251018-003019,Michelle Schmidt,All occupants evacuated. Primary search complete.,2025-10-18T15:10:17.139696+00:00
INC-20250910-003020,Denise Wilkins,Initial size-up complete. Fire showing from second floor.,2025-09-10T05:51:22.139696+00:00
INC-20250926-003021,Michael Evans,Fire knocked down. Overhaul in progress.,2025-09-26T09:50:55.139696+00:00
INC-20250603-003023,Laura Crawford,Ventilation operations completed on roof.,2025-06-03T10:33:23.139696+00:00
INC-20251020-003024,Duane Bishop,All occupants evacuated. Primary search complete.,2025-10-20T07:38:27.139696+00:00
INC-20221023-003025,Dr. Samantha Ramos,Utilities secured. Gas and electric shutoff confirmed.,2022-10-23T03:40:15.139696+00:00
INC-20221023-003025,Annette Green,Ventilation operations completed on roof.,2022-10-23T03:40:15.139696+00:00
INC-20250312-003027,Steven Nichols,Utilities secured. Gas and electric shutoff confirmed.,2025-03-12T19:07:46.139696+00:00
INC-20250312-003027,David Henry,Fire knocked down. Overhaul in progress.,2025-03-12T19:07:46.139696+00:00
INC-20250312-003027,Sandra Coleman,Fire knocked down. Overhaul in progress.,2025-03-12T19:07:46.139696+00:00
INC-20250926-003028,Patricia Campbell,Fire knocked down. Overhaul in progress.,2025-09-26T20:25:19.139696+00:00
INC-20250818-003029,Joshua Horn,All occupants evacuated. Primary search complete.,2025-08-18T12:39:48.139696+00:00
INC-20250818-003029,John Lopez,Fire knocked down. Overhaul in progress.,2025-08-18T12:39:48.139696+00:00
INC-20250818-003029,Lynn Smith,Fire knocked down. Overhaul in progress.,2025-08-18T12:39:48.139696+00:00
INC-20250907-003030,Brian Berger,Initial size-up complete. Fire showing from second floor.,2025-09-07T18:03:02.139696+00:00
INC-20240906-003033,Michael Clark,All occupants evacuated. Primary search complete.,2024-09-06T02:13:01.139696+00:00
INC-20240906-003033,Jay Smith,Fire knocked down. Overhaul in progress.,2024-09-06T02:13:01.139696+00:00
INC-20250820-003034,Samuel Williams,Initial size-up complete. Fire showing from second floor.,2025-08-20T10:33:55.139696+00:00
INC-20250519-003035,Kathryn Ortega,Fire origin investigation underway.,2025-05-19T06:45:30.139696+00:00
INC-20250519-003035,Kevin Johnson,Utilities secured. Gas and electric shutoff confirmed.,2025-05-19T06:45:30.139696+00:00
INC-20230829-003036,Jennifer Dunn,Fire knocked down. Overhaul in progress.,2023-08-29T03:40:23.139696+00:00
INC-20230829-003036,David Kennedy,Defensive operations established due to structural instability.,2023-08-29T03:40:23.139696+00:00
INC-20230829-003036,Lisa Pacheco,Fire origin investigation underway.,2023-08-29T03:40:23.139696+00:00
INC-20251009-003037,Brittany Myers,Ventilation operations completed on roof.,2025-10-09T00:46:57.139696+00:00
INC-20250130-003039,Ashley Baird,Ventilation operations completed on roof.,2025-01-30T08:47:36.139696+00:00
INC-20250824-003040,David Gonzales,Utilities secured. Gas and electric shutoff confirmed.,2025-08-24T10:20:50.139696+00:00
INC-20251002-003041,William James,All occupants evacuated. Primary search complete.,2025-10-02T02:57:33.139696+00:00
INC-20251002-003041,Pamela Goodwin,Initial size-up complete. Fire showing from second floor.,2025-10-02T02:57:33.139696+00:00
INC-20251002-003041,Andrew Smith,Defensive operations established due to structural instability.,2025-10-02T02:57:33.139696+00:00
INC-20250822-003043,Susan Carter,All occupants evacuated. Primary search complete.,2025-08-22T03:29:37.139696+00:00
INC-20250822-003043,Alexis Barrera,Fire origin investigation underway.,2025-08-22T03:29:37.139696+00:00
INC-20251006-003047,Tanya Gordon,Fire knocked down. Overhaul in progress.,2025-10-06T23:08:43.139696+00:00
INC-20241020-003050,Melissa Smith,Thermal imaging scan reveals no hidden hot spots.,2024-10-20T11:46:32.139696+00:00
INC-20230828-003051,Brian Wells,All occupants evacuated. Primary search complete.,2023-08-28T03:46:18.139696+00:00
INC-20230828-003051,Brittany Rodriguez,All occupants evacuated. Primary search complete.,2023-08-28T03:46:18.139696+00:00
INC-20230828-003051,Brittany Williams,Ventilation operations completed on roof.,2023-08-28T03:46:18.139696+00:00
INC-20250515-003052,Katelyn Thomas,Defensive operations established due to structural instability.,2025-05-15T05:53:21.139696+00:00
INC-20250515-003052,Joseph Watson,Utilities secured. Gas and electric shutoff confirmed.,2025-05-15T05:53:21.139696+00:00
INC-20241201-003053,Dale Luna,Fire knocked down. Overhaul in progress.,2024-12-01T19:07:06.139696+00:00
INC-20241201-003053,Courtney Cervantes,Fire knocked down. Overhaul in progress.,2024-12-01T19:07:06.139696+00:00
INC-20241201-003053,Angela Cook,Fire knocked down. Overhaul in progress.,2024-12-01T19:07:06.139696+00:00
INC-20250915-003057,Catherine Grant DVM,Defensive operations established due to structural instability.,2025-09-15T03:28:02.139696+00:00
INC-20250915-003057,Sheryl Harrison MD,All occupants evacuated. Primary search complete.,2025-09-15T03:28:02.139696+00:00
INC-20250915-003057,Jennifer Hanson,Initial size-up complete. Fire showing from second floor.,2025-09-15T03:28:02.139696+00:00
INC-20251013-003058,Daniel West,All occupants evacuated. Primary search complete.,2025-10-13T07:47:47.139696+00:00
INC-20251013-003058,Tyler Murphy,All occupants evacuated. Primary search complete.,2025-10-13T07:47:47.139696+00:00
INC-20251010-003059,Helen Payne,Thermal imaging scan reveals no hidden hot spots.,2025-10-10T18:43:38.139696+00:00
INC-20240305-003062,Kristen Howard,Thermal imaging scan reveals no hidden hot spots.,2024-03-05T08:22:37.139696+00:00
INC-20250923-003063,Tara Perez,Ventilation operations completed on roof.,2025-09-24T00:25:19.139696+00:00
INC-20240414-003064,Kristen Brown,Defensive operations established due to structural instability.,2024-04-14T19:29:01.139696+00:00
INC-20250909-003065,Mrs. Julie Pace,Utilities secured. Gas and electric shutoff confirmed.,2025-09-09T12:02:03.139696+00:00
INC-20250909-003065,Paige Neal,Thermal imaging scan reveals no hidden hot spots.,2025-09-09T12:02:03.139696+00:00
INC-20250909-003065,Angela Beck,Utilities secured. Gas and electric shutoff confirmed.,2025-09-09T12:02:03.139696+00:00
INC-20251019-003068,Kimberly Newton,Ventilation operations completed on roof.,2025-10-19T12:23:00.139696+00:00
INC-20251019-003068,Jessica Gray,All occupants evacuated. Primary search complete.,2025-10-19T12:23:00.139696+00:00
INC-20250418-003069,Shannon Gonzalez,Fire origin investigation underway.,2025-04-18T19:50:38.139696+00:00
INC-20250418-003069,Danielle Gray,Fire origin investigation underway.,2025-04-18T19:50:38.139696+00:00
INC-20250418-003069,Keith Cabrera,Thermal imaging scan reveals no hidden hot spots.,2025-04-18T19:50:38.139696+00:00
INC-20231209-003071,Monica Wheeler,Defensive operations established due to structural instability.,2023-12-09T16:55:27.139696+00:00
INC-20231209-003071,Lindsay Brown,Fire knocked down. Overhaul in progress.,2023-12-09T16:55:27.139696+00:00
INC-20250803-003072,William Jennings,Utilities secured. Gas and electric shutoff confirmed.,2025-08-03T13:20:44.139696+00:00
INC-20250803-003072,Jamie Johnson,Ventilation operations completed on roof.,2025-08-03T13:20:44.139696+00:00
INC-20240517-003075,Luis Sandoval,Utilities secured. Gas and electric shutoff confirmed.,2024-05-17T18:31:40.139696+00:00
INC-20240517-003075,Joshua Payne,Defensive operations established due to structural instability.,2024-05-17T18:31:40.139696+00:00
INC-20250804-003078,Cynthia West,Defensive operations established due to structural instability.,2025-08-04T06:01:57.139696+00:00
INC-20250804-003078,John Campbell,Utilities secured. Gas and electric shutoff confirmed.,2025-08-04T06:01:57.139696+00:00
INC-20250807-003079,Jonathan Richardson,Defensive operations established due to structural instability.,2025-08-07T17:29:44.139696+00:00
INC-20250807-003079,Jamie Mcguire,Fire knocked down. Overhaul in progress.,2025-08-07T17:29:44.139696+00:00
INC-20230523-003080,Joseph Wilson,Defensive operations established due to structural instability.,2023-05-23T17:27:26.139696+00:00
INC-20241227-003083,Karen Wells,Thermal imaging scan reveals no hidden hot spots.,2024-12-27T12:49:03.139696+00:00
INC-20241227-003083,Catherine Durham,Utilities secured. Gas and electric shutoff confirmed.,2024-12-27T12:49:03.139696+00:00
INC-20251018-003084,Gregory Lawson,Fire knocked down. Overhaul in progress.,2025-10-18T14:25:32.139696+00:00
INC-20250423-003089,Danny Taylor,All occupants evacuated. Primary search complete.,2025-04-23T06:21:58.139696+00:00
INC-20250423-003089,Michael Thomas,Thermal imaging scan reveals no hidden hot spots.,2025-04-23T06:21:58.139696+00:00
INC-20250625-003091,George Shaw,Defensive operations established due to structural instability.,2025-06-25T18:48:14.139696+00:00
INC-20250625-003091,Bradley Flores,Initial size-up complete. Fire showing from second floor.,2025-06-25T18:48:14.139696+00:00
INC-20250625-003091,Stanley Harmon,Initial size-up complete. Fire showing from second floor.,2025-06-25T18:48:14.139696+00:00
INC-20230413-003092,Rebecca Williams,Defensive operations established due to structural instability.,2023-04-13T12:24:45.139696+00:00
INC-20230413-003092,Timothy Nicholson,Fire knocked down. Overhaul in progress.,2023-04-13T12:24:45.139696+00:00
INC-20230413-003092,Bianca Adams,Fire knocked down. Overhaul in progress.,2023-04-13T12:24:45.139696+00:00
INC-20240220-003093,Angela Pratt,Fire origin investigation underway.,2024-02-20T13:14:55.139696+00:00
INC-20250104-003096,Gerald Mayer,Fire origin investigation underway.,2025-01-04T19:15:06.139696+00:00
INC-20250104-003096,Charlotte Mack,Thermal imaging scan reveals no hidden hot spots.,2025-01-04T19:15:06.139696+00:00
INC-20250616-003097,Katherine Moreno,Fire knocked down. Overhaul in progress.,2025-06-16T22:51:47.139696+00:00
INC-20250616-003097,Travis Freeman,Defensive operations established due to structural instability.,2025-06-16T22:51:47.139696+00:00
INC-20250902-003098,Donna Morgan,All occupants evacuated. Primary search complete.,2025-09-02T18:04:18.139696+00:00
INC-20250902-003098,Andrea Williams,Fire origin investigation underway.,2025-09-02T18:04:18.139696+00:00
INC-20251018-003099,Paul Miranda,Fire origin investigation underway.,2025-10-18T11:27:07.139696+00:00
INC-20230820-003100,Thomas Eaton,Thermal imaging scan reveals no hidden hot spots.,2023-08-20T18:29:37.139696+00:00
INC-20230820-003100,Steven Aguirre,Fire origin investigation underway.,2023-08-20T18:29:37.139696+00:00
INC-20230820-003100,Brent Ray,Defensive operations established due to structural instability.,2023-08-20T18:29:37.139696+00:00
INC-20251020-003101,Cody Conrad,Thermal imaging scan reveals no hidden hot spots.,2025-10-20T17:14:23.139696+00:00
INC-20250826-003102,Spencer Walker,Ventilation operations completed on roof.,2025-08-26T06:06:26.139696+00:00
INC-20250826-003102,April Ortiz,Initial size-up complete. Fire showing from second floor.,2025-08-26T06:06:26.139696+00:00
INC-20250921-003107,Caleb Bishop,Fire origin investigation underway.,2025-09-21T13:08:19.139696+00:00
INC-20250705-003108,Jason Clayton,Fire knocked down. Overhaul in progress.,2025-07-05T01:47:28.139696+00:00
INC-20250705-003108,Ryan Sherman,Fire origin investigation underway.,2025-07-05T01:47:28.139696+00:00
INC-20250705-003108,Michael Nelson,All occupants evacuated. Primary search complete.,2025-07-05T01:47:28.139696+00:00
INC-20241104-003111,Mr. Dennis Perez,Fire knocked down. Overhaul in progress.,2024-11-04T08:00:40.139696+00:00
INC-20250726-003115,Jennifer Webb,Utilities secured. Gas and electric shutoff confirmed.,2025-07-26T14:41:51.139696+00:00
INC-20250726-003115,Christopher Reed,Utilities secured. Gas and electric shutoff confirmed.,2025-07-26T14:41:51.139696+00:00
INC-20250726-003115,Russell Phillips,All occupants evacuated. Primary search complete.,2025-07-26T14:41:51.139696+00:00
INC-20241025-003116,Jessica Gonzalez,Fire knocked down. Overhaul in progress.,2024-10-25T12:49:45.139696+00:00
INC-20250511-003117,Mary Hunt,Utilities secured. Gas and electric shutoff confirmed.,2025-05-11T01:50:56.139696+00:00
INC-20250511-003117,Jack Lopez,All occupants evacuated. Primary search complete.,2025-05-11T01:50:56.139696+00:00
INC-20250725-003119,Brian Mack,Defensive operations established due to structural instability.,2025-07-25T16:00:51.139696+00:00
INC-20250404-003120,Christopher Cherry,Utilities secured. Gas and electric shutoff confirmed.,2025-04-04T09:11:59.139696+00:00
INC-20250607-003121,Catherine Martinez,Utilities secured. Gas and electric shutoff confirmed.,2025-06-07T14:15:51.139696+00:00
INC-20250607-003121,Theodore Anderson,Ventilation operations completed on roof.,2025-06-07T14:15:51.139696+00:00
INC-20250607-003121,Hunter Hernandez,Utilities secured. Gas and electric shutoff confirmed.,2025-06-07T14:15:51.139696+00:00
INC-20250726-003122,Kayla Doyle,All occupants evacuated. Primary search complete.,2025-07-26T22:42:55.139696+00:00
INC-20250129-003126,Angela Miller,Defensive operations established due to structural instability.,2025-01-29T09:58:35.139696+00:00
INC-20250129-003126,Derek Lopez,Utilities secured. Gas and electric shutoff confirmed.,2025-01-29T09:58:35.139696+00:00
INC-20250129-003126,Tara Brown,All occupants evacuated. Primary search complete.,2025-01-29T09:58:35.139696+00:00
INC-20250929-003127,Eugene King,Initial size-up complete. Fire showing from second floor.,2025-09-29T04:23:23.139696+00:00
INC-20250929-003127,Beth Solomon MD,Defensive operations established due to structural instability.,2025-09-29T04:23:23.139696+00:00
INC-20250929-003127,Richard Fitzgerald,Thermal imaging scan reveals no hidden hot spots.,2025-09-29T04:23:23.139696+00:00
INC-20251001-003128,Lori Sanders,Ventilation operations completed on roof.,2025-10-01T17:05:35.139696+00:00
INC-20251003-003130,Thomas Craig,All occupants evacuated. Primary search complete.,2025-10-03T19:33:44.139696+00:00
INC-20250826-003131,Crystal Hicks,Defensive operations established due to structural instability.,2025-08-26T23:18:02.139696+00:00
INC-20250128-003133,Alexander Martin,Thermal imaging scan reveals no hidden hot spots.,2025-01-28T10:58:54.139696+00:00
INC-20250128-003133,Anna Barnett,Defensive operations established due to structural instability.,2025-01-28T10:58:54.139696+00:00
INC-20250728-003136,Yvonne Conway,Fire knocked down. Overhaul in progress.,2025-07-28T04:07:04.139696+00:00
INC-20250728-003136,Rebecca Russell,Fire origin investigation underway.,2025-07-28T04:07:04.139696+00:00
INC-20251021-003137,Barry Mckee,Fire knocked down. Overhaul in progress.,2025-10-21T11:12:32.139696+00:00
INC-20251021-003137,Alan Wilson,Fire origin investigation underway.,2025-10-21T11:12:32.139696+00:00
INC-20241120-003144,Marc Campbell,Utilities secured. Gas and electric shutoff confirmed.,2024-11-20T18:05:57.139696+00:00
INC-20250806-003146,Jessica Pearson,Utilities secured. Gas and electric shutoff confirmed.,2025-08-06T12:49:23.139696+00:00
INC-20251016-003147,Stephen Robinson,All occupants evacuated. Primary search complete.,2025-10-16T01:34:46.139696+00:00
INC-20250111-003149,Mr. Joseph Carroll,Thermal imaging scan reveals no hidden hot spots.,2025-01-11T01:22:20.139696+00:00
INC-20250111-003149,Susan Torres,Thermal imaging scan reveals no hidden hot spots.,2025-01-11T01:22:20.139696+00:00
INC-20250807-003150,Andrew Fischer,All occupants evacuated. Primary search complete.,2025-08-07T18:20:59.139696+00:00
INC-20250117-003151,Paige Lee,Utilities secured. Gas and electric shutoff confirmed.,2025-01-17T23:58:54.139696+00:00
INC-20250117-003151,Mary Vasquez,Initial size-up complete. Fire showing from second floor.,2025-01-17T23:58:54.139696+00:00
INC-20250117-003151,Susan Hurst,Utilities secured. Gas and electric shutoff confirmed.,2025-01-17T23:58:54.139696+00:00
INC-20250831-003152,Kaitlyn Kemp,Fire origin investigation underway.,2025-08-31T08:01:43.139696+00:00
INC-20250831-003152,Wanda Jensen,Thermal imaging scan reveals no hidden hot spots.,2025-08-31T08:01:43.139696+00:00
INC-20250831-003152,Dana Johns,Thermal imaging scan reveals no hidden hot spots.,2025-08-31T08:01:43.139696+00:00
INC-20250330-003153,Joshua Scott,Utilities secured. Gas and electric shutoff confirmed.,2025-03-30T11:57:33.139696+00:00
INC-20250806-003154,Alex Miller,Initial size-up complete. Fire showing from second floor.,2025-08-06T10:36:18.139696+00:00
INC-20250124-003156,Patrick Gibson,Utilities secured. Gas and electric shutoff confirmed.,2025-01-24T10:06:49.139696+00:00
INC-20250124-003156,Lisa Marquez,Defensive operations established due to structural instability.,2025-01-24T10:06:49.139696+00:00
INC-20250124-003156,Robert Jennings,Defensive operations established due to structural instability.,2025-01-24T10:06:49.139696+00:00
INC-20250905-003158,Dr. Courtney Rivera,Fire knocked down. Overhaul in progress.,2025-09-05T09:56:07.139696+00:00
INC-20250905-003158,Martin Nelson,Thermal imaging scan reveals no hidden hot spots.,2025-09-05T09:56:07.139696+00:00
INC-20250830-003161,Mr. Wayne Kennedy,Defensive operations established due to structural instability.,2025-08-30T02:49:58.139696+00:00
INC-20250830-003161,Jacqueline Drake,Ventilation operations completed on roof.,2025-08-30T02:49:58.139696+00:00
INC-20230212-003163,Jeffrey White,Initial size-up complete. Fire showing from second floor.,2023-02-12T09:53:24.139696+00:00
INC-20230212-003163,Debra Andrews,All occupants evacuated. Primary search complete.,2023-02-12T09:53:24.139696+00:00
INC-20230212-003163,Victoria Rodriguez,All occupants evacuated. Primary search complete.,2023-02-12T09:53:24.139696+00:00
INC-20250929-003164,Kayla Lee,Fire knocked down. Overhaul in progress.,2025-09-29T13:11:22.139696+00:00
INC-20250929-003164,Holly Mcintosh,Thermal imaging scan reveals no hidden hot spots.,2025-09-29T13:11:22.139696+00:00
INC-20241126-003165,Justin Davis,All occupants evacuated. Primary search complete.,2024-11-26T04:25:49.139696+00:00
INC-20241126-003165,Caitlin Ramirez,Fire knocked down. Overhaul in progress.,2024-11-26T04:25:49.139696+00:00
INC-20250908-003170,Jennifer Garrett,Utilities secured. Gas and electric shutoff confirmed.,2025-09-08T06:30:07.139696+00:00
INC-20250908-003170,Diana Gardner,Defensive operations established due to structural instability.,2025-09-08T06:30:07.139696+00:00
INC-20250908-003170,Julie Lambert,Initial size-up complete. Fire showing from second floor.,2025-09-08T06:30:07.139696+00:00
INC-20251015-003172,Mario Phillips DDS,Thermal imaging scan reveals no hidden hot spots.,2025-10-15T01:03:28.139696+00:00
INC-20230528-003175,Dawn Becker,Fire knocked down. Overhaul in progress.,2023-05-28T11:16:11.139696+00:00
INC-20230528-003175,Jessica Mckenzie,All occupants evacuated. Primary search complete.,2023-05-28T11:16:11.139696+00:00
INC-20240928-003179,Brandi Schwartz,Utilities secured. Gas and electric shutoff confirmed.,2024-09-28T05:49:04.139696+00:00
INC-20240928-003179,Shaun White,All occupants evacuated. Primary search complete.,2024-09-28T05:49:04.139696+00:00
INC-20240928-003179,Rachel Fox,Utilities secured. Gas and electric shutoff confirmed.,2024-09-28T05:49:04.139696+00:00
INC-20251016-003182,Jody Clarke,All occupants evacuated. Primary search complete.,2025-10-16T06:34:02.139696+00:00
INC-20251022-003183,Audrey Murphy,Utilities secured. Gas and electric shutoff confirmed.,2025-10-22T02:48:26.139696+00:00
INC-20251022-003183,Christopher Williams,Ventilation operations completed on roof.,2025-10-22T02:48:26.139696+00:00
INC-20250909-003184,Kimberly Hernandez,Utilities secured. Gas and electric shutoff confirmed.,2025-09-09T20:47:00.139696+00:00
INC-20250909-003184,Lisa Patterson,Ventilation operations completed on roof.,2025-09-09T20:47:00.139696+00:00
INC-20250915-003185,Jackson Klein,Utilities secured. Gas and electric shutoff confirmed.,2025-09-15T15:34:12.139696+00:00
INC-20250915-003185,Barbara Moore,Ventilation operations completed on roof.,2025-09-15T15:34:12.139696+00:00
INC-20250517-003187,Danielle Lee,Thermal imaging scan reveals no hidden hot spots.,2025-05-17T08:41:38.139696+00:00
INC-20250822-003196,Jacob Cook,Utilities secured. Gas and electric shutoff confirmed.,2025-08-22T02:49:36.139696+00:00
INC-20250822-003196,Rachel Johnson,Thermal imaging scan reveals no hidden hot spots.,2025-08-22T02:49:36.139696+00:00
INC-20250816-003198,Rebecca Thornton,Ventilation operations completed on roof.,2025-08-16T22:09:01.139696+00:00
INC-20250915-003199,Kristie Le,Fire knocked down. Overhaul in progress.,2025-09-15T15:29:43.139696+00:00
INC-20250812-003202,Kayla Waller,Fire knocked down. Overhaul in progress.,2025-08-12T10:16:28.139696+00:00
INC-20250921-003207,Robert Dunn,Utilities secured. Gas and electric shutoff confirmed.,2025-09-21T08:41:05.139696+00:00
INC-20250921-003207,Troy Peterson,Fire origin investigation underway.,2025-09-21T08:41:05.139696+00:00
INC-20250921-003207,Chad Hayes,Defensive operations established due to structural instability.,2025-09-21T08:41:05.139696+00:00
INC-20240721-003208,Deborah Rivera,Utilities secured. Gas and electric shutoff confirmed.,2024-07-21T06:38:32.139696+00:00
INC-20240721-003208,Stephen Garcia,Initial size-up complete. Fire showing from second floor.,2024-07-21T06:38:32.139696+00:00
INC-20240721-003208,Christopher Blankenship,Initial size-up complete. Fire showing from second floor.,2024-07-21T06:38:32.139696+00:00
INC-20230924-003210,Christine Rivera,Ventilation operations completed on roof.,2023-09-24T11:57:00.139696+00:00
INC-20230924-003210,Randy Houston,Thermal imaging scan reveals no hidden hot spots.,2023-09-24T11:57:00.139696+00:00
INC-20251002-003211,Miguel Leonard,Thermal imaging scan reveals no hidden hot spots.,2025-10-02T10:05:37.139696+00:00
INC-20251002-003211,Dana Mayer,Initial size-up complete. Fire showing from second floor.,2025-10-02T10:05:37.139696+00:00
INC-20251002-003211,Katie Ward,Initial size-up complete. Fire showing from second floor.,2025-10-02T10:05:37.139696+00:00
INC-20250920-003216,Melissa Robertson,Fire knocked down. Overhaul in progress.,2025-09-20T05:55:29.139696+00:00
INC-20250920-003216,Jessica Lynn,All occupants evacuated. Primary search complete.,2025-09-20T05:55:29.139696+00:00
INC-20250920-003216,Amy Burton,Fire knocked down. Overhaul in progress.,2025-09-20T05:55:29.139696+00:00
INC-20250920-003217,Denise Castillo,Utilities secured. Gas and electric shutoff confirmed.,2025-09-20T12:01:31.139696+00:00
INC-20250920-003217,Tammy Carey,Fire knocked down. Overhaul in progress.,2025-09-20T12:01:31.139696+00:00
INC-20250918-003218,Thomas Hamilton,Fire knocked down. Overhaul in progress.,2025-09-18T22:20:43.139696+00:00
INC-20250918-003218,Gloria Jones,Ventilation operations completed on roof.,2025-09-18T22:20:43.139696+00:00
INC-20250502-003221,Alan Warren,Fire origin investigation underway.,2025-05-02T11:15:48.139696+00:00
INC-20250502-003221,John Vincent,Fire origin investigation underway.,2025-05-02T11:15:48.139696+00:00
INC-20250628-003222,Melissa Robinson,Fire origin investigation underway.,2025-06-28T20:26:29.139696+00:00
INC-20251010-003224,Tammy Perez DDS,Thermal imaging scan reveals no hidden hot spots.,2025-10-10T13:55:55.139696+00:00
INC-20251010-003224,Christine Williams,Initial size-up complete. Fire showing from second floor.,2025-10-10T13:55:55.139696+00:00
INC-20221117-003226,Christina Lee,All occupants evacuated. Primary search complete.,2022-11-17T03:16:56.139696+00:00
INC-20251013-003227,Larry Weaver,Initial size-up complete. Fire showing from second floor.,2025-10-13T08:19:28.139696+00:00
INC-20251013-003227,Valerie Mcintyre,Thermal imaging scan reveals no hidden hot spots.,2025-10-13T08:19:28.139696+00:00
INC-20240421-003228,Wayne Yates,Thermal imaging scan reveals no hidden hot spots.,2024-04-21T05:51:01.139696+00:00
INC-20240421-003228,Mary Benson,Utilities secured. Gas and electric shutoff confirmed.,2024-04-21T05:51:01.139696+00:00
INC-20250826-003229,Deborah Simon,Ventilation operations completed on roof.,2025-08-26T20:00:03.139696+00:00
INC-20250826-003229,Kayla Torres,Ventilation operations completed on roof.,2025-08-26T20:00:03.139696+00:00
INC-20250826-003229,Brian Murphy,Fire origin investigation underway.,2025-08-26T20:00:03.139696+00:00
INC-20240318-003231,Laura Wright,Thermal imaging scan reveals no hidden hot spots.,2024-03-18T20:45:08.139696+00:00
INC-20240318-003231,Jessica Valdez,Thermal imaging scan reveals no hidden hot spots.,2024-03-18T20:45:08.139696+00:00
INC-20250221-003233,John Holmes,Ventilation operations completed on roof.,2025-02-21T04:32:41.139696+00:00
INC-20250221-003233,Alisha Carlson,Thermal imaging scan reveals no hidden hot spots.,2025-02-21T04:32:41.139696+00:00
INC-20251003-003234,Emily Black,All occupants evacuated. Primary search complete.,2025-10-03T22:32:44.139696+00:00
INC-20251003-003234,Victoria Scott,Ventilation operations completed on roof.,2025-10-03T22:32:44.139696+00:00
INC-20230224-003235,James Rogers,Initial size-up complete. Fire showing from second floor.,2023-02-24T13:46:51.139696+00:00
INC-20240203-003237,Kenneth Parks,Defensive operations established due to structural instability.,2024-02-03T07:34:10.139696+00:00
INC-20240203-003237,Marissa Francis,Fire knocked down. Overhaul in progress.,2024-02-03T07:34:10.139696+00:00
INC-20250801-003239,Andrea Miller,Initial size-up complete. Fire showing from second floor.,2025-08-01T08:56:22.139696+00:00
INC-20241024-003240,Mr. Thomas Campbell,Fire origin investigation underway.,2024-10-24T17:55:25.139696+00:00
INC-20241024-003240,James Collier,Initial size-up complete. Fire showing from second floor.,2024-10-24T17:55:25.139696+00:00
INC-20250823-003241,Theodore Larsen,Fire origin investigation underway.,2025-08-23T23:46:03.139696+00:00
INC-20250823-003241,John Rios,All occupants evacuated. Primary search complete.,2025-08-23T23:46:03.139696+00:00
INC-20250205-003242,Susan Ramos,Ventilation operations completed on roof.,2025-02-05T10:54:26.139696+00:00
INC-20250205-003242,Victoria Paul,Utilities secured. Gas and electric shutoff confirmed.,2025-02-05T10:54:26.139696+00:00
INC-20250903-003243,Logan Dunn,Fire knocked down. Overhaul in progress.,2025-09-03T05:16:14.139696+00:00
INC-20250921-003245,Kristen Stewart,Thermal imaging scan reveals no hidden hot spots.,2025-09-21T08:09:29.139696+00:00
INC-20250921-003245,Jonathan Lee,Thermal imaging scan reveals no hidden hot spots.,2025-09-21T08:09:29.139696+00:00
INC-20250921-003245,Alexis Williams,All occupants evacuated. Primary search complete.,2025-09-21T08:09:29.139696+00:00
INC-20250319-003248,Heather Scott,All occupants evacuated. Primary search complete.,2025-03-19T01:37:12.139696+00:00
INC-20250319-003248,Lee Morgan,Fire knocked down. Overhaul in progress.,2025-03-19T01:37:12.139696+00:00
INC-20250727-003251,Maria Alexander,Ventilation operations completed on roof.,2025-07-27T14:54:00.139696+00:00
INC-20250727-003251,Cheryl Ramirez,Fire knocked down. Overhaul in progress.,2025-07-27T14:54:00.139696+00:00
INC-20250727-003251,Maria Solomon,Utilities secured. Gas and electric shutoff confirmed.,2025-07-27T14:54:00.139696+00:00
INC-20231215-003252,Caroline Zimmerman,Defensive operations established due to structural instability.,2023-12-15T14:43:42.139696+00:00
INC-20231215-003252,Shannon Juarez,Utilities secured. Gas and electric shutoff confirmed.,2023-12-15T14:43:42.139696+00:00
INC-20231215-003252,Tina Sanchez,Thermal imaging scan reveals no hidden hot spots.,2023-12-15T14:43:42.139696+00:00
INC-20250809-003253,Anthony Stewart,Fire knocked down. Overhaul in progress.,2025-08-09T12:59:39.139696+00:00
INC-20250809-003253,Emily Gordon,All occupants evacuated. Primary search complete.,2025-08-09T12:59:39.139696+00:00
INC-20250809-003253,Elizabeth Johnson,All occupants evacuated. Primary search complete.,2025-08-09T12:59:39.139696+00:00
INC-20241211-003255,Shawn Hall,Defensive operations established due to structural instability.,2024-12-11T03:29:47.139696+00:00
INC-20241211-003255,Deanna Sanchez,Initial size-up complete. Fire showing from second floor.,2024-12-11T03:29:47.139696+00:00
INC-20251011-003257,Alexis Montgomery,All occupants evacuated. Primary search complete.,2025-10-11T21:07:45.139696+00:00
INC-20251011-003257,Rachel Stewart,Fire knocked down. Overhaul in progress.,2025-10-11T21:07:45.139696+00:00
INC-20251011-003257,Jamie Ball,Fire knocked down. Overhaul in progress.,2025-10-11T21:07:45.139696+00:00
INC-20230129-003258,Rebecca Benitez,Thermal imaging scan reveals no hidden hot spots.,2023-01-29T05:46:27.139696+00:00
INC-20230129-003258,Amber Fleming,Ventilation operations completed on roof.,2023-01-29T05:46:27.139696+00:00
INC-20250816-003259,Kyle Blair,Fire origin investigation underway.,2025-08-16T05:29:41.139696+00:00
INC-20250816-003259,Katherine Baxter,Utilities secured. Gas and electric shutoff confirmed.,2025-08-16T05:29:41.139696+00:00
INC-20250918-003261,Natasha Hartman,Fire origin investigation underway.,2025-09-18T13:09:21.139696+00:00
INC-20250918-003261,Natalie Norton,Utilities secured. Gas and electric shutoff confirmed.,2025-09-18T13:09:21.139696+00:00
INC-20250918-003261,Kevin Davis,Defensive operations established due to structural instability.,2025-09-18T13:09:21.139696+00:00
INC-20250729-003262,Peter Kent,Ventilation operations completed on roof.,2025-07-29T13:47:41.139696+00:00
INC-20240128-003263,James Stanley,Ventilation operations completed on roof.,2024-01-28T01:06:51.139696+00:00
INC-20240128-003263,Donna Price,Ventilation operations completed on roof.,2024-01-28T01:06:51.139696+00:00
INC-20250821-003264,Tanya Ramirez,Initial size-up complete. Fire showing from second floor.,2025-08-21T15:51:49.139696+00:00
INC-20230704-003265,Gabrielle Hayes,Utilities secured. Gas and electric shutoff confirmed.,2023-07-04T23:16:05.139696+00:00
INC-20230704-003265,Mr. James Contreras,Thermal imaging scan reveals no hidden hot spots.,2023-07-04T23:16:05.139696+00:00
INC-20250212-003267,Jason Evans,Initial size-up complete. Fire showing from second floor.,2025-02-12T07:07:48.139696+00:00
INC-20250930-003270,Nancy Burgess,Initial size-up complete. Fire showing from second floor.,2025-09-30T03:38:17.139696+00:00
INC-20251014-003273,Thomas Fisher,Utilities secured. Gas and electric shutoff confirmed.,2025-10-14T13:42:56.139696+00:00
INC-20251014-003273,Joshua Lopez,Fire origin investigation underway.,2025-10-14T13:42:56.139696+00:00
INC-20251009-003274,Mathew Mendoza,Fire knocked down. Overhaul in progress.,2025-10-09T19:34:53.139696+00:00
INC-20251009-003274,Bonnie Stokes,Defensive operations established due to structural instability.,2025-10-09T19:34:53.139696+00:00
INC-20250822-003275,Carmen Parrish,Initial size-up complete. Fire showing from second floor.,2025-08-22T22:25:26.139696+00:00
INC-20250822-003275,Ricky Scott,Fire knocked down. Overhaul in progress.,2025-08-22T22:25:26.139696+00:00
INC-20250918-003277,Michele Lamb,Utilities secured. Gas and electric shutoff confirmed.,2025-09-18T19:18:05.139696+00:00
INC-20250918-003277,Elizabeth Knight,Fire knocked down. Overhaul in progress.,2025-09-18T19:18:05.139696+00:00
INC-20231215-003281,Tracy Smith,Utilities secured. Gas and electric shutoff confirmed.,2023-12-15T22:55:31.139696+00:00
INC-20231215-003281,Megan Graham,Initial size-up complete. Fire showing from second floor.,2023-12-15T22:55:31.139696+00:00
INC-20250508-003282,Ethan Taylor,Ventilation operations completed on roof.,2025-05-08T15:34:25.139696+00:00
INC-20250508-003282,Edward Smith,Fire origin investigation underway.,2025-05-08T15:34:25.139696+00:00
INC-20250508-003282,Wayne Vasquez,Utilities secured. Gas and electric shutoff confirmed.,2025-05-08T15:34:25.139696+00:00
INC-20251001-003284,Janice Vasquez,Fire knocked down. Overhaul in progress.,2025-10-01T23:52:40.139696+00:00
INC-20250811-003287,Kirsten Castillo,All occupants evacuated. Primary search complete.,2025-08-11T10:32:20.139696+00:00
INC-20250201-003289,Matthew Allen,Fire knocked down. Overhaul in progress.,2025-02-01T02:52:53.139696+00:00
INC-20250201-003289,Mary Swanson,Defensive operations established due to structural instability.,2025-02-01T02:52:53.139696+00:00
INC-20250201-003289,William Marquez,Utilities secured. Gas and electric shutoff confirmed.,2025-02-01T02:52:53.139696+00:00
INC-20250501-003291,Colin Harris,All occupants evacuated. Primary search complete.,2025-05-01T10:09:11.139696+00:00
INC-20250501-003291,Pamela Malone,Fire origin investigation underway.,2025-05-01T10:09:11.139696+00:00
INC-20250507-003292,Max White,All occupants evacuated. Primary search complete.,2025-05-07T07:50:44.139696+00:00
INC-20250507-003292,Courtney Stephens,Initial size-up complete. Fire showing from second floor.,2025-05-07T07:50:44.139696+00:00
INC-20250507-003292,Michael Miller,Fire knocked down. Overhaul in progress.,2025-05-07T07:50:44.139696+00:00
INC-20250924-003294,Melinda Palmer,All occupants evacuated. Primary search complete.,2025-09-24T01:12:15.139696+00:00
INC-20250924-003294,Karen Simon,Thermal imaging scan reveals no hidden hot spots.,2025-09-24T01:12:15.139696+00:00
INC-20250924-003294,Dana Gibson,Ventilation operations completed on roof.,2025-09-24T01:12:15.139696+00:00
INC-20250906-003295,Ruth Johnson,Initial size-up complete. Fire showing from second floor.,2025-09-06T22:30:53.139696+00:00
INC-20250906-003295,Jessica White,Ventilation operations completed on roof.,2025-09-06T22:30:53.139696+00:00
INC-20250530-003297,Amy Price,Utilities secured. Gas and electric shutoff confirmed.,2025-05-30T09:38:29.139696+00:00
INC-20250530-003297,Laurie Berry,All occupants evacuated. Primary search complete.,2025-05-30T09:38:29.139696+00:00
INC-20250530-003297,Jeanette Price,Fire origin investigation underway.,2025-05-30T09:38:29.139696+00:00
INC-20250320-003298,Andrea Phelps,Initial size-up complete. Fire showing from second floor.,2025-03-20T18:09:12.139696+00:00
INC-20250521-003300,David May,Defensive operations established due to structural instability.,2025-05-21T10:28:41.139696+00:00
INC-20250521-003300,Jessica Rogers,Defensive operations established due to structural instability.,2025-05-21T10:28:41.139696+00:00
INC-20251021-003301,Samuel Miller,Fire knocked down. Overhaul in progress.,2025-10-21T10:44:41.139696+00:00
INC-20251021-003301,Kathy Cowan,Initial size-up complete. Fire showing from second floor.,2025-10-21T10:44:41.139696+00:00
INC-20251021-003301,Sean Ball,Thermal imaging scan reveals no hidden hot spots.,2025-10-21T10:44:41.139696+00:00
INC-20250827-003303,Justin Williams,Initial size-up complete. Fire showing from second floor.,2025-08-27T23:46:34.139696+00:00
INC-20250827-003303,Roger Lynch,Fire knocked down. Overhaul in progress.,2025-08-27T23:46:34.139696+00:00
INC-20251010-003304,Scott Garcia,Utilities secured. Gas and electric shutoff confirmed.,2025-10-10T11:05:52.139696+00:00
INC-20251010-003304,Jared Lee,Initial size-up complete. Fire showing from second floor.,2025-10-10T11:05:52.139696+00:00
INC-20250614-003306,Jennifer Mcmillan,Defensive operations established due to structural instability.,2025-06-14T10:22:16.139696+00:00
INC-20250614-003306,Antonio Johnson,Ventilation operations completed on roof.,2025-06-14T10:22:16.139696+00:00
INC-20250614-003306,Gregory Thomas,Initial size-up complete. Fire showing from second floor.,2025-06-14T10:22:16.139696+00:00
INC-20250429-003307,Rhonda Ward,All occupants evacuated. Primary search complete.,2025-04-29T20:16:18.139696+00:00
INC-20250429-003307,Heather Walker,Utilities secured. Gas and electric shutoff confirmed.,2025-04-29T20:16:18.139696+00:00
INC-20250429-003307,Charles Miller,Initial size-up complete. Fire showing from second floor.,2025-04-29T20:16:18.139696+00:00
INC-20230906-003308,Jason Tran,Thermal imaging scan reveals no hidden hot spots.,2023-09-06T22:58:18.139696+00:00
INC-20230906-003308,Kara Anderson DVM,Fire origin investigation underway.,2023-09-06T22:58:18.139696+00:00
INC-20250731-003310,Ashley Curry,Ventilation operations completed on roof.,2025-07-31T18:08:30.139696+00:00
INC-20250731-003310,Kristen Wilson,Thermal imaging scan reveals no hidden hot spots.,2025-07-31T18:08:30.139696+00:00
INC-20250731-003310,James Jones,Initial size-up complete. Fire showing from second floor.,2025-07-31T18:08:30.139696+00:00
INC-20250913-003313,Michael Cook,Fire knocked down. Overhaul in progress.,2025-09-13T01:59:51.139696+00:00
INC-20250913-003313,Michael Brown,Fire knocked down. Overhaul in progress.,2025-09-13T01:59:51.139696+00:00
INC-20250913-003313,Wanda Brooks DDS,Fire origin investigation underway.,2025-09-13T01:59:51.139696+00:00
INC-20251019-003315,Alyssa Brown,Fire origin investigation underway.,2025-10-19T04:49:21.139696+00:00
INC-20251019-003315,Ana Thomas,Defensive operations established due to structural instability.,2025-10-19T04:49:21.139696+00:00
INC-20250429-003316,Tony Price,Utilities secured. Gas and electric shutoff confirmed.,2025-04-29T02:21:38.139696+00:00
INC-20250429-003316,Michelle Patton,Defensive operations established due to structural instability.,2025-04-29T02:21:38.139696+00:00
INC-20250429-003316,Hector Rodriguez,Fire origin investigation underway.,2025-04-29T02:21:38.139696+00:00
INC-20230224-003317,Kenneth Wells,Ventilation operations completed on roof.,2023-02-24T13:36:01.139696+00:00
INC-20230224-003317,Dr. Melissa Levy,Fire origin investigation underway.,2023-02-24T13:36:01.139696+00:00
INC-20241219-003318,Jennifer Bauer,Fire knocked down. Overhaul in progress.,2024-12-19T04:59:16.139696+00:00
INC-20241219-003318,Stacey Baird,Defensive operations established due to structural instability.,2024-12-19T04:59:16.139696+00:00
INC-20240314-003319,Kathryn Hall,Fire origin investigation underway.,2024-03-14T19:35:29.139696+00:00
INC-20251011-003321,David Arnold,All occupants evacuated. Primary search complete.,2025-10-11T14:20:42.139696+00:00
INC-20250930-003325,Vanessa Greene,Fire knocked down. Overhaul in progress.,2025-09-30T06:48:20.139696+00:00
INC-20250930-003325,Tara Myers,All occupants evacuated. Primary search complete.,2025-09-30T06:48:20.139696+00:00
INC-20250915-003329,Robert Fitzgerald MD,Utilities secured. Gas and electric shutoff confirmed.,2025-09-15T00:39:13.139696+00:00
INC-20250726-003330,Thomas Reed,Fire origin investigation underway.,2025-07-26T14:16:37.139696+00:00
INC-20250726-003330,Courtney Rose,Fire origin investigation underway.,2025-07-26T14:16:37.139696+00:00
INC-20250726-003330,Kevin Jones,Thermal imaging scan reveals no hidden hot spots.,2025-07-26T14:16:37.139696+00:00
INC-20231125-003331,Wendy Yang,Fire knocked down. Overhaul in progress.,2023-11-25T21:00:43.139696+00:00
INC-20231125-003331,Mathew Frederick,Fire origin investigation underway.,2023-11-25T21:00:43.139696+00:00
INC-20251010-003332,Nathan Wyatt,Utilities secured. Gas and electric shutoff confirmed.,2025-10-10T07:10:03.139696+00:00
INC-20251010-003332,Autumn Wallace,Thermal imaging scan reveals no hidden hot spots.,2025-10-10T07:10:03.139696+00:00
INC-20241026-003335,Julia Cruz,Utilities secured. Gas and electric shutoff confirmed.,2024-10-26T02:54:20.139696+00:00
INC-20250925-003339,Devon Santos,Defensive operations established due to structural instability.,2025-09-25T03:43:13.139696+00:00
INC-20250709-003340,Destiny Myers,Initial size-up complete. Fire showing from second floor.,2025-07-09T00:28:18.139696+00:00
INC-20241103-003343,Sara Frye,Ventilation operations completed on roof.,2024-11-03T17:39:41.139696+00:00
INC-20241103-003343,Patrick Wiggins,All occupants evacuated. Primary search complete.,2024-11-03T17:39:41.139696+00:00
INC-20250926-003344,Leslie Anderson,Defensive operations established due to structural instability.,2025-09-26T00:47:05.139696+00:00
INC-20250926-003344,Debra Mcbride,Thermal imaging scan reveals no hidden hot spots.,2025-09-26T00:47:05.139696+00:00
INC-20250926-003344,David Hess,Initial size-up complete. Fire showing from second floor.,2025-09-26T00:47:05.139696+00:00
INC-20250717-003346,Patty Pugh,Thermal imaging scan reveals no hidden hot spots.,2025-07-17T00:59:57.139696+00:00
INC-20250717-003346,Jeffery Paul,Initial size-up complete. Fire showing from second floor.,2025-07-17T00:59:57.139696+00:00
INC-20250717-003346,Todd Wells,Thermal imaging scan reveals no hidden hot spots.,2025-07-17T00:59:57.139696+00:00
INC-20250806-003349,Kerri Martinez,Utilities secured. Gas and electric shutoff confirmed.,2025-08-06T22:54:09.139696+00:00
INC-20250806-003349,James Wright,Initial size-up complete. Fire showing from second floor.,2025-08-06T22:54:09.139696+00:00
INC-20250527-003350,Sean Stephens,Ventilation operations completed on roof.,2025-05-27T15:25:59.139696+00:00
INC-20250527-003350,Victoria Powell,Utilities secured. Gas and electric shutoff confirmed.,2025-05-27T15:25:59.139696+00:00
INC-20250618-003352,Kara Frazier,Ventilation operations completed on roof.,2025-06-18T11:41:19.139696+00:00
INC-20250919-003354,Elizabeth Ross,Ventilation operations completed on roof.,2025-09-19T19:06:05.139696+00:00
INC-20250919-003354,Elizabeth Williams,Thermal imaging scan reveals no hidden hot spots.,2025-09-19T19:06:05.139696+00:00
INC-20250427-003356,Michelle Holland,Thermal imaging scan reveals no hidden hot spots.,2025-04-27T00:29:41.139696+00:00
INC-20250202-003361,Aaron Horton,Ventilation operations completed on roof.,2025-02-02T10:08:53.139696+00:00
INC-20250202-003361,Larry Harris,Ventilation operations completed on roof.,2025-02-02T10:08:53.139696+00:00
INC-20250813-003362,John Spencer,All occupants evacuated. Primary search complete.,2025-08-13T04:06:32.139696+00:00
INC-20250813-003362,Mark Rodriguez,Fire knocked down. Overhaul in progress.,2025-08-13T04:06:32.139696+00:00
INC-20250808-003363,Beth Patel,Fire origin investigation underway.,2025-08-08T11:42:34.139696+00:00
INC-20250808-003363,Michael White,Ventilation operations completed on roof.,2025-08-08T11:42:34.139696+00:00
INC-20240703-003366,John Morris,Fire origin investigation underway.,2024-07-03T07:17:54.139696+00:00
INC-20240703-003366,Jessica Mayer,Defensive operations established due to structural instability.,2024-07-03T07:17:54.139696+00:00
INC-20231218-003368,Amy Morrow,Fire origin investigation underway.,2023-12-18T19:12:43.139696+00:00
INC-20250520-003369,Sherry Lutz,Ventilation operations completed on roof.,2025-05-20T18:09:51.139696+00:00
INC-20250518-003370,Cody Wilson,Fire origin investigation underway.,2025-05-18T21:37:29.139696+00:00
INC-20250518-003370,Brooke Wheeler,Utilities secured. Gas and electric shutoff confirmed.,2025-05-18T21:37:29.139696+00:00
INC-20250518-003370,Anthony Anderson,Utilities secured. Gas and electric shutoff confirmed.,2025-05-18T21:37:29.139696+00:00
INC-20250628-003372,Aaron Morrow,All occupants evacuated. Primary search complete.,2025-06-28T14:30:53.139696+00:00
INC-20250628-003372,Pedro Noble,Initial size-up complete. Fire showing from second floor.,2025-06-28T14:30:53.139696+00:00
INC-20250628-003372,Dana Maldonado,Fire origin investigation underway.,2025-06-28T14:30:53.139696+00:00
INC-20251009-003374,Edward Herrera,Ventilation operations completed on roof.,2025-10-09T10:49:07.139696+00:00
INC-20251009-003374,Karen Mays,Fire knocked down. Overhaul in progress.,2025-10-09T10:49:07.139696+00:00
INC-20251009-003374,Cody Wolf,Fire knocked down. Overhaul in progress.,2025-10-09T10:49:07.139696+00:00
INC-20231213-003375,Karen Bailey,All occupants evacuated. Primary search complete.,2023-12-13T13:28:29.139696+00:00
INC-20250415-003376,Sandra Jones,Thermal imaging scan reveals no hidden hot spots.,2025-04-15T23:27:17.139696+00:00
INC-20250415-003376,Wendy Parker,Thermal imaging scan reveals no hidden hot spots.,2025-04-15T23:27:17.139696+00:00
INC-20241205-003377,David Davis,All occupants evacuated. Primary search complete.,2024-12-05T01:55:07.139696+00:00
INC-20241205-003377,Ruth Lucas,Utilities secured. Gas and electric shutoff confirmed.,2024-12-05T01:55:07.139696+00:00
INC-20241205-003377,Paul Willis,Initial size-up complete. Fire showing from second floor.,2024-12-05T01:55:07.139696+00:00
INC-20250807-003378,Jennifer English,Utilities secured. Gas and electric shutoff confirmed.,2025-08-07T00:56:23.139696+00:00
INC-20251015-003379,Mrs. Wendy Hayes,Fire origin investigation underway.,2025-10-15T14:08:11.139696+00:00
INC-20251015-003379,Elizabeth Serrano,All occupants evacuated. Primary search complete.,2025-10-15T14:08:11.139696+00:00
INC-20250924-003381,Kevin Mendoza,Ventilation operations completed on roof.,2025-09-24T10:37:33.139696+00:00
INC-20221218-003387,Charles Davis,All occupants evacuated. Primary search complete.,2022-12-18T06:46:55.139696+00:00
INC-20221218-003387,James Smith,All occupants evacuated. Primary search complete.,2022-12-18T06:46:55.139696+00:00
INC-20221218-003387,Robert Adams,Thermal imaging scan reveals no hidden hot spots.,2022-12-18T06:46:55.139696+00:00
INC-20230910-003389,Jimmy Thomas,Thermal imaging scan reveals no hidden hot spots.,2023-09-10T07:10:41.139696+00:00
INC-20250729-003396,Jessica Mayo,Fire knocked down. Overhaul in progress.,2025-07-29T23:23:30.139696+00:00
INC-20250729-003396,Frank Vega,Thermal imaging scan reveals no hidden hot spots.,2025-07-29T23:23:30.139696+00:00
INC-20250729-003396,Adrian Mayo,Initial size-up complete. Fire showing from second floor.,2025-07-29T23:23:30.139696+00:00
INC-20251016-003397,Mr. Bobby Evans,Ventilation operations completed on roof.,2025-10-16T18:22:42.139696+00:00
INC-20251016-003397,Jessica Gonzalez,Initial size-up complete. Fire showing from second floor.,2025-10-16T18:22:42.139696+00:00
INC-20251021-003402,Francisco Lutz,Defensive operations established due to structural instability.,2025-10-21T00:18:08.139696+00:00
INC-20251021-003402,Stephen Chen,Ventilation operations completed on roof.,2025-10-21T00:18:08.139696+00:00
INC-20251003-003404,Victoria King,Ventilation operations completed on roof.,2025-10-03T21:13:59.139696+00:00
INC-20251003-003404,Victoria Mason,All occupants evacuated. Primary search complete.,2025-10-03T21:13:59.139696+00:00
INC-20250228-003406,Kathryn Kennedy,Fire knocked down. Overhaul in progress.,2025-02-28T10:14:56.139696+00:00
INC-20250914-003407,John Campbell,Initial size-up complete. Fire showing from second floor.,2025-09-14T12:21:56.139696+00:00
INC-20250914-003407,Cory Fowler,Initial size-up complete. Fire showing from second floor.,2025-09-14T12:21:56.139696+00:00
INC-20250921-003408,Daniel Larsen,Fire origin investigation underway.,2025-09-21T04:58:51.139696+00:00
INC-20250826-003414,Tyrone Baker,Thermal imaging scan reveals no hidden hot spots.,2025-08-26T19:21:52.139696+00:00
INC-20231108-003416,Darren Rivas,Ventilation operations completed on roof.,2023-11-08T07:17:18.139696+00:00
INC-20231108-003416,Angela Barrera,Utilities secured. Gas and electric shutoff confirmed.,2023-11-08T07:17:18.139696+00:00
INC-20251006-003417,Jon Pearson,Ventilation operations completed on roof.,2025-10-06T00:45:03.139696+00:00
INC-20250901-003418,Shannon Young,Utilities secured. Gas and electric shutoff confirmed.,2025-09-01T20:07:09.139696+00:00
INC-20251019-003419,Kaitlyn West,Ventilation operations completed on roof.,2025-10-19T04:01:54.139696+00:00
INC-20251019-003419,Joseph Roberts,Ventilation operations completed on roof.,2025-10-19T04:01:54.139696+00:00
INC-20251019-003419,Brian Anderson,Utilities secured. Gas and electric shutoff confirmed.,2025-10-19T04:01:54.139696+00:00
INC-20250823-003421,Sandra Stone MD,Ventilation operations completed on roof.,2025-08-23T01:34:15.139696+00:00
INC-20250809-003423,Melissa Grimes,Defensive operations established due to structural instability.,2025-08-09T06:52:16.139696+00:00
INC-20250809-003423,David Wise,Ventilation operations completed on roof.,2025-08-09T06:52:16.139696+00:00
INC-20250828-003426,Nicholas Rangel,Ventilation operations completed on roof.,2025-08-28T09:59:52.139696+00:00
INC-20250828-003426,Janet Lewis,Utilities secured. Gas and electric shutoff confirmed.,2025-08-28T09:59:52.139696+00:00
INC-20250513-003427,Taylor Wong,Defensive operations established due to structural instability.,2025-05-13T20:50:46.139696+00:00
INC-20250513-003427,Melissa Stephens,All occupants evacuated. Primary search complete.,2025-05-13T20:50:46.139696+00:00
INC-20250513-003427,Kimberly Wall,Initial size-up complete. Fire showing from second floor.,2025-05-13T20:50:46.139696+00:00
INC-20250301-003428,Kimberly Sanders,Initial size-up complete. Fire showing from second floor.,2025-03-01T02:30:38.139696+00:00
INC-20250301-003428,Christina Branch,Utilities secured. Gas and electric shutoff confirmed.,2025-03-01T02:30:38.139696+00:00
INC-20230908-003429,Carla Villarreal,Thermal imaging scan reveals no hidden hot spots.,2023-09-08T19:02:27.139696+00:00
INC-20230908-003429,Stefanie Stewart,Initial size-up complete. Fire showing from second floor.,2023-09-08T19:02:27.139696+00:00
INC-20250919-003430,Ryan Cox,Initial size-up complete. Fire showing from second floor.,2025-09-19T14:18:00.139696+00:00
INC-20250919-003430,Brittany Smith,Thermal imaging scan reveals no hidden hot spots.,2025-09-19T14:18:00.139696+00:00
INC-20230217-003431,Joshua Barnes,Initial size-up complete. Fire showing from second floor.,2023-02-17T01:18:32.139696+00:00
INC-20250707-003433,Chelsea Ortiz,Thermal imaging scan reveals no hidden hot spots.,2025-07-07T07:54:57.139696+00:00
INC-20241218-003435,Stephen Gallegos,Initial size-up complete. Fire showing from second floor.,2024-12-18T02:47:38.139696+00:00
INC-20240530-003438,Kristine Jones,Fire origin investigation underway.,2024-05-30T02:23:40.139696+00:00
INC-20240530-003438,Stephen Valencia,Fire knocked down. Overhaul in progress.,2024-05-30T02:23:40.139696+00:00
INC-20241124-003439,Tammy Mccarthy,Fire origin investigation underway.,2024-11-24T13:48:21.139696+00:00
INC-20241124-003439,Brandon Olson,Fire origin investigation underway.,2024-11-24T13:48:21.139696+00:00
INC-20241124-003439,Tony Smith,All occupants evacuated. Primary search complete.,2024-11-24T13:48:21.139696+00:00
INC-20250823-003440,Brian Cook,Ventilation operations completed on roof.,2025-08-23T00:52:09.139696+00:00
INC-20250823-003440,Jennifer Stevens,Ventilation operations completed on roof.,2025-08-23T00:52:09.139696+00:00
INC-20250525-003442,Sarah Jordan,Defensive operations established due to structural instability.,2025-05-25T06:44:34.139696+00:00
INC-20250525-003442,Stephanie Scott,Utilities secured. Gas and electric shutoff confirmed.,2025-05-25T06:44:34.139696+00:00
INC-20240210-003443,Steven Gibson,Fire knocked down. Overhaul in progress.,2024-02-10T09:10:25.139696+00:00
INC-20240210-003443,Kayla Hendricks,Utilities secured. Gas and electric shutoff confirmed.,2024-02-10T09:10:25.139696+00:00
INC-20230202-003445,Sharon Johnson,Fire knocked down. Overhaul in progress.,2023-02-02T20:45:22.139696+00:00
INC-20230202-003445,Cynthia Shepard,Fire knocked down. Overhaul in progress.,2023-02-02T20:45:22.139696+00:00
INC-20230202-003445,Steve Roberts,Fire knocked down. Overhaul in progress.,2023-02-02T20:45:22.139696+00:00
INC-20251010-003446,Erika Hoover,Utilities secured. Gas and electric shutoff confirmed.,2025-10-10T07:24:03.139696+00:00
INC-20251010-003446,Kevin Ware,Defensive operations established due to structural instability.,2025-10-10T07:24:03.139696+00:00
INC-20251010-003446,Jennifer Torres,Thermal imaging scan reveals no hidden hot spots.,2025-10-10T07:24:03.139696+00:00
INC-20250924-003448,Gwendolyn Spencer,Initial size-up complete. Fire showing from second floor.,2025-09-24T05:40:17.139696+00:00
INC-20250924-003448,John Walters,Thermal imaging scan reveals no hidden hot spots.,2025-09-24T05:40:17.139696+00:00
INC-20250924-003448,James Hunt,Fire knocked down. Overhaul in progress.,2025-09-24T05:40:17.139696+00:00
INC-20250928-003449,Samantha Macdonald,Thermal imaging scan reveals no hidden hot spots.,2025-09-28T15:38:00.139696+00:00
INC-20250928-003449,Joseph Wright,All occupants evacuated. Primary search complete.,2025-09-28T15:38:00.139696+00:00
INC-20241227-003455,Brittney Lopez,Fire origin investigation underway.,2024-12-27T22:38:51.139696+00:00
INC-20250912-003456,Erik Gutierrez,Defensive operations established due to structural instability.,2025-09-12T01:12:51.139696+00:00
INC-20250302-003458,Bianca Roth,Initial size-up complete. Fire showing from second floor.,2025-03-02T22:50:53.139696+00:00
INC-20250302-003458,Ashley Sims,Utilities secured. Gas and electric shutoff confirmed.,2025-03-02T22:50:53.139696+00:00
INC-20251003-003459,Thomas Henderson,Fire knocked down. Overhaul in progress.,2025-10-03T00:42:19.139696+00:00
INC-20251003-003459,Jennifer Martinez,Fire origin investigation underway.,2025-10-03T00:42:19.139696+00:00
INC-20251003-003459,Robert Campbell,Defensive operations established due to structural instability.,2025-10-03T00:42:19.139696+00:00
INC-20250729-003461,James Thomas,Ventilation operations completed on roof.,2025-07-29T16:23:48.139696+00:00
INC-20250729-003461,Kelly Rivera,Fire origin investigation underway.,2025-07-29T16:23:48.139696+00:00
INC-20250724-003462,Joshua Adkins,All occupants evacuated. Primary search complete.,2025-07-24T11:32:28.139696+00:00
INC-20250724-003462,Matthew Martinez,Ventilation operations completed on roof.,2025-07-24T11:32:28.139696+00:00
INC-20240715-003463,Tina Brock,All occupants evacuated. Primary search complete.,2024-07-15T10:05:56.139696+00:00
INC-20250920-003464,Shannon Tran,Fire origin investigation underway.,2025-09-20T02:50:10.139696+00:00
INC-20250920-003464,Duane Ramirez,Fire knocked down. Overhaul in progress.,2025-09-20T02:50:10.139696+00:00
INC-20250920-003464,Jane Farrell,Fire knocked down. Overhaul in progress.,2025-09-20T02:50:10.139696+00:00
INC-20250909-003465,Christina Robinson,Fire knocked down. Overhaul in progress.,2025-09-09T00:44:48.139696+00:00
INC-20250909-003465,Tony Crosby,Utilities secured. Gas and electric shutoff confirmed.,2025-09-09T00:44:48.139696+00:00
INC-20221215-003466,Mercedes Brown MD,Fire origin investigation underway.,2022-12-15T09:21:41.139696+00:00
INC-20250912-003467,Marisa Robinson,Initial size-up complete. Fire showing from second floor.,2025-09-12T17:07:22.139696+00:00
INC-20250912-003467,Amanda Taylor,Fire knocked down. Overhaul in progress.,2025-09-12T17:07:22.139696+00:00
INC-20250806-003468,Lance Pugh,Utilities secured. Gas and electric shutoff confirmed.,2025-08-06T14:17:12.139696+00:00
INC-20250806-003468,Mitchell Sanchez,Thermal imaging scan reveals no hidden hot spots.,2025-08-06T14:17:12.139696+00:00
INC-20250806-003468,Tammy White,All occupants evacuated. Primary search complete.,2025-08-06T14:17:12.139696+00:00
INC-20250921-003469,Brittany Armstrong,Defensive operations established due to structural instability.,2025-09-21T17:30:42.139696+00:00
INC-20250921-003469,Michelle Yu,Utilities secured. Gas and electric shutoff confirmed.,2025-09-21T17:30:42.139696+00:00
INC-20250327-003470,Carolyn Johnson,Defensive operations established due to structural instability.,2025-03-27T22:49:16.139696+00:00
INC-20250327-003470,Lisa Brady,Utilities secured. Gas and electric shutoff confirmed.,2025-03-27T22:49:16.139696+00:00
INC-20250425-003471,James Phelps,Fire origin investigation underway.,2025-04-25T13:02:19.139696+00:00
INC-20251011-003473,Anthony Rush,Utilities secured. Gas and electric shutoff confirmed.,2025-10-11T03:12:58.139696+00:00
INC-20251011-003473,Phillip Chase,Thermal imaging scan reveals no hidden hot spots.,2025-10-11T03:12:58.139696+00:00
INC-20251011-003473,Edwin Anderson,Defensive operations established due to structural instability.,2025-10-11T03:12:58.139696+00:00
INC-20250730-003474,Selena Jordan,Utilities secured. Gas and electric shutoff confirmed.,2025-07-30T09:15:33.139696+00:00
INC-20250730-003474,Denise Fox,Fire origin investigation underway.,2025-07-30T09:15:33.139696+00:00
INC-20250730-003474,Rachel Baker,Fire origin investigation underway.,2025-07-30T09:15:33.139696+00:00
INC-20251007-003475,Karen Gomez,Defensive operations established due to structural instability.,2025-10-07T11:49:01.139696+00:00
INC-20251007-003475,Megan Allen,Thermal imaging scan reveals no hidden hot spots.,2025-10-07T11:49:01.139696+00:00
INC-20240111-003476,Laura Wall,Fire knocked down. Overhaul in progress.,2024-01-11T13:49:27.139696+00:00
INC-20240111-003476,Gary Miller,Fire origin investigation underway.,2024-01-11T13:49:27.139696+00:00
INC-20250815-003477,Christina Vazquez,All occupants evacuated. Primary search complete.,2025-08-15T16:53:06.139696+00:00
INC-20250815-003477,Eric Moore,Utilities secured. Gas and electric shutoff confirmed.,2025-08-15T16:53:06.139696+00:00
INC-20250801-003481,Wendy Stevens,Fire knocked down. Overhaul in progress.,2025-08-01T05:55:11.139696+00:00
INC-20250801-003481,Scott Barton,Fire knocked down. Overhaul in progress.,2025-08-01T05:55:11.139696+00:00
INC-20250801-003481,Adriana Woods,Thermal imaging scan reveals no hidden hot spots.,2025-08-01T05:55:11.139696+00:00
INC-20230914-003484,Michael Sanchez,Fire knocked down. Overhaul in progress.,2023-09-14T02:31:35.139696+00:00
INC-20230914-003484,Christopher Wilson,Utilities secured. Gas and electric shutoff confirmed.,2023-09-14T02:31:35.139696+00:00
INC-20230914-003484,Courtney Vega,Fire knocked down. Overhaul in progress.,2023-09-14T02:31:35.139696+00:00
INC-20250816-003486,Ashley Salazar,Fire origin investigation underway.,2025-08-16T03:26:14.139696+00:00
INC-20250607-003488,Jacob Bowers,Ventilation operations completed on roof.,2025-06-07T03:04:15.139696+00:00
INC-20250607-003488,Jade Peck,Utilities secured. Gas and electric shutoff confirmed.,2025-06-07T03:04:15.139696+00:00
INC-20250927-003490,Michael Daugherty,Fire origin investigation underway.,2025-09-27T20:25:57.139696+00:00
INC-20250927-003490,Joshua Jones,Fire knocked down. Overhaul in progress.,2025-09-27T20:25:57.139696+00:00
INC-20241117-003494,Charles Bryant,All occupants evacuated. Primary search complete.,2024-11-17T22:15:52.139696+00:00
INC-20250821-003497,Stacy Griffin,All occupants evacuated. Primary search complete.,2025-08-21T16:03:26.139696+00:00
INC-20250906-003498,Megan Campbell,Fire knocked down. Overhaul in progress.,2025-09-06T04:19:30.139696+00:00
INC-20250906-003498,Jessica Castro,Fire knocked down. Overhaul in progress.,2025-09-06T04:19:30.139696+00:00
INC-20250806-003499,John Valenzuela MD,Initial size-up complete. Fire showing from second floor.,2025-08-06T01:57:18.139696+00:00
INC-20250806-003499,Donna Bass,All occupants evacuated. Primary search complete.,2025-08-06T01:57:18.139696+00:00
INC-20250806-003499,Jennifer Cross,Ventilation operations completed on roof.,2025-08-06T01:57:18.139696+00:00
INC-20230720-003500,Daniel Ross,Initial size-up complete. Fire showing from second floor.,2023-07-20T16:17:48.139696+00:00
INC-20230720-003500,Betty Watson,Thermal imaging scan reveals no hidden hot spots.,2023-07-20T16:17:48.139696+00:00
INC-20230720-003500,Emily Murphy,Fire knocked down. Overhaul in progress.,2023-07-20T16:17:48.139696+00:00
INC-20221109-003503,Patricia Harris,Defensive operations established due to structural instability.,2022-11-09T20:26:31.139696+00:00
INC-20221109-003503,Christopher Robinson,Fire origin investigation underway.,2022-11-09T20:26:31.139696+00:00
INC-20221109-003503,Patrick Hoffman,Utilities secured. Gas and electric shutoff confirmed.,2022-11-09T20:26:31.139696+00:00
INC-20221126-003504,Erik Bridges,Fire knocked down. Overhaul in progress.,2022-11-26T08:56:11.139696+00:00
INC-20221126-003504,Dustin Thomas,Utilities secured. Gas and electric shutoff confirmed.,2022-11-26T08:56:11.139696+00:00
INC-20221126-003504,Dakota Daniels,Initial size-up complete. Fire showing from second floor.,2022-11-26T08:56:11.139696+00:00
INC-20250812-003508,Justin Jones,All occupants evacuated. Primary search complete.,2025-08-12T20:55:55.139696+00:00
INC-20250826-003511,Tyler Collins,Fire knocked down. Overhaul in progress.,2025-08-26T06:40:13.139696+00:00
INC-20250805-003512,Tracy Avery,Fire origin investigation underway.,2025-08-05T16:15:43.139696+00:00
INC-20250805-003512,Christopher Webb,Defensive operations established due to structural instability.,2025-08-05T16:15:43.139696+00:00
INC-20250109-003514,Abigail George,Initial size-up complete. Fire showing from second floor.,2025-01-09T21:59:44.139696+00:00
INC-20250109-003514,Rachel Herrera,Fire origin investigation underway.,2025-01-09T21:59:44.139696+00:00
INC-20250109-003514,Jared Wilson,Ventilation operations completed on roof.,2025-01-09T21:59:44.139696+00:00
INC-20250613-003518,Dylan Allen,Fire knocked down. Overhaul in progress.,2025-06-13T09:34:44.139696+00:00
INC-20250812-003519,Michael Sharp,Initial size-up complete. Fire showing from second floor.,2025-08-12T12:07:20.139696+00:00
INC-20250812-003519,Patricia Boyer,All occupants evacuated. Primary search complete.,2025-08-12T12:07:20.139696+00:00
INC-20250812-003519,Chloe Clark,Thermal imaging scan reveals no hidden hot spots.,2025-08-12T12:07:20.139696+00:00
INC-20250819-003520,Tracy Taylor,Ventilation operations completed on roof.,2025-08-19T11:05:55.139696+00:00
INC-20250819-003520,Melanie Bishop,Initial size-up complete. Fire showing from second floor.,2025-08-19T11:05:55.139696+00:00
INC-20250921-003522,Penny Williams,Fire origin investigation underway.,2025-09-21T01:53:00.139696+00:00
INC-20250921-003522,Amber Fields,Fire knocked down. Overhaul in progress.,2025-09-21T01:53:00.139696+00:00
INC-20250921-003522,Charles Hughes,Utilities secured. Gas and electric shutoff confirmed.,2025-09-21T01:53:00.139696+00:00
INC-20251010-003524,Kenneth Cannon,Fire knocked down. Overhaul in progress.,2025-10-10T15:31:37.139696+00:00
INC-20250926-003527,Christina Solis,Defensive operations established due to structural instability.,2025-09-26T18:57:32.139696+00:00
INC-20250926-003527,Jennifer Chavez,Fire knocked down. Overhaul in progress.,2025-09-26T18:57:32.139696+00:00
INC-20230209-003528,Sara Russell,Fire origin investigation underway.,2023-02-09T15:48:22.139696+00:00
INC-20230209-003528,Michael Blair,All occupants evacuated. Primary search complete.,2023-02-09T15:48:22.139696+00:00
INC-20250224-003531,Chelsey Meadows,Utilities secured. Gas and electric shutoff confirmed.,2025-02-24T08:33:42.139696+00:00
INC-20250224-003531,Jenna Anderson,Defensive operations established due to structural instability.,2025-02-24T08:33:42.139696+00:00
INC-20250224-003531,Tina Mills,Defensive operations established due to structural instability.,2025-02-24T08:33:42.139696+00:00
INC-20230814-003532,Pamela Newton,Fire origin investigation underway.,2023-08-14T02:28:19.139696+00:00
INC-20230814-003532,Amy Hill,Fire origin investigation underway.,2023-08-14T02:28:19.139696+00:00
INC-20250911-003533,Timothy Nielsen,Utilities secured. Gas and electric shutoff confirmed.,2025-09-11T12:12:00.139696+00:00
INC-20250911-003533,Kelly Jacobs,Fire origin investigation underway.,2025-09-11T12:12:00.139696+00:00
INC-20250701-003534,Stephen Mitchell,Fire knocked down. Overhaul in progress.,2025-07-01T19:16:31.139696+00:00
INC-20250701-003534,Crystal Johnson,Initial size-up complete. Fire showing from second floor.,2025-07-01T19:16:31.139696+00:00
INC-20250909-003535,Victoria Edwards,Fire origin investigation underway.,2025-09-09T16:40:51.139696+00:00
INC-20250909-003535,John Gonzalez,Initial size-up complete. Fire showing from second floor.,2025-09-09T16:40:51.139696+00:00
INC-20250905-003540,Christine Moore,Defensive operations established due to structural instability.,2025-09-05T22:51:49.139696+00:00
INC-20240217-003541,Nicholas Cox,Utilities secured. Gas and electric shutoff confirmed.,2024-02-17T22:24:40.139696+00:00
INC-20240217-003541,Adam Fields,Fire origin investigation underway.,2024-02-17T22:24:40.139696+00:00
INC-20240217-003541,Brittney Perez,Fire origin investigation underway.,2024-02-17T22:24:40.139696+00:00
INC-20250920-003547,Dennis Pham,Fire origin investigation underway.,2025-09-20T09:14:01.139696+00:00
INC-20250920-003547,Rachel Jones,Fire knocked down. Overhaul in progress.,2025-09-20T09:14:01.139696+00:00
INC-20230820-003548,Desiree Murray,Initial size-up complete. Fire showing from second floor.,2023-08-20T18:49:28.139696+00:00
INC-20230820-003548,Matthew Martin,Ventilation operations completed on roof.,2023-08-20T18:49:28.139696+00:00
INC-20230820-003548,Christopher Bell,Fire knocked down. Overhaul in progress.,2023-08-20T18:49:28.139696+00:00
INC-20251012-003549,James Lopez,Defensive operations established due to structural instability.,2025-10-12T10:16:02.139696+00:00
INC-20251012-003549,Susan Christian,Thermal imaging scan reveals no hidden hot spots.,2025-10-12T10:16:02.139696+00:00
INC-20251012-003549,Lauren Lozano,Ventilation operations completed on roof.,2025-10-12T10:16:02.139696+00:00
INC-20250827-003550,Rhonda Jensen,Utilities secured. Gas and electric shutoff confirmed.,2025-08-27T11:16:08.139696+00:00
INC-20250827-003550,Christina Jacobson,Initial size-up complete. Fire showing from second floor.,2025-08-27T11:16:08.139696+00:00
INC-20250827-003550,Michelle Morales,Ventilation operations completed on roof.,2025-08-27T11:16:08.139696+00:00
INC-20250913-003551,Nicole Green,Fire origin investigation underway.,2025-09-13T02:24:46.139696+00:00
INC-20250913-003551,Anthony Schwartz,Thermal imaging scan reveals no hidden hot spots.,2025-09-13T02:24:46.139696+00:00
INC-20250411-003552,Maria Allen,Thermal imaging scan reveals no hidden hot spots.,2025-04-11T05:52:27.139696+00:00
INC-20250803-003553,Brandon Hart,All occupants evacuated. Primary search complete.,2025-08-03T19:58:33.139696+00:00
INC-20250326-003554,James Marshall,Defensive operations established due to structural instability.,2025-03-26T13:20:35.139696+00:00
INC-20250326-003554,Andrea Carter,Thermal imaging scan reveals no hidden hot spots.,2025-03-26T13:20:35.139696+00:00
INC-20250830-003556,Leonard Thompson,Ventilation operations completed on roof.,2025-08-30T09:47:05.139696+00:00
INC-20250830-003556,Nicole Vazquez,Fire origin investigation underway.,2025-08-30T09:47:05.139696+00:00
INC-20250830-003556,Sue Reed,Defensive operations established due to structural instability.,2025-08-30T09:47:05.139696+00:00
INC-20250802-003557,Julia Anderson,Fire origin investigation underway.,2025-08-02T20:24:57.139696+00:00
INC-20250802-003557,Vincent Chang,Thermal imaging scan reveals no hidden hot spots.,2025-08-02T20:24:57.139696+00:00
INC-20251010-003558,Charles Jones,Fire knocked down. Overhaul in progress.,2025-10-11T00:20:17.139696+00:00
INC-20251010-003558,Megan Taylor,Thermal imaging scan reveals no hidden hot spots.,2025-10-11T00:20:17.139696+00:00
INC-20231101-003560,Bridget Hill,Initial size-up complete. Fire showing from second floor.,2023-11-01T08:06:54.139696+00:00
INC-20231101-003560,Pamela Walton,Defensive operations established due to structural instability.,2023-11-01T08:06:54.139696+00:00
INC-20250616-003561,Jessica Wilson,Initial size-up complete. Fire showing from second floor.,2025-06-16T05:09:47.139696+00:00
INC-20250616-003561,Susan Lewis,Ventilation operations completed on roof.,2025-06-16T05:09:47.139696+00:00
INC-20250616-003561,Laura Sandoval,Fire knocked down. Overhaul in progress.,2025-06-16T05:09:47.139696+00:00
INC-20250903-003562,Sarah Hunt,Defensive operations established due to structural instability.,2025-09-03T20:05:37.139696+00:00
INC-20250711-003563,Caitlyn Watson PhD,All occupants evacuated. Primary search complete.,2025-07-11T14:39:06.139696+00:00
INC-20250711-003563,David Fitzpatrick,Fire knocked down. Overhaul in progress.,2025-07-11T14:39:06.139696+00:00
INC-20250323-003564,Joseph Hill,Thermal imaging scan reveals no hidden hot spots.,2025-03-23T22:39:36.139696+00:00
INC-20250911-003565,Sarah Larson,Defensive operations established due to structural instability.,2025-09-11T01:13:12.139696+00:00
INC-20250911-003565,Todd Williamson,Ventilation operations completed on roof.,2025-09-11T01:13:12.139696+00:00
INC-20250811-003568,Brenda Jones,Thermal imaging scan reveals no hidden hot spots.,2025-08-11T21:23:44.139696+00:00
INC-20250811-003568,Monica Robinson,Fire knocked down. Overhaul in progress.,2025-08-11T21:23:44.139696+00:00
INC-20250811-003568,Cory Johnson,Fire origin investigation underway.,2025-08-11T21:23:44.139696+00:00
INC-20250915-003569,Lauren Miller,All occupants evacuated. Primary search complete.,2025-09-15T14:34:24.139696+00:00
INC-20250915-003569,Katrina Patterson,Thermal imaging scan reveals no hidden hot spots.,2025-09-15T14:34:24.139696+00:00
INC-20250726-003570,Shawna Wilkins,Utilities secured. Gas and electric shutoff confirmed.,2025-07-26T13:21:25.139696+00:00
INC-20250829-003572,Shannon Gonzales,Defensive operations established due to structural instability.,2025-08-29T16:26:44.139696+00:00
INC-20250829-003572,Rebekah Hess,Initial size-up complete. Fire showing from second floor.,2025-08-29T16:26:44.139696+00:00
INC-20250808-003576,Margaret Stokes,Fire knocked down. Overhaul in progress.,2025-08-08T20:23:26.139696+00:00
INC-20250808-003576,Dustin Guzman,All occupants evacuated. Primary search complete.,2025-08-08T20:23:26.139696+00:00
INC-20250808-003576,Mrs. Rebecca Washington DDS,All occupants evacuated. Primary search complete.,2025-08-08T20:23:26.139696+00:00
INC-20250831-003581,Mark Mendez,Initial size-up complete. Fire showing from second floor.,2025-08-31T16:51:17.139696+00:00
INC-20250831-003581,Kathleen Thomas,Utilities secured. Gas and electric shutoff confirmed.,2025-08-31T16:51:17.139696+00:00
INC-20251004-003582,Pamela Hoffman,Fire knocked down. Overhaul in progress.,2025-10-04T13:48:29.139696+00:00
INC-20250131-003583,Garrett Kramer,Defensive operations established due to structural instability.,2025-01-31T10:41:32.139696+00:00
INC-20250131-003583,Michael Rios,Initial size-up complete. Fire showing from second floor.,2025-01-31T10:41:32.139696+00:00
INC-20250131-003583,James Lewis,All occupants evacuated. Primary search complete.,2025-01-31T10:41:32.139696+00:00
INC-20241231-003584,Tonya Kelley,Thermal imaging scan reveals no hidden hot spots.,2024-12-31T04:38:32.139696+00:00
INC-20250812-003585,Crystal Tapia,Fire knocked down. Overhaul in progress.,2025-08-12T20:44:56.139696+00:00
INC-20250812-003585,Tyler Mccoy,All occupants evacuated. Primary search complete.,2025-08-12T20:44:56.139696+00:00
INC-20250812-003585,Elizabeth Joyce,Defensive operations established due to structural instability.,2025-08-12T20:44:56.139696+00:00
INC-20231009-003586,Brittany Mendoza,Ventilation operations completed on roof.,2023-10-09T12:54:39.139696+00:00
INC-20250828-003587,Sandra Leach,Initial size-up complete. Fire showing from second floor.,2025-08-28T17:09:23.139696+00:00
INC-20250828-003587,George Johnson,Ventilation operations completed on roof.,2025-08-28T17:09:23.139696+00:00
INC-20241105-003588,Tracy Jones,Ventilation operations completed on roof.,2024-11-05T21:35:22.139696+00:00
INC-20251010-003589,Eric Heath,Fire origin investigation underway.,2025-10-10T21:34:37.139696+00:00
INC-20251010-003589,Taylor Gregory,Utilities secured. Gas and electric shutoff confirmed.,2025-10-10T21:34:37.139696+00:00
INC-20250904-003591,Frederick Stevens,Thermal imaging scan reveals no hidden hot spots.,2025-09-04T18:08:45.139696+00:00
INC-20250904-003591,Ronald Clarke,Initial size-up complete. Fire showing from second floor.,2025-09-04T18:08:45.139696+00:00
INC-20250830-003592,Jason Huff,Fire knocked down. Overhaul in progress.,2025-08-30T22:11:09.139696+00:00
INC-20241108-003593,John Bender,Ventilation operations completed on roof.,2024-11-08T03:32:39.139696+00:00
INC-20241108-003593,Scott Sharp,Thermal imaging scan reveals no hidden hot spots.,2024-11-08T03:32:39.139696+00:00
INC-20241108-003593,Michelle Sheppard,All occupants evacuated. Primary search complete.,2024-11-08T03:32:39.139696+00:00
INC-20240415-003594,Mary Mueller,All occupants evacuated. Primary search complete.,2024-04-15T13:46:50.139696+00:00
INC-20240415-003594,Dustin Snyder,All occupants evacuated. Primary search complete.,2024-04-15T13:46:50.139696+00:00
INC-20250928-003595,John Gardner,Fire knocked down. Overhaul in progress.,2025-09-28T05:16:10.139696+00:00
INC-20250928-003595,Michael Spencer Jr.,Fire knocked down. Overhaul in progress.,2025-09-28T05:16:10.139696+00:00
INC-20250928-003595,Andrea Howell,Initial size-up complete. Fire showing from second floor.,2025-09-28T05:16:10.139696+00:00
INC-20241011-003597,Danielle Jennings,Utilities secured. Gas and electric shutoff confirmed.,2024-10-11T08:27:03.139696+00:00
INC-20241011-003597,Brad Mcbride,Thermal imaging scan reveals no hidden hot spots.,2024-10-11T08:27:03.139696+00:00
INC-20241011-003597,William Kline,Ventilation operations completed on roof.,2024-10-11T08:27:03.139696+00:00
INC-20250305-003598,Karen Collier,Ventilation operations completed on roof.,2025-03-05T14:47:33.139696+00:00
INC-20250306-003601,Carol Tran,Defensive operations established due to structural instability.,2025-03-06T00:24:20.139696+00:00
INC-20250306-003601,Michael Brown,Defensive operations established due to structural instability.,2025-03-06T00:24:20.139696+00:00
INC-20250926-003604,Sharon Knox,Ventilation operations completed on roof.,2025-09-26T10:48:20.139696+00:00
INC-20250926-003604,Michael Hurst,Fire knocked down. Overhaul in progress.,2025-09-26T10:48:20.139696+00:00
INC-20250926-003604,Elizabeth Callahan,Initial size-up complete. Fire showing from second floor.,2025-09-26T10:48:20.139696+00:00
INC-20251018-003605,Michael Hale,All occupants evacuated. Primary search complete.,2025-10-18T09:05:44.139696+00:00
INC-20251018-003605,Tammy Garza,Fire origin investigation underway.,2025-10-18T09:05:44.139696+00:00
INC-20251007-003606,Kristine Sloan,Initial size-up complete. Fire showing from second floor.,2025-10-07T18:30:12.139696+00:00
INC-20251007-003606,Denise Sanchez,Initial size-up complete. Fire showing from second floor.,2025-10-07T18:30:12.139696+00:00
INC-20251007-003606,Jessica Mckenzie,Utilities secured. Gas and electric shutoff confirmed.,2025-10-07T18:30:12.139696+00:00
INC-20250830-003607,Anthony Moore,Utilities secured. Gas and electric shutoff confirmed.,2025-08-30T11:08:47.139696+00:00
INC-20250830-003607,William Jimenez,Fire knocked down. Overhaul in progress.,2025-08-30T11:08:47.139696+00:00
INC-20251008-003611,Spencer Cabrera,All occupants evacuated. Primary search complete.,2025-10-08T07:21:37.139696+00:00
INC-20251008-003611,Robert Mack,Utilities secured. Gas and electric shutoff confirmed.,2025-10-08T07:21:37.139696+00:00
INC-20251008-003611,Lori Stevens,Fire origin investigation underway.,2025-10-08T07:21:37.139696+00:00
INC-20250828-003612,Timothy Richards,Initial size-up complete. Fire showing from second floor.,2025-08-28T07:57:10.139696+00:00
INC-20250828-003612,Lisa Andrews DDS,Utilities secured. Gas and electric shutoff confirmed.,2025-08-28T07:57:10.139696+00:00
INC-20250828-003612,Robert Logan,Ventilation operations completed on roof.,2025-08-28T07:57:10.139696+00:00
INC-20230706-003615,Daniel Martinez,Fire knocked down. Overhaul in progress.,2023-07-06T22:00:06.139696+00:00
INC-20240617-003617,Brent Lewis,Thermal imaging scan reveals no hidden hot spots.,2024-06-17T03:23:00.139696+00:00
INC-20250423-003618,Ashley Durham,All occupants evacuated. Primary search complete.,2025-04-23T03:47:16.139696+00:00
INC-20250718-003621,Arthur Hood,Fire knocked down. Overhaul in progress.,2025-07-18T20:16:28.139696+00:00
INC-20250819-003622,Ashley Robinson,Initial size-up complete. Fire showing from second floor.,2025-08-19T02:46:18.139696+00:00
INC-20250819-003622,Robert Rodriguez,Utilities secured. Gas and electric shutoff confirmed.,2025-08-19T02:46:18.139696+00:00
INC-20250726-003624,Gary Melendez,All occupants evacuated. Primary search complete.,2025-07-26T08:37:14.139696+00:00
INC-20240809-003625,Megan Baker,All occupants evacuated. Primary search complete.,2024-08-09T18:18:54.139696+00:00
INC-20240809-003625,Nichole West,Fire origin investigation underway.,2024-08-09T18:18:54.139696+00:00
INC-20250909-003626,Sara Hoffman,Ventilation operations completed on roof.,2025-09-09T01:11:50.139696+00:00
INC-20250912-003628,Diane Johnston,Fire origin investigation underway.,2025-09-12T19:51:46.139696+00:00
INC-20250912-003628,Melissa Reeves,Ventilation operations completed on roof.,2025-09-12T19:51:46.139696+00:00
INC-20250611-003630,Gary Johnson,All occupants evacuated. Primary search complete.,2025-06-11T19:32:18.139696+00:00
INC-20250611-003630,Katherine Stone,Initial size-up complete. Fire showing from second floor.,2025-06-11T19:32:18.139696+00:00
INC-20250611-003630,April Warren,Initial size-up complete. Fire showing from second floor.,2025-06-11T19:32:18.139696+00:00
INC-20250924-003633,Christopher Pratt,Initial size-up complete. Fire showing from second floor.,2025-09-24T02:08:15.139696+00:00
INC-20250924-003633,Phillip Wells,Defensive operations established due to structural instability.,2025-09-24T02:08:15.139696+00:00
INC-20250803-003635,Ashlee White,Fire origin investigation underway.,2025-08-03T22:29:39.139696+00:00
INC-20250803-003635,Dan King,Ventilation operations completed on roof.,2025-08-03T22:29:39.139696+00:00
INC-20250902-003636,Rebecca Maldonado,Fire origin investigation underway.,2025-09-02T15:09:57.139696+00:00
INC-20251014-003637,Marcus Steele,Fire origin investigation underway.,2025-10-14T18:16:02.139696+00:00
INC-20250815-003638,Alexander Scott,Initial size-up complete. Fire showing from second floor.,2025-08-15T10:41:53.139696+00:00
INC-20250815-003638,Daniel Smith,Defensive operations established due to structural instability.,2025-08-15T10:41:53.139696+00:00
INC-20250818-003639,Amber Schultz,Defensive operations established due to structural instability.,2025-08-18T03:28:03.139696+00:00
INC-20230901-003641,Kathryn Oliver,All occupants evacuated. Primary search complete.,2023-09-01T21:55:34.139696+00:00
INC-20230901-003641,Mark Mccullough,Fire knocked down. Overhaul in progress.,2023-09-01T21:55:34.139696+00:00
INC-20231014-003642,Anne Jones,Fire knocked down. Overhaul in progress.,2023-10-14T13:07:35.139696+00:00
INC-20231014-003642,Anna Wilson,Utilities secured. Gas and electric shutoff confirmed.,2023-10-14T13:07:35.139696+00:00
INC-20231014-003642,Amy Galvan,Defensive operations established due to structural instability.,2023-10-14T13:07:35.139696+00:00
INC-20250909-003643,Claudia Sullivan,Ventilation operations completed on roof.,2025-09-09T14:04:56.139696+00:00
INC-20250909-003643,Ashley Taylor,Defensive operations established due to structural instability.,2025-09-09T14:04:56.139696+00:00
INC-20250917-003644,Destiny Miller,Thermal imaging scan reveals no hidden hot spots.,2025-09-17T18:26:48.139696+00:00
INC-20250824-003645,Linda Nunez,All occupants evacuated. Primary search complete.,2025-08-24T14:50:53.139696+00:00
INC-20250824-003645,Stephanie Harper,Utilities secured. Gas and electric shutoff confirmed.,2025-08-24T14:50:53.139696+00:00
INC-20250828-003646,Margaret Blair,Ventilation operations completed on roof.,2025-08-28T04:38:39.139696+00:00
INC-20250828-003646,Jennifer Cook,All occupants evacuated. Primary search complete.,2025-08-28T04:38:39.139696+00:00
INC-20250728-003649,Kelli Carter,Thermal imaging scan reveals no hidden hot spots.,2025-07-28T05:45:04.139696+00:00
INC-20230527-003655,Richard Johnson,Thermal imaging scan reveals no hidden hot spots.,2023-05-27T10:30:12.139696+00:00
INC-20230527-003655,Veronica Smith,Fire knocked down. Overhaul in progress.,2023-05-27T10:30:12.139696+00:00
INC-20230527-003655,Amy Kennedy,Fire origin investigation underway.,2023-05-27T10:30:12.139696+00:00
INC-20250331-003656,Alexa Armstrong,All occupants evacuated. Primary search complete.,2025-03-31T06:30:28.139696+00:00
INC-20250914-003657,Heather Goodman,Utilities secured. Gas and electric shutoff confirmed.,2025-09-14T02:45:32.139696+00:00
INC-20250914-003657,Justin Perry,Utilities secured. Gas and electric shutoff confirmed.,2025-09-14T02:45:32.139696+00:00
INC-20250914-003657,Sharon Nichols,All occupants evacuated. Primary search complete.,2025-09-14T02:45:32.139696+00:00
INC-20241124-003659,Kelly Flores,Thermal imaging scan reveals no hidden hot spots.,2024-11-24T21:52:48.139696+00:00
INC-20250909-003660,Billy Johnson,Thermal imaging scan reveals no hidden hot spots.,2025-09-09T09:46:30.139696+00:00
INC-20250909-003660,John Mann,Ventilation operations completed on roof.,2025-09-09T09:46:30.139696+00:00
INC-20250909-003660,Pamela Lynch MD,Ventilation operations completed on roof.,2025-09-09T09:46:30.139696+00:00
INC-20251005-003661,Kimberly Lopez,Utilities secured. Gas and electric shutoff confirmed.,2025-10-05T12:44:10.139696+00:00
INC-20251009-003667,Felicia Lewis,Fire knocked down. Overhaul in progress.,2025-10-09T08:31:53.139696+00:00
INC-20250829-003669,Stephen Travis,Fire knocked down. Overhaul in progress.,2025-08-29T03:08:44.139696+00:00
INC-20250829-003669,Katherine Miller,Defensive operations established due to structural instability.,2025-08-29T03:08:44.139696+00:00
INC-20250829-003669,Brittany Gutierrez,All occupants evacuated. Primary search complete.,2025-08-29T03:08:44.139696+00:00
INC-20241106-003670,Christine Mays,Fire knocked down. Overhaul in progress.,2024-11-06T02:45:51.139696+00:00
INC-20250725-003671,Tammie Roman,Utilities secured. Gas and electric shutoff confirmed.,2025-07-25T16:49:53.139696+00:00
INC-20250725-003671,Brittany Snyder,Ventilation operations completed on roof.,2025-07-25T16:49:53.139696+00:00
INC-20250919-003672,Cynthia Tran DVM,Initial size-up complete. Fire showing from second floor.,2025-09-19T00:51:06.139696+00:00
INC-20250817-003673,Mrs. Laura Young DVM,Utilities secured. Gas and electric shutoff confirmed.,2025-08-17T12:36:41.139696+00:00
INC-20250817-003673,Jennifer Anderson,Defensive operations established due to structural instability.,2025-08-17T12:36:41.139696+00:00
INC-20251016-003675,Natasha Perez,Utilities secured. Gas and electric shutoff confirmed.,2025-10-16T03:40:56.139696+00:00
INC-20250731-003676,Michele Benton,Ventilation operations completed on roof.,2025-07-31T17:40:24.139696+00:00
INC-20250731-003676,Robert Guzman,Ventilation operations completed on roof.,2025-07-31T17:40:24.139696+00:00
INC-20250731-003676,Christine Williams,Utilities secured. Gas and electric shutoff confirmed.,2025-07-31T17:40:24.139696+00:00
INC-20250430-003678,Matthew Hill,Ventilation operations completed on roof.,2025-04-30T20:27:33.139696+00:00
INC-20250907-003679,Tammy Dickerson,Thermal imaging scan reveals no hidden hot spots.,2025-09-07T09:09:56.139696+00:00
INC-20250907-003679,Robert Lawson,Utilities secured. Gas and electric shutoff confirmed.,2025-09-07T09:09:56.139696+00:00
INC-20250907-003679,George Phillips,Fire knocked down. Overhaul in progress.,2025-09-07T09:09:56.139696+00:00
INC-20251014-003683,Andrew Robbins,Utilities secured. Gas and electric shutoff confirmed.,2025-10-14T06:56:46.139696+00:00
INC-20250824-003684,Mrs. Julia Mitchell,Fire origin investigation underway.,2025-08-24T20:51:05.139696+00:00
INC-20240128-003686,Benjamin Davis,Fire origin investigation underway.,2024-01-28T05:53:12.139696+00:00
INC-20240128-003686,Brandon Davidson,Fire origin investigation underway.,2024-01-28T05:53:12.139696+00:00
INC-20240128-003686,Amy Price,Defensive operations established due to structural instability.,2024-01-28T05:53:12.139696+00:00
INC-20251018-003688,Katie Rodriguez,Initial size-up complete. Fire showing from second floor.,2025-10-18T23:44:46.139696+00:00
INC-20251018-003688,Thomas Phelps,Ventilation operations completed on roof.,2025-10-18T23:44:46.139696+00:00
INC-20251018-003688,Jamie Turner,Fire knocked down. Overhaul in progress.,2025-10-18T23:44:46.139696+00:00
INC-20231201-003690,Victor Ramirez,Utilities secured. Gas and electric shutoff confirmed.,2023-12-01T00:43:06.139696+00:00
INC-20231201-003690,Melissa Collins,Fire knocked down. Overhaul in progress.,2023-12-01T00:43:06.139696+00:00
INC-20231201-003690,Shawn Howard,All occupants evacuated. Primary search complete.,2023-12-01T00:43:06.139696+00:00
INC-20250730-003691,Mark Love,Fire knocked down. Overhaul in progress.,2025-07-30T09:23:56.139696+00:00
INC-20250730-003691,John Flores,Initial size-up complete. Fire showing from second floor.,2025-07-30T09:23:56.139696+00:00
INC-20241003-003693,Sandra Johnson,Defensive operations established due to structural instability.,2024-10-03T17:03:45.139696+00:00
INC-20250823-003694,Carla Villanueva,Defensive operations established due to structural instability.,2025-08-23T05:54:05.139696+00:00
INC-20250820-003696,James Cunningham,Utilities secured. Gas and electric shutoff confirmed.,2025-08-20T12:35:08.139696+00:00
INC-20250820-003696,Mary Simpson,Fire origin investigation underway.,2025-08-20T12:35:08.139696+00:00
INC-20250916-003698,Ashley Leon,Utilities secured. Gas and electric shutoff confirmed.,2025-09-16T22:47:07.139696+00:00
INC-20230325-003699,Caitlin Davis,Fire knocked down. Overhaul in progress.,2023-03-25T20:42:05.139696+00:00
INC-20230325-003699,Sharon Alvarez,Initial size-up complete. Fire showing from second floor.,2023-03-25T20:42:05.139696+00:00
INC-20250723-003701,Eric English,All occupants evacuated. Primary search complete.,2025-07-23T22:59:39.139696+00:00
INC-20250901-003704,Nathan Rogers,Fire knocked down. Overhaul in progress.,2025-09-01T23:48:04.139696+00:00
INC-20250901-003704,Taylor Arnold,Ventilation operations completed on roof.,2025-09-01T23:48:04.139696+00:00
INC-20250129-003706,Patricia Morris,Initial size-up complete. Fire showing from second floor.,2025-01-29T19:37:23.139696+00:00
INC-20251010-003707,Russell Brown,Initial size-up complete. Fire showing from second floor.,2025-10-10T14:04:26.139696+00:00
INC-20251010-003707,Douglas Woods,Initial size-up complete. Fire showing from second floor.,2025-10-10T14:04:26.139696+00:00
INC-20221214-003708,Douglas Jackson,Ventilation operations completed on roof.,2022-12-14T19:05:26.139696+00:00
INC-20250524-003710,Richard Leon,All occupants evacuated. Primary search complete.,2025-05-24T01:44:41.139696+00:00
INC-20240201-003711,Laura Dixon,Thermal imaging scan reveals no hidden hot spots.,2024-02-01T12:27:13.139696+00:00
INC-20240201-003711,Dawn Kramer,Ventilation operations completed on roof.,2024-02-01T12:27:13.139696+00:00
INC-20250415-003712,Kathryn Wong,Initial size-up complete. Fire showing from second floor.,2025-04-15T02:00:45.139696+00:00
INC-20250415-003712,Austin Gonzalez,Ventilation operations completed on roof.,2025-04-15T02:00:45.139696+00:00
INC-20250415-003712,Bryan Bean,Initial size-up complete. Fire showing from second floor.,2025-04-15T02:00:45.139696+00:00
INC-20250518-003714,Henry Thompson,Utilities secured. Gas and electric shutoff confirmed.,2025-05-18T09:25:00.139696+00:00
INC-20250518-003714,Ashley Weiss,Utilities secured. Gas and electric shutoff confirmed.,2025-05-18T09:25:00.139696+00:00
INC-20250724-003715,Douglas Reyes,Fire origin investigation underway.,2025-07-24T17:35:41.139696+00:00
INC-20250724-003715,Tracy Cole,Ventilation operations completed on roof.,2025-07-24T17:35:41.139696+00:00
INC-20250724-003715,Sherry Martinez,Fire origin investigation underway.,2025-07-24T17:35:41.139696+00:00
INC-20250902-003716,Hannah Powell,Ventilation operations completed on roof.,2025-09-02T12:16:32.139696+00:00
INC-20250902-003716,Kimberly Kline,All occupants evacuated. Primary search complete.,2025-09-02T12:16:32.139696+00:00
INC-20250902-003716,Mr. Jeffrey Hill,Ventilation operations completed on roof.,2025-09-02T12:16:32.139696+00:00
INC-20250912-003717,Jennifer Chandler,Defensive operations established due to structural instability.,2025-09-12T20:59:21.139696+00:00
INC-20250912-003717,Stephen Perez,Fire origin investigation underway.,2025-09-12T20:59:21.139696+00:00
INC-20230719-003718,Christopher Mcdonald,Fire origin investigation underway.,2023-07-19T16:34:30.139696+00:00
INC-20230719-003718,Brandon Calderon,Utilities secured. Gas and electric shutoff confirmed.,2023-07-19T16:34:30.139696+00:00
INC-20250629-003721,Brianna Davis,Defensive operations established due to structural instability.,2025-06-29T20:47:21.139696+00:00
INC-20241219-003722,Joshua Moore,Ventilation operations completed on roof.,2024-12-19T09:24:14.139696+00:00
INC-20250907-003723,Dr. Christian Hunter II,Ventilation operations completed on roof.,2025-09-07T15:42:01.139696+00:00
INC-20250907-003723,Nicole Rosales,Fire origin investigation underway.,2025-09-07T15:42:01.139696+00:00
INC-20240727-003725,Elizabeth Watkins,Utilities secured. Gas and electric shutoff confirmed.,2024-07-27T14:32:50.139696+00:00
INC-20240727-003725,David Glover,Fire knocked down. Overhaul in progress.,2024-07-27T14:32:50.139696+00:00
INC-20241221-003727,Johnny Fox,Utilities secured. Gas and electric shutoff confirmed.,2024-12-21T14:06:48.139696+00:00
INC-20241221-003727,Keith Martinez,Initial size-up complete. Fire showing from second floor.,2024-12-21T14:06:48.139696+00:00
INC-20230401-003728,Bryan Bradshaw,Fire knocked down. Overhaul in progress.,2023-04-01T06:27:10.139696+00:00
INC-20230401-003728,Brandon Velez,All occupants evacuated. Primary search complete.,2023-04-01T06:27:10.139696+00:00
INC-20250709-003729,Amy Hodge,Defensive operations established due to structural instability.,2025-07-09T05:05:54.139696+00:00
INC-20240103-003730,Robert Kaufman,Thermal imaging scan reveals no hidden hot spots.,2024-01-03T18:38:18.139696+00:00
INC-20240103-003730,Jesse Lopez,Initial size-up complete. Fire showing from second floor.,2024-01-03T18:38:18.139696+00:00
INC-20240103-003730,Margaret Mendoza,Initial size-up complete. Fire showing from second floor.,2024-01-03T18:38:18.139696+00:00
INC-20250925-003731,Mark Lewis,Defensive operations established due to structural instability.,2025-09-25T18:48:37.139696+00:00
INC-20250925-003731,Carol Porter,Utilities secured. Gas and electric shutoff confirmed.,2025-09-25T18:48:37.139696+00:00
INC-20250729-003732,Ryan Walter,Fire origin investigation underway.,2025-07-29T07:54:19.139696+00:00
INC-20250729-003732,Mr. Caleb Robles,All occupants evacuated. Primary search complete.,2025-07-29T07:54:19.139696+00:00
INC-20250729-003732,Amber Fields,Defensive operations established due to structural instability.,2025-07-29T07:54:19.139696+00:00
INC-20250128-003734,Rachel Medina,Initial size-up complete. Fire showing from second floor.,2025-01-28T16:27:32.139696+00:00
INC-20250128-003734,Kevin Miller,Utilities secured. Gas and electric shutoff confirmed.,2025-01-28T16:27:32.139696+00:00
INC-20250522-003737,Alison Peterson,Utilities secured. Gas and electric shutoff confirmed.,2025-05-22T22:34:15.139696+00:00
INC-20250522-003737,David Higgins,Thermal imaging scan reveals no hidden hot spots.,2025-05-22T22:34:15.139696+00:00
INC-20251005-003738,Andrew Reed,Fire knocked down. Overhaul in progress.,2025-10-05T21:02:56.139696+00:00
INC-20250224-003739,Guy Reynolds,All occupants evacuated. Primary search complete.,2025-02-24T09:03:21.139696+00:00
INC-20250224-003739,Anthony Moses,Fire origin investigation underway.,2025-02-24T09:03:21.139696+00:00
INC-20250224-003739,Jason Miller,Fire knocked down. Overhaul in progress.,2025-02-24T09:03:21.139696+00:00
INC-20250126-003741,Michele Holt,Defensive operations established due to structural instability.,2025-01-26T14:12:24.139696+00:00
INC-20250126-003741,Cindy Martin,Thermal imaging scan reveals no hidden hot spots.,2025-01-26T14:12:24.139696+00:00
INC-20250126-003741,James Skinner,Ventilation operations completed on roof.,2025-01-26T14:12:24.139696+00:00
INC-20250925-003744,Bradley Moore,Fire origin investigation underway.,2025-09-25T07:40:37.139696+00:00
INC-20250814-003745,Gerald Henry,Utilities secured. Gas and electric shutoff confirmed.,2025-08-14T21:28:45.139696+00:00
INC-20250824-003746,Michelle Blevins,Thermal imaging scan reveals no hidden hot spots.,2025-08-24T10:38:33.139696+00:00
INC-20250824-003746,Alicia Flores,All occupants evacuated. Primary search complete.,2025-08-24T10:38:33.139696+00:00
INC-20250118-003748,Robert Leblanc,Defensive operations established due to structural instability.,2025-01-18T10:33:03.139696+00:00
INC-20251014-003749,Christopher Oneill,Utilities secured. Gas and electric shutoff confirmed.,2025-10-14T10:13:53.139696+00:00
INC-20250708-003751,Courtney Molina,All occupants evacuated. Primary search complete.,2025-07-08T17:53:14.139696+00:00
INC-20250906-003753,Darlene Higgins,Fire knocked down. Overhaul in progress.,2025-09-06T08:41:17.139696+00:00
INC-20250813-003754,Alexander Chavez,Fire origin investigation underway.,2025-08-13T03:54:38.139696+00:00
INC-20250813-003754,Heather Norman,Fire origin investigation underway.,2025-08-13T03:54:38.139696+00:00
INC-20250813-003754,Madeline Garcia,Fire knocked down. Overhaul in progress.,2025-08-13T03:54:38.139696+00:00
INC-20250622-003755,Christian Young,Fire knocked down. Overhaul in progress.,2025-06-22T21:59:22.139696+00:00
INC-20250914-003757,Maxwell Odonnell,Fire knocked down. Overhaul in progress.,2025-09-14T00:38:59.139696+00:00
INC-20250914-003757,Mark Lee,Initial size-up complete. Fire showing from second floor.,2025-09-14T00:38:59.139696+00:00
INC-20241103-003758,Anthony Henderson,All occupants evacuated. Primary search complete.,2024-11-03T20:38:39.139696+00:00
INC-20241103-003758,Fred Reese,All occupants evacuated. Primary search complete.,2024-11-03T20:38:39.139696+00:00
INC-20241103-003758,Mary Barrett,Fire knocked down. Overhaul in progress.,2024-11-03T20:38:39.139696+00:00
INC-20250924-003763,Mary Freeman,Defensive operations established due to structural instability.,2025-09-24T19:30:14.139696+00:00
INC-20250820-003766,Jacob Lewis,Fire origin investigation underway.,2025-08-20T15:45:33.139696+00:00
INC-20250820-003766,Michael Mitchell,Fire knocked down. Overhaul in progress.,2025-08-20T15:45:33.139696+00:00
INC-20240625-003769,James Frank,Initial size-up complete. Fire showing from second floor.,2024-06-25T10:41:01.139696+00:00
INC-20240625-003769,Gina Wells,Utilities secured. Gas and electric shutoff confirmed.,2024-06-25T10:41:01.139696+00:00
INC-20240625-003769,Charles Nelson,Fire origin investigation underway.,2024-06-25T10:41:01.139696+00:00
INC-20230915-003770,Kellie Lee,Thermal imaging scan reveals no hidden hot spots.,2023-09-15T15:38:31.139696+00:00
INC-20250731-003772,Peggy Dominguez,All occupants evacuated. Primary search complete.,2025-07-31T02:27:07.139696+00:00
INC-20250731-003772,Alexander Mcdonald,Thermal imaging scan reveals no hidden hot spots.,2025-07-31T02:27:07.139696+00:00
INC-20250731-003772,Logan Ramirez,All occupants evacuated. Primary search complete.,2025-07-31T02:27:07.139696+00:00
INC-20230113-003773,Lindsay Martinez,All occupants evacuated. Primary search complete.,2023-01-13T11:53:54.139696+00:00
INC-20230113-003773,Brent Hicks,Fire origin investigation underway.,2023-01-13T11:53:54.139696+00:00
INC-20230113-003773,Stephanie Garcia,Fire knocked down. Overhaul in progress.,2023-01-13T11:53:54.139696+00:00
INC-20250810-003774,Joe Heath,Fire origin investigation underway.,2025-08-10T12:24:11.139696+00:00
INC-20250810-003774,Mark Garcia,Fire knocked down. Overhaul in progress.,2025-08-10T12:24:11.139696+00:00
INC-20240703-003775,Robert Holmes,Initial size-up complete. Fire showing from second floor.,2024-07-03T13:46:10.139696+00:00
INC-20240703-003775,Kyle Simpson,Ventilation operations completed on roof.,2024-07-03T13:46:10.139696+00:00
INC-20250315-003776,Randy Roberson,Thermal imaging scan reveals no hidden hot spots.,2025-03-15T02:49:50.139696+00:00
INC-20250806-003777,Maria Curtis,Utilities secured. Gas and electric shutoff confirmed.,2025-08-06T09:08:11.139696+00:00
INC-20250819-003778,David Austin,All occupants evacuated. Primary search complete.,2025-08-19T21:47:00.139696+00:00
INC-20250819-003778,Brenda Cameron,Ventilation operations completed on roof.,2025-08-19T21:47:00.139696+00:00
INC-20250923-003781,Elizabeth Salas,Thermal imaging scan reveals no hidden hot spots.,2025-09-23T07:56:54.139696+00:00
INC-20250923-003781,Angelica Woodard,Ventilation operations completed on roof.,2025-09-23T07:56:54.139696+00:00
INC-20250726-003782,Chad Reynolds,All occupants evacuated. Primary search complete.,2025-07-26T16:43:32.139696+00:00
INC-20250726-003782,Karen Phelps,Thermal imaging scan reveals no hidden hot spots.,2025-07-26T16:43:32.139696+00:00
INC-20250926-003783,Kelli Miranda,Defensive operations established due to structural instability.,2025-09-26T11:54:28.139696+00:00
INC-20250926-003783,Julie Allen,All occupants evacuated. Primary search complete.,2025-09-26T11:54:28.139696+00:00
INC-20250905-003784,Amy Murray,Fire origin investigation underway.,2025-09-05T03:00:11.139696+00:00
INC-20250905-003784,Linda Jones,Fire knocked down. Overhaul in progress.,2025-09-05T03:00:11.139696+00:00
INC-20250921-003787,Stephen Jimenez,All occupants evacuated. Primary search complete.,2025-09-21T07:42:08.139696+00:00
INC-20250921-003787,Taylor King,Utilities secured. Gas and electric shutoff confirmed.,2025-09-21T07:42:08.139696+00:00
INC-20250817-003789,Taylor Roberts,All occupants evacuated. Primary search complete.,2025-08-17T01:53:23.139696+00:00
INC-20250817-003789,Robert Valdez,Fire origin investigation underway.,2025-08-17T01:53:23.139696+00:00
INC-20250727-003790,Jesse Mccullough,Utilities secured. Gas and electric shutoff confirmed.,2025-07-27T09:57:39.139696+00:00
INC-20250727-003790,Jeffrey Bryant,Defensive operations established due to structural instability.,2025-07-27T09:57:39.139696+00:00
INC-20231117-003791,Jeremy Martinez,Fire origin investigation underway.,2023-11-17T23:57:16.139696+00:00
INC-20231117-003791,Charles Lewis,Thermal imaging scan reveals no hidden hot spots.,2023-11-17T23:57:16.139696+00:00
INC-20230713-003792,Haley Mckenzie,Fire origin investigation underway.,2023-07-13T02:58:42.139696+00:00
INC-20230713-003792,April Adams,All occupants evacuated. Primary search complete.,2023-07-13T02:58:42.139696+00:00
INC-20250814-003796,Deborah Valencia,Fire knocked down. Overhaul in progress.,2025-08-14T20:14:24.139696+00:00
INC-20250814-003796,Tanya Phillips,All occupants evacuated. Primary search complete.,2025-08-14T20:14:24.139696+00:00
INC-20250824-003797,Cassandra Mitchell,Initial size-up complete. Fire showing from second floor.,2025-08-24T15:57:22.139696+00:00
INC-20250824-003797,Charles Allen,Fire knocked down. Overhaul in progress.,2025-08-24T15:57:22.139696+00:00
INC-20241103-003798,Howard Mason,Fire knocked down. Overhaul in progress.,2024-11-03T11:39:24.139696+00:00
INC-20250122-003799,Kaitlyn Brown,Ventilation operations completed on roof.,2025-01-22T01:34:50.139696+00:00
INC-20241002-003800,Linda Martin,Defensive operations established due to structural instability.,2024-10-02T01:38:08.139696+00:00
INC-20241002-003800,Michael Stafford,All occupants evacuated. Primary search complete.,2024-10-02T01:38:08.139696+00:00
INC-20241002-003800,Kent Ruiz,Initial size-up complete. Fire showing from second floor.,2024-10-02T01:38:08.139696+00:00
INC-20250728-003804,Kirk Harrell,Thermal imaging scan reveals no hidden hot spots.,2025-07-28T18:36:12.139696+00:00
INC-20250728-003804,David Dennis,Defensive operations established due to structural instability.,2025-07-28T18:36:12.139696+00:00
INC-20250728-003804,Shawn Massey,Initial size-up complete. Fire showing from second floor.,2025-07-28T18:36:12.139696+00:00
INC-20250115-003805,Joshua Anderson,Thermal imaging scan reveals no hidden hot spots.,2025-01-15T12:11:43.139696+00:00
INC-20251017-003807,Janice Dean,Fire origin investigation underway.,2025-10-17T10:18:58.139696+00:00
INC-20251005-003808,Wendy Morrow,Fire knocked down. Overhaul in progress.,2025-10-05T07:06:23.139696+00:00
INC-20251005-003808,Robert Molina,Defensive operations established due to structural instability.,2025-10-05T07:06:23.139696+00:00
INC-20250823-003811,Ryan Hall,Initial size-up complete. Fire showing from second floor.,2025-08-23T21:39:00.139696+00:00
INC-20250823-003811,Cassie Molina,All occupants evacuated. Primary search complete.,2025-08-23T21:39:00.139696+00:00
INC-20250823-003811,Erin Webb,Initial size-up complete. Fire showing from second floor.,2025-08-23T21:39:00.139696+00:00
INC-20250905-003814,Jessica Powell,Fire knocked down. Overhaul in progress.,2025-09-05T08:34:02.139696+00:00
INC-20250905-003814,David James,Thermal imaging scan reveals no hidden hot spots.,2025-09-05T08:34:02.139696+00:00
INC-20241102-003815,Matthew Porter,Defensive operations established due to structural instability.,2024-11-02T06:32:24.139696+00:00
INC-20241102-003815,James Robbins,Initial size-up complete. Fire showing from second floor.,2024-11-02T06:32:24.139696+00:00
INC-20241102-003815,George Barnes,Fire origin investigation underway.,2024-11-02T06:32:24.139696+00:00
INC-20250916-003816,Douglas Giles,Utilities secured. Gas and electric shutoff confirmed.,2025-09-16T14:41:54.139696+00:00
INC-20250916-003816,Nicole Hayes,All occupants evacuated. Primary search complete.,2025-09-16T14:41:54.139696+00:00
INC-20251019-003817,Margaret Thompson,Thermal imaging scan reveals no hidden hot spots.,2025-10-19T05:03:56.139696+00:00
INC-20251006-003819,Anthony Walker,Utilities secured. Gas and electric shutoff confirmed.,2025-10-06T06:35:33.139696+00:00
INC-20251006-003819,Priscilla Acosta,Ventilation operations completed on roof.,2025-10-06T06:35:33.139696+00:00
INC-20240918-003820,Jennifer Davis,Initial size-up complete. Fire showing from second floor.,2024-09-18T04:37:21.139696+00:00
INC-20231204-003823,Marie Williams,Fire knocked down. Overhaul in progress.,2023-12-04T16:29:15.139696+00:00
INC-20231204-003823,Dr. Thomas Lynch,Thermal imaging scan reveals no hidden hot spots.,2023-12-04T16:29:15.139696+00:00
INC-20231204-003823,Andrea Anthony,Thermal imaging scan reveals no hidden hot spots.,2023-12-04T16:29:15.139696+00:00
INC-20251010-003826,Yvette Sharp,Initial size-up complete. Fire showing from second floor.,2025-10-10T05:25:19.139696+00:00
INC-20251010-003826,Steven Hampton,Initial size-up complete. Fire showing from second floor.,2025-10-10T05:25:19.139696+00:00
INC-20251010-003826,Kimberly Washington,Initial size-up complete. Fire showing from second floor.,2025-10-10T05:25:19.139696+00:00
INC-20250930-003828,Jessica Lawson,Utilities secured. Gas and electric shutoff confirmed.,2025-09-30T04:25:49.139696+00:00
INC-20250930-003828,Sherri Smith,Defensive operations established due to structural instability.,2025-09-30T04:25:49.139696+00:00
INC-20250930-003828,Samantha Mason,Defensive operations established due to structural instability.,2025-09-30T04:25:49.139696+00:00
INC-20250930-003829,Kevin Walton,Thermal imaging scan reveals no hidden hot spots.,2025-09-30T19:39:52.139696+00:00
INC-20250930-003829,Mario Rogers,All occupants evacuated. Primary search complete.,2025-09-30T19:39:52.139696+00:00
INC-20250915-003831,Ashley Powell,All occupants evacuated. Primary search complete.,2025-09-15T16:35:35.139696+00:00
INC-20251008-003833,Dustin Cole,Fire origin investigation underway.,2025-10-08T07:27:11.139696+00:00
INC-20251008-003833,Taylor Johnson,Ventilation operations completed on roof.,2025-10-08T07:27:11.139696+00:00
INC-20251016-003834,Jessica Edwards,Utilities secured. Gas and electric shutoff confirmed.,2025-10-16T11:12:13.139696+00:00
INC-20240206-003836,Kimberly Mcgee,Ventilation operations completed on roof.,2024-02-06T15:00:35.139696+00:00
INC-20250805-003837,Brittany Patterson,All occupants evacuated. Primary search complete.,2025-08-05T02:11:34.139696+00:00
INC-20250805-003837,Lindsay Rogers,Fire knocked down. Overhaul in progress.,2025-08-05T02:11:34.139696+00:00
INC-20251014-003838,Gary Hodge,Fire origin investigation underway.,2025-10-14T22:34:35.139696+00:00
INC-20251014-003838,Lindsey Newman,All occupants evacuated. Primary search complete.,2025-10-14T22:34:35.139696+00:00
INC-20250425-003841,Joseph Todd,Initial size-up complete. Fire showing from second floor.,2025-04-25T14:06:57.139696+00:00
INC-20250425-003841,Melissa Lang,Thermal imaging scan reveals no hidden hot spots.,2025-04-25T14:06:57.139696+00:00
INC-20250425-003841,David Lewis,Utilities secured. Gas and electric shutoff confirmed.,2025-04-25T14:06:57.139696+00:00
INC-20250127-003844,Rebecca Young,Ventilation operations completed on roof.,2025-01-27T13:04:12.139696+00:00
INC-20250127-003844,Jeff Cunningham,Ventilation operations completed on roof.,2025-01-27T13:04:12.139696+00:00
INC-20250127-003844,Angelica Zhang,All occupants evacuated. Primary search complete.,2025-01-27T13:04:12.139696+00:00
INC-20250822-003846,Joshua Roberts,Fire origin investigation underway.,2025-08-22T01:11:22.139696+00:00
INC-20250116-003850,Lindsey Simpson,All occupants evacuated. Primary search complete.,2025-01-16T20:27:49.139696+00:00
INC-20250731-003852,Robert Bell,Utilities secured. Gas and electric shutoff confirmed.,2025-07-31T04:15:04.139696+00:00
INC-20250731-003852,Walter Marshall,Fire knocked down. Overhaul in progress.,2025-07-31T04:15:04.139696+00:00
INC-20251012-003853,Dr. Keith Snow MD,Fire origin investigation underway.,2025-10-12T21:52:05.139696+00:00
INC-20250727-003854,Douglas Phelps,Defensive operations established due to structural instability.,2025-07-27T21:50:53.139696+00:00
INC-20250801-003856,Jason Williamson,All occupants evacuated. Primary search complete.,2025-08-01T06:00:37.139696+00:00
INC-20250801-003856,Rebecca Weeks,Thermal imaging scan reveals no hidden hot spots.,2025-08-01T06:00:37.139696+00:00
INC-20250801-003856,Karen Perez,Initial size-up complete. Fire showing from second floor.,2025-08-01T06:00:37.139696+00:00
INC-20250505-003858,Melissa Brown,Initial size-up complete. Fire showing from second floor.,2025-05-05T15:19:31.139696+00:00
INC-20250901-003859,Claudia Maldonado,Thermal imaging scan reveals no hidden hot spots.,2025-09-01T20:50:28.139696+00:00
INC-20250901-003859,Caleb Grant,Defensive operations established due to structural instability.,2025-09-01T20:50:28.139696+00:00
INC-20250901-003859,Connie Jensen,Initial size-up complete. Fire showing from second floor.,2025-09-01T20:50:28.139696+00:00
INC-20250513-003860,Erin Monroe,Defensive operations established due to structural instability.,2025-05-13T00:40:04.139696+00:00
INC-20250513-003860,John English Jr.,Fire origin investigation underway.,2025-05-13T00:40:04.139696+00:00
INC-20250513-003860,Elizabeth Miller DVM,Defensive operations established due to structural instability.,2025-05-13T00:40:04.139696+00:00
INC-20251006-003861,Clayton Bauer,Ventilation operations completed on roof.,2025-10-06T03:44:11.139696+00:00
INC-20251006-003861,Jason Chavez,Defensive operations established due to structural instability.,2025-10-06T03:44:11.139696+00:00
INC-20251006-003861,Jonathan Jones,Thermal imaging scan reveals no hidden hot spots.,2025-10-06T03:44:11.139696+00:00
INC-20250811-003867,Lisa Miles,Defensive operations established due to structural instability.,2025-08-11T07:34:57.139696+00:00
INC-20250811-003867,Natasha Smith,Fire origin investigation underway.,2025-08-11T07:34:57.139696+00:00
INC-20250811-003867,Marc Aguilar,Utilities secured. Gas and electric shutoff confirmed.,2025-08-11T07:34:57.139696+00:00
INC-20250429-003868,Nicole Logan,Fire origin investigation underway.,2025-04-29T22:18:54.139696+00:00
INC-20250429-003868,Edwin Jones,Utilities secured. Gas and electric shutoff confirmed.,2025-04-29T22:18:54.139696+00:00
INC-20250429-003868,Krista Buchanan,Initial size-up complete. Fire showing from second floor.,2025-04-29T22:18:54.139696+00:00
INC-20250613-003869,Timothy Roach,Fire origin investigation underway.,2025-06-13T20:48:33.139696+00:00
INC-20250613-003869,David Suarez,Defensive operations established due to structural instability.,2025-06-13T20:48:33.139696+00:00
INC-20250627-003870,Matthew Carter,Fire knocked down. Overhaul in progress.,2025-06-27T11:59:10.139696+00:00
INC-20250901-003871,Crystal Hatfield,Fire knocked down. Overhaul in progress.,2025-09-01T15:35:57.139696+00:00
INC-20250901-003871,Michael Giles,Utilities secured. Gas and electric shutoff confirmed.,2025-09-01T15:35:57.139696+00:00
INC-20250928-003873,Robert Walsh,Fire knocked down. Overhaul in progress.,2025-09-28T10:08:59.139696+00:00
INC-20250928-003873,James Silva,Thermal imaging scan reveals no hidden hot spots.,2025-09-28T10:08:59.139696+00:00
INC-20250721-003874,Pamela Santos,All occupants evacuated. Primary search complete.,2025-07-21T20:30:07.139696+00:00
INC-20250721-003874,David Williams,Thermal imaging scan reveals no hidden hot spots.,2025-07-21T20:30:07.139696+00:00
INC-20250409-003875,Steven Lopez,Initial size-up complete. Fire showing from second floor.,2025-04-09T04:55:44.139696+00:00
INC-20250409-003875,Bradley Porter,Defensive operations established due to structural instability.,2025-04-09T04:55:44.139696+00:00
INC-20250831-003877,Jacob Anderson,Fire origin investigation underway.,2025-08-31T13:13:34.139696+00:00
INC-20250429-003878,Brittany Thomas,Ventilation operations completed on roof.,2025-04-29T04:42:43.139696+00:00
INC-20250821-003879,Jim Strickland,Utilities secured. Gas and electric shutoff confirmed.,2025-08-21T09:57:19.139696+00:00
INC-20240905-003881,Lori Parker,Utilities secured. Gas and electric shutoff confirmed.,2024-09-05T22:22:16.139696+00:00
INC-20240905-003881,Danny Anderson,Defensive operations established due to structural instability.,2024-09-05T22:22:16.139696+00:00
INC-20250921-003883,Caleb Fuller,Initial size-up complete. Fire showing from second floor.,2025-09-21T19:35:31.139696+00:00
INC-20250921-003883,Emily Lynch,Fire knocked down. Overhaul in progress.,2025-09-21T19:35:31.139696+00:00
INC-20250921-003883,Stephen Scott,Fire knocked down. Overhaul in progress.,2025-09-21T19:35:31.139696+00:00
INC-20251014-003884,Mary Walker,Fire knocked down. Overhaul in progress.,2025-10-14T11:35:26.139696+00:00
INC-20251014-003884,Steven Sexton,Utilities secured. Gas and electric shutoff confirmed.,2025-10-14T11:35:26.139696+00:00
INC-20251014-003884,Jon Smith,Fire origin investigation underway.,2025-10-14T11:35:26.139696+00:00
INC-20251002-003885,Adam Davis,Defensive operations established due to structural instability.,2025-10-02T14:13:01.139696+00:00
INC-20251002-003885,Larry Sampson,Initial size-up complete. Fire showing from second floor.,2025-10-02T14:13:01.139696+00:00
INC-20251005-003886,Amber Reed,Thermal imaging scan reveals no hidden hot spots.,2025-10-05T14:35:08.139696+00:00
INC-20250922-003888,Thomas Williams,Ventilation operations completed on roof.,2025-09-22T14:47:53.139696+00:00
INC-20250922-003888,Michele Nelson,Fire origin investigation underway.,2025-09-22T14:47:53.139696+00:00
INC-20250922-003888,Sandy Davis,Defensive operations established due to structural instability.,2025-09-22T14:47:53.139696+00:00
INC-20250603-003889,Terri Williams,Utilities secured. Gas and electric shutoff confirmed.,2025-06-03T22:57:03.139696+00:00
INC-20250518-003890,Jason Miller,Defensive operations established due to structural instability.,2025-05-18T20:59:18.139696+00:00
INC-20250518-003890,Robert Odom,Defensive operations established due to structural instability.,2025-05-18T20:59:18.139696+00:00
INC-20250102-003893,James Ho Jr.,Thermal imaging scan reveals no hidden hot spots.,2025-01-02T20:27:44.139696+00:00
INC-20250903-003894,Lauren Crane,Fire knocked down. Overhaul in progress.,2025-09-03T13:52:44.139696+00:00
INC-20250903-003894,Joseph Cochran,Defensive operations established due to structural instability.,2025-09-03T13:52:44.139696+00:00
INC-20250903-003894,Amy Cochran,Fire origin investigation underway.,2025-09-03T13:52:44.139696+00:00
INC-20251014-003895,Breanna Werner,Initial size-up complete. Fire showing from second floor.,2025-10-14T03:29:11.139696+00:00
INC-20251014-003895,John Phillips,Utilities secured. Gas and electric shutoff confirmed.,2025-10-14T03:29:11.139696+00:00
INC-20251014-003895,Joshua Barnett,Initial size-up complete. Fire showing from second floor.,2025-10-14T03:29:11.139696+00:00
INC-20251017-003896,Steve Flores,Fire origin investigation underway.,2025-10-17T16:42:40.139696+00:00
INC-20251017-003896,Angela Marsh,Ventilation operations completed on roof.,2025-10-17T16:42:40.139696+00:00
INC-20251017-003896,David Williams,Thermal imaging scan reveals no hidden hot spots.,2025-10-17T16:42:40.139696+00:00
INC-20250911-003903,Brittany Gregory,Fire knocked down. Overhaul in progress.,2025-09-11T00:54:02.139696+00:00
INC-20250828-003906,Matthew Floyd,Fire knocked down. Overhaul in progress.,2025-08-28T02:58:11.139696+00:00
INC-20250828-003906,Michael Nelson,Fire knocked down. Overhaul in progress.,2025-08-28T02:58:11.139696+00:00
INC-20250828-003906,Mr. Howard Ewing,All occupants evacuated. Primary search complete.,2025-08-28T02:58:11.139696+00:00
INC-20250904-003910,Justin Hernandez,Utilities secured. Gas and electric shutoff confirmed.,2025-09-04T04:03:24.139696+00:00
INC-20240807-003914,Scott Barnes,Ventilation operations completed on roof.,2024-08-07T20:16:12.139696+00:00
INC-20221120-003915,Geoffrey Phelps,Thermal imaging scan reveals no hidden hot spots.,2022-11-20T07:26:26.139696+00:00
INC-20251021-003917,Jennifer Neal,Defensive operations established due to structural instability.,2025-10-21T04:23:19.139696+00:00
INC-20251021-003917,Sandra Yoder,Initial size-up complete. Fire showing from second floor.,2025-10-21T04:23:19.139696+00:00
INC-20250801-003920,Melissa Campbell,Fire knocked down. Overhaul in progress.,2025-08-01T02:07:50.139696+00:00
INC-20250801-003920,Christopher Page,Utilities secured. Gas and electric shutoff confirmed.,2025-08-01T02:07:50.139696+00:00
INC-20250801-003920,Tara Johnson,All occupants evacuated. Primary search complete.,2025-08-01T02:07:50.139696+00:00
INC-20251015-003925,Troy Martin,Initial size-up complete. Fire showing from second floor.,2025-10-15T22:40:19.139696+00:00
INC-20240501-003926,Carol Castro,Fire origin investigation underway.,2024-05-01T10:55:30.139696+00:00
INC-20251004-003929,James Turner,Fire origin investigation underway.,2025-10-04T04:42:11.139696+00:00
INC-20251004-003929,Nathan Price,Thermal imaging scan reveals no hidden hot spots.,2025-10-04T04:42:11.139696+00:00
INC-20250814-003931,Rebecca Moreno,All occupants evacuated. Primary search complete.,2025-08-14T08:07:21.139696+00:00
INC-20250814-003931,Caitlin Perez,Ventilation operations completed on roof.,2025-08-14T08:07:21.139696+00:00
INC-20231013-003932,James Lee,Initial size-up complete. Fire showing from second floor.,2023-10-13T11:40:37.139696+00:00
INC-20231013-003932,Christopher Mejia,Fire knocked down. Overhaul in progress.,2023-10-13T11:40:37.139696+00:00
INC-20231013-003932,Matthew Morales,Ventilation operations completed on roof.,2023-10-13T11:40:37.139696+00:00
INC-20250825-003933,Colton Martinez,Thermal imaging scan reveals no hidden hot spots.,2025-08-25T23:03:43.139696+00:00
INC-20251022-003934,Casey Patterson,Initial size-up complete. Fire showing from second floor.,2025-10-22T06:42:16.139696+00:00
INC-20250515-003935,Karen Reed,All occupants evacuated. Primary search complete.,2025-05-15T12:27:19.139696+00:00
INC-20250515-003935,Angela Davis,Fire origin investigation underway.,2025-05-15T12:27:19.139696+00:00
INC-20251020-003937,Martin Rodriguez,All occupants evacuated. Primary search complete.,2025-10-20T02:36:03.139696+00:00
INC-20251020-003937,Jessica Stafford,Thermal imaging scan reveals no hidden hot spots.,2025-10-20T02:36:03.139696+00:00
INC-20250922-003938,Hunter Ayala,All occupants evacuated. Primary search complete.,2025-09-22T21:53:44.139696+00:00
INC-20250922-003938,Brenda Garcia,Fire origin investigation underway.,2025-09-22T21:53:44.139696+00:00
INC-20250922-003938,Lisa Ramos,Initial size-up complete. Fire showing from second floor.,2025-09-22T21:53:44.139696+00:00
INC-20241205-003940,David Taylor,Ventilation operations completed on roof.,2024-12-05T08:46:26.139696+00:00
INC-20251005-003941,Darrell Wilson,Ventilation operations completed on roof.,2025-10-05T01:15:23.139696+00:00
INC-20251005-003941,Christopher Lang,Fire origin investigation underway.,2025-10-05T01:15:23.139696+00:00
INC-20241104-003944,Mitchell Horn,Defensive operations established due to structural instability.,2024-11-04T16:42:13.139696+00:00
INC-20241104-003944,Peter Graves,Initial size-up complete. Fire showing from second floor.,2024-11-04T16:42:13.139696+00:00
INC-20250407-003949,Debbie Carroll,Ventilation operations completed on roof.,2025-04-07T16:27:05.139696+00:00
INC-20251008-003950,Olivia Ross,Fire knocked down. Overhaul in progress.,2025-10-08T18:50:08.139696+00:00
INC-20251008-003950,Daniel Campbell,Thermal imaging scan reveals no hidden hot spots.,2025-10-08T18:50:08.139696+00:00
INC-20251008-003950,James Lowery,Fire origin investigation underway.,2025-10-08T18:50:08.139696+00:00
INC-20250724-003953,Monica Hickman,Utilities secured. Gas and electric shutoff confirmed.,2025-07-24T15:13:22.139696+00:00
INC-20250724-003953,Brandon Crane,Utilities secured. Gas and electric shutoff confirmed.,2025-07-24T15:13:22.139696+00:00
INC-20250724-003953,Robert Farmer,All occupants evacuated. Primary search complete.,2025-07-24T15:13:22.139696+00:00
INC-20250805-003956,Tony Gilbert,Defensive operations established due to structural instability.,2025-08-05T05:46:33.139696+00:00
INC-20250813-003957,Anthony White,Thermal imaging scan reveals no hidden hot spots.,2025-08-13T05:36:42.139696+00:00
INC-20250427-003958,Lori Kelley,Defensive operations established due to structural instability.,2025-04-27T16:55:47.139696+00:00
INC-20250427-003958,Edward Barnes,Utilities secured. Gas and electric shutoff confirmed.,2025-04-27T16:55:47.139696+00:00
INC-20250628-003959,Cory Rodriguez,Thermal imaging scan reveals no hidden hot spots.,2025-06-28T11:23:25.139696+00:00
INC-20250628-003959,Robert Jordan,Utilities secured. Gas and electric shutoff confirmed.,2025-06-28T11:23:25.139696+00:00
INC-20250628-003959,Laura Hoffman,Defensive operations established due to structural instability.,2025-06-28T11:23:25.139696+00:00
INC-20250427-003962,Amy Dickson,Defensive operations established due to structural instability.,2025-04-27T21:02:38.139696+00:00
INC-20250427-003962,Cathy Singleton,All occupants evacuated. Primary search complete.,2025-04-27T21:02:38.139696+00:00
INC-20240422-003963,Elizabeth Diaz,Fire origin investigation underway.,2024-04-22T01:03:31.139696+00:00
INC-20240422-003963,Diane Schultz,Thermal imaging scan reveals no hidden hot spots.,2024-04-22T01:03:31.139696+00:00
INC-20240422-003963,Sylvia Anderson,Ventilation operations completed on roof.,2024-04-22T01:03:31.139696+00:00
INC-20250713-003964,Elizabeth Hobbs,Fire knocked down. Overhaul in progress.,2025-07-13T11:14:04.139696+00:00
INC-20250817-003965,Courtney Lewis,All occupants evacuated. Primary search complete.,2025-08-17T23:13:29.139696+00:00
INC-20250817-003965,Kimberly Mcdowell,Defensive operations established due to structural instability.,2025-08-17T23:13:29.139696+00:00
INC-20250103-003966,Christopher Harris,Fire knocked down. Overhaul in progress.,2025-01-03T03:00:44.139696+00:00
INC-20250724-003969,Valerie Mcmillan,Initial size-up complete. Fire showing from second floor.,2025-07-24T06:12:06.139696+00:00
INC-20250724-003969,Jennifer Mays,All occupants evacuated. Primary search complete.,2025-07-24T06:12:06.139696+00:00
INC-20250724-003969,Jessica Bowen,Utilities secured. Gas and electric shutoff confirmed.,2025-07-24T06:12:06.139696+00:00
INC-20250605-003971,Kimberly Carter,Initial size-up complete. Fire showing from second floor.,2025-06-05T11:34:11.139696+00:00
INC-20250605-003971,Audrey Miller,Initial size-up complete. Fire showing from second floor.,2025-06-05T11:34:11.139696+00:00
INC-20231228-003974,Emily Jackson,Fire knocked down. Overhaul in progress.,2023-12-28T11:44:31.139696+00:00
INC-20250616-003978,Nicolas Phelps,Thermal imaging scan reveals no hidden hot spots.,2025-06-16T11:55:33.139696+00:00
INC-20250616-003978,Brett Davis,Utilities secured. Gas and electric shutoff confirmed.,2025-06-16T11:55:33.139696+00:00
INC-20240612-003981,Angela Huang,All occupants evacuated. Primary search complete.,2024-06-12T10:28:30.139696+00:00
INC-20230128-003983,Alyssa Frazier,Initial size-up complete. Fire showing from second floor.,2023-01-28T06:19:16.139696+00:00
INC-20230128-003983,Angela Sims,Fire origin investigation underway.,2023-01-28T06:19:16.139696+00:00
INC-20230128-003983,Erika Decker,Ventilation operations completed on roof.,2023-01-28T06:19:16.139696+00:00
INC-20251020-003986,Erin Galloway,Fire origin investigation underway.,2025-10-20T11:55:47.139696+00:00
INC-20251020-003986,Henry Miller,Initial size-up complete. Fire showing from second floor.,2025-10-20T11:55:47.139696+00:00
INC-20250903-003987,Cheryl Bullock,Thermal imaging scan reveals no hidden hot spots.,2025-09-03T08:09:02.139696+00:00
INC-20250903-003987,Erica Kim,Ventilation operations completed on roof.,2025-09-03T08:09:02.139696+00:00
INC-20250903-003987,Margaret Mann,Fire origin investigation underway.,2025-09-03T08:09:02.139696+00:00
INC-20250815-003991,Amber Todd,Fire origin investigation underway.,2025-08-15T12:13:32.139696+00:00
INC-20250815-003991,Mrs. Angela Crawford,Fire knocked down. Overhaul in progress.,2025-08-15T12:13:32.139696+00:00
INC-20250815-003991,Sharon Duncan,Fire origin investigation underway.,2025-08-15T12:13:32.139696+00:00
INC-20250628-003993,Jeremy Sherman,All occupants evacuated. Primary search complete.,2025-06-28T14:13:41.139696+00:00
INC-20250628-003993,Kelly Harrison,Defensive operations established due to structural instability.,2025-06-28T14:13:41.139696+00:00
INC-20250628-003993,Richard Morrison,All occupants evacuated. Primary search complete.,2025-06-28T14:13:41.139696+00:00
INC-20250914-003994,Christina Mendez,Utilities secured. Gas and electric shutoff confirmed.,2025-09-14T20:33:26.139696+00:00
INC-20250922-003995,Lisa Crawford,All occupants evacuated. Primary search complete.,2025-09-22T01:02:58.139696+00:00
INC-20250830-003998,Jonathan Barnett,Initial size-up complete. Fire showing from second floor.,2025-08-30T07:10:40.139696+00:00
INC-20250830-003998,Larry Collier,Defensive operations established due to structural instability.,2025-08-30T07:10:40.139696+00:00
INC-20240212-004001,Lisa Brown,Ventilation operations completed on roof.,2024-02-12T19:56:48.139696+00:00
INC-20240322-004003,Matthew Bentley,Fire knocked down. Overhaul in progress.,2024-03-22T07:23:42.139696+00:00
INC-20250902-004004,Brian Murray,Defensive operations established due to structural instability.,2025-09-02T18:58:01.139696+00:00
INC-20250902-004004,Michael Castillo,Thermal imaging scan reveals no hidden hot spots.,2025-09-02T18:58:01.139696+00:00
INC-20250902-004004,Kimberly Chan,Thermal imaging scan reveals no hidden hot spots.,2025-09-02T18:58:01.139696+00:00
INC-20250926-004006,Kristen Davis,Fire origin investigation underway.,2025-09-26T13:50:45.139696+00:00
INC-20250926-004006,Kara Martinez,Ventilation operations completed on roof.,2025-09-26T13:50:45.139696+00:00
INC-20250728-004009,Deanna Ho,Ventilation operations completed on roof.,2025-07-28T00:45:57.139696+00:00
INC-20251019-004011,Jennifer Moss,Fire knocked down. Overhaul in progress.,2025-10-19T08:48:06.139696+00:00
INC-20251019-004011,Shelby Ortiz,Defensive operations established due to structural instability.,2025-10-19T08:48:06.139696+00:00
INC-20251019-004011,Sheila Thomas,All occupants evacuated. Primary search complete.,2025-10-19T08:48:06.139696+00:00
INC-20250930-004012,Carl Davidson,Defensive operations established due to structural instability.,2025-09-30T07:13:04.139696+00:00
INC-20250930-004012,Lisa Figueroa,Fire knocked down. Overhaul in progress.,2025-09-30T07:13:04.139696+00:00
INC-20250830-004013,Robert Mckinney,Initial size-up complete. Fire showing from second floor.,2025-08-30T03:22:41.139696+00:00
INC-20250830-004013,Eric Hodges,All occupants evacuated. Primary search complete.,2025-08-30T03:22:41.139696+00:00
INC-20251007-004015,Monica Hunt,Fire origin investigation underway.,2025-10-07T10:18:40.139696+00:00
INC-20251006-004018,Michael Bush,Fire knocked down. Overhaul in progress.,2025-10-06T11:20:06.139696+00:00
INC-20250805-004019,Laura Pearson,All occupants evacuated. Primary search complete.,2025-08-05T04:21:41.139696+00:00
INC-20250805-004019,Crystal Knight,Defensive operations established due to structural instability.,2025-08-05T04:21:41.139696+00:00
INC-20250805-004020,Nancy Smith,Fire origin investigation underway.,2025-08-05T11:17:33.139696+00:00
INC-20250805-004020,Katherine Wilkinson,Thermal imaging scan reveals no hidden hot spots.,2025-08-05T11:17:33.139696+00:00
INC-20250805-004020,Amy Mahoney,Thermal imaging scan reveals no hidden hot spots.,2025-08-05T11:17:33.139696+00:00
INC-20250930-004022,Spencer Zhang,Fire origin investigation underway.,2025-09-30T05:28:27.139696+00:00
INC-20250205-004023,Sandra Glenn,Utilities secured. Gas and electric shutoff confirmed.,2025-02-05T07:23:27.139696+00:00
INC-20250205-004023,Judy Reyes,Initial size-up complete. Fire showing from second floor.,2025-02-05T07:23:27.139696+00:00
INC-20251017-004025,David Colon,Initial size-up complete. Fire showing from second floor.,2025-10-17T04:18:12.139696+00:00
INC-20251017-004025,Patrick Olson,Defensive operations established due to structural instability.,2025-10-17T04:18:12.139696+00:00
INC-20251017-004025,Anna May,Fire knocked down. Overhaul in progress.,2025-10-17T04:18:12.139696+00:00
INC-20250831-004026,Jose Ward,Fire knocked down. Overhaul in progress.,2025-08-31T10:55:10.139696+00:00
INC-20250913-004029,Amanda Johnson,Defensive operations established due to structural instability.,2025-09-13T09:42:30.139696+00:00
INC-20250913-004029,Angela Kelley,Fire origin investigation underway.,2025-09-13T09:42:30.139696+00:00
INC-20250828-004030,Michael Mccoy,Fire origin investigation underway.,2025-08-28T03:44:31.139696+00:00
INC-20250828-004030,Natalie Hendrix,Initial size-up complete. Fire showing from second floor.,2025-08-28T03:44:31.139696+00:00
INC-20221102-004033,Jordan Young,Defensive operations established due to structural instability.,2022-11-02T22:34:47.139696+00:00
INC-20250908-004034,Michael Meza,Utilities secured. Gas and electric shutoff confirmed.,2025-09-08T05:10:52.139696+00:00
INC-20230327-004035,Jesus Lambert,Ventilation operations completed on roof.,2023-03-27T04:13:07.139696+00:00
INC-20230327-004035,Timothy Mendoza,Ventilation operations completed on roof.,2023-03-27T04:13:07.139696+00:00
INC-20221110-004036,Richard Richardson,Initial size-up complete. Fire showing from second floor.,2022-11-10T10:43:34.139696+00:00
INC-20221110-004036,Jacob Larson,Utilities secured. Gas and electric shutoff confirmed.,2022-11-10T10:43:34.139696+00:00
INC-20221110-004036,Peter Leon,Utilities secured. Gas and electric shutoff confirmed.,2022-11-10T10:43:34.139696+00:00
INC-20251013-004037,Joseph Lowery,Defensive operations established due to structural instability.,2025-10-13T15:54:24.139696+00:00
INC-20251013-004037,Steven Lewis,Defensive operations established due to structural instability.,2025-10-13T15:54:24.139696+00:00
INC-20250205-004041,Angela Guerra,Thermal imaging scan reveals no hidden hot spots.,2025-02-05T13:10:04.139696+00:00
INC-20250205-004041,Shannon Lane,Ventilation operations completed on roof.,2025-02-05T13:10:04.139696+00:00
INC-20250205-004041,Christopher Parsons,Defensive operations established due to structural instability.,2025-02-05T13:10:04.139696+00:00
INC-20250814-004042,Gregory Hicks,Fire origin investigation underway.,2025-08-14T01:12:12.139696+00:00
INC-20250814-004042,Lindsay Jackson,Ventilation operations completed on roof.,2025-08-14T01:12:12.139696+00:00
INC-20250803-004043,Jennifer Baker,Fire origin investigation underway.,2025-08-03T16:27:10.139696+00:00
INC-20250803-004043,Nathan Morse,Defensive operations established due to structural instability.,2025-08-03T16:27:10.139696+00:00
INC-20250803-004043,Sara Bridges,Ventilation operations completed on roof.,2025-08-03T16:27:10.139696+00:00
INC-20250513-004044,David Davis,Utilities secured. Gas and electric shutoff confirmed.,2025-05-13T08:42:59.139696+00:00
INC-20250513-004044,Dennis Nichols,Ventilation operations completed on roof.,2025-05-13T08:42:59.139696+00:00
INC-20250210-004045,Karen Weber,Utilities secured. Gas and electric shutoff confirmed.,2025-02-10T01:27:15.139696+00:00
INC-20250210-004045,Melanie Jones,Fire knocked down. Overhaul in progress.,2025-02-10T01:27:15.139696+00:00
INC-20251004-004046,Joyce Rodriguez,Initial size-up complete. Fire showing from second floor.,2025-10-04T01:54:47.139696+00:00
INC-20251004-004046,Thomas Faulkner,All occupants evacuated. Primary search complete.,2025-10-04T01:54:47.139696+00:00
INC-20250413-004047,Ronald Gibson,Utilities secured. Gas and electric shutoff confirmed.,2025-04-13T22:40:19.139696+00:00
INC-20250413-004047,Brittany Williams,All occupants evacuated. Primary search complete.,2025-04-13T22:40:19.139696+00:00
INC-20250413-004047,Kelly Wiley,Ventilation operations completed on roof.,2025-04-13T22:40:19.139696+00:00
INC-20250414-004048,James Ellis,Initial size-up complete. Fire showing from second floor.,2025-04-14T14:24:38.139696+00:00
INC-20250921-004049,Reginald Johnson,Ventilation operations completed on roof.,2025-09-21T11:50:13.139696+00:00
INC-20240301-004051,Kayla Roberts,Fire knocked down. Overhaul in progress.,2024-03-01T04:42:53.139696+00:00
INC-20240301-004051,Jeff Smith,Defensive operations established due to structural instability.,2024-03-01T04:42:53.139696+00:00
INC-20250816-004052,Christopher Young,Fire origin investigation underway.,2025-08-16T05:18:26.139696+00:00
INC-20250816-004052,Ruben Adams,Fire knocked down. Overhaul in progress.,2025-08-16T05:18:26.139696+00:00
INC-20240626-004053,Mitchell Norman Jr.,Fire knocked down. Overhaul in progress.,2024-06-26T16:49:05.139696+00:00
INC-20230822-004054,Barbara Franklin,Utilities secured. Gas and electric shutoff confirmed.,2023-08-22T18:05:56.139696+00:00
INC-20230822-004054,Rachel Ross,Fire origin investigation underway.,2023-08-22T18:05:56.139696+00:00
INC-20250214-004055,Deborah White,Fire knocked down. Overhaul in progress.,2025-02-14T16:44:29.139696+00:00
INC-20250214-004055,Jorge Greene,Utilities secured. Gas and electric shutoff confirmed.,2025-02-14T16:44:29.139696+00:00
INC-20250730-004056,Miss Rachel James,Fire origin investigation underway.,2025-07-30T16:29:33.139696+00:00
INC-20250730-004056,Nicole Bailey,Utilities secured. Gas and electric shutoff confirmed.,2025-07-30T16:29:33.139696+00:00
INC-20250919-004058,Eric Wiley,Thermal imaging scan reveals no hidden hot spots.,2025-09-19T21:02:38.139696+00:00
INC-20250607-004059,Shawn Gordon,Initial size-up complete. Fire showing from second floor.,2025-06-07T13:34:26.139696+00:00
INC-20250828-004063,George Mason,Initial size-up complete. Fire showing from second floor.,2025-08-28T21:07:20.139696+00:00
INC-20250828-004063,William Sanchez,All occupants evacuated. Primary search complete.,2025-08-28T21:07:20.139696+00:00
INC-20250828-004063,Amanda Williams,Fire origin investigation underway.,2025-08-28T21:07:20.139696+00:00
INC-20241205-004066,Charles Richardson,Fire knocked down. Overhaul in progress.,2024-12-05T11:24:47.139696+00:00
INC-20241205-004066,Taylor Cohen,Fire origin investigation underway.,2024-12-05T11:24:47.139696+00:00
INC-20241205-004066,Kaylee Wilson,All occupants evacuated. Primary search complete.,2024-12-05T11:24:47.139696+00:00
INC-20221220-004070,Linda Harding,Initial size-up complete. Fire showing from second floor.,2022-12-20T14:49:49.139696+00:00
INC-20250813-004071,Tyler Campbell,Initial size-up complete. Fire showing from second floor.,2025-08-13T01:48:12.139696+00:00
INC-20250813-004071,Shane Johnson,All occupants evacuated. Primary search complete.,2025-08-13T01:48:12.139696+00:00
INC-20250813-004071,Stephanie Young,Utilities secured. Gas and electric shutoff confirmed.,2025-08-13T01:48:12.139696+00:00
INC-20250830-004072,Thomas Cook,Ventilation operations completed on roof.,2025-08-30T23:48:09.139696+00:00
INC-20250830-004072,Stacy Griffin,Utilities secured. Gas and electric shutoff confirmed.,2025-08-30T23:48:09.139696+00:00
INC-20250906-004076,Chris Garcia,Fire origin investigation underway.,2025-09-06T14:31:51.139696+00:00
INC-20250513-004078,Teresa Roberts,Ventilation operations completed on roof.,2025-05-13T13:28:49.139696+00:00
INC-20250513-004078,Sara Galvan,Fire origin investigation underway.,2025-05-13T13:28:49.139696+00:00
INC-20250513-004078,Debbie Morales,All occupants evacuated. Primary search complete.,2025-05-13T13:28:49.139696+00:00
INC-20250814-004079,Randall Poole,Initial size-up complete. Fire showing from second floor.,2025-08-14T12:51:38.139696+00:00
INC-20250814-004079,Eric Allen,Ventilation operations completed on roof.,2025-08-14T12:51:38.139696+00:00
INC-20240920-004081,Russell Stephens,Fire knocked down. Overhaul in progress.,2024-09-20T17:51:25.139696+00:00
INC-20251006-004082,Jill Evans,Thermal imaging scan reveals no hidden hot spots.,2025-10-06T05:55:14.139696+00:00
INC-20251006-004082,Mark Mullins,All occupants evacuated. Primary search complete.,2025-10-06T05:55:14.139696+00:00
INC-20251006-004082,Ruth Hernandez,Fire knocked down. Overhaul in progress.,2025-10-06T05:55:14.139696+00:00
INC-20250730-004083,Latoya Hahn,Fire origin investigation underway.,2025-07-30T17:36:12.139696+00:00
INC-20250811-004089,Brittany Mason,Fire knocked down. Overhaul in progress.,2025-08-11T05:36:27.139696+00:00
INC-20250811-004089,Aaron Thompson,All occupants evacuated. Primary search complete.,2025-08-11T05:36:27.139696+00:00
INC-20250811-004089,Walter Huff,Thermal imaging scan reveals no hidden hot spots.,2025-08-11T05:36:27.139696+00:00
INC-20250905-004090,Leslie Douglas,Defensive operations established due to structural instability.,2025-09-05T15:33:33.139696+00:00
INC-20251007-004091,William Riddle,Initial size-up complete. Fire showing from second floor.,2025-10-07T01:15:27.139696+00:00
INC-20251007-004091,Jorge Norris,Initial size-up complete. Fire showing from second floor.,2025-10-07T01:15:27.139696+00:00
INC-20251007-004091,Alan Bryant,Utilities secured. Gas and electric shutoff confirmed.,2025-10-07T01:15:27.139696+00:00
INC-20250107-004092,John Mathews,Defensive operations established due to structural instability.,2025-01-08T00:20:03.139696+00:00
INC-20250107-004092,Darlene Rivera,All occupants evacuated. Primary search complete.,2025-01-08T00:20:03.139696+00:00
INC-20250107-004092,Michael Smith,Fire knocked down. Overhaul in progress.,2025-01-08T00:20:03.139696+00:00
INC-20230514-004096,Tiffany Kelly,Utilities secured. Gas and electric shutoff confirmed.,2023-05-15T00:09:57.139696+00:00
INC-20250816-004097,Amanda Hale,Utilities secured. Gas and electric shutoff confirmed.,2025-08-16T11:25:10.139696+00:00
INC-20250816-004097,Thomas Hall,Defensive operations established due to structural instability.,2025-08-16T11:25:10.139696+00:00
INC-20250816-004097,Alexander Garcia,Utilities secured. Gas and electric shutoff confirmed.,2025-08-16T11:25:10.139696+00:00
INC-20250915-004098,Angela Mathis,Defensive operations established due to structural instability.,2025-09-15T02:26:15.139696+00:00
INC-20250731-004100,Angela Zuniga,Thermal imaging scan reveals no hidden hot spots.,2025-07-31T05:52:44.139696+00:00
INC-20250731-004100,Hannah Jordan,Fire knocked down. Overhaul in progress.,2025-07-31T05:52:44.139696+00:00
INC-20250122-004101,Elizabeth Watson,All occupants evacuated. Primary search complete.,2025-01-22T20:54:11.139696+00:00
INC-20250122-004101,Janet Adams,Fire knocked down. Overhaul in progress.,2025-01-22T20:54:11.139696+00:00
INC-20250122-004101,Tiffany Green,Ventilation operations completed on roof.,2025-01-22T20:54:11.139696+00:00
INC-20251019-004102,Lauren Davenport,Initial size-up complete. Fire showing from second floor.,2025-10-19T00:11:34.139696+00:00
INC-20250822-004103,Barbara West,Ventilation operations completed on roof.,2025-08-22T23:53:34.139696+00:00
INC-20250816-004104,Victor Reeves,Defensive operations established due to structural instability.,2025-08-16T14:35:20.139696+00:00
INC-20250912-004105,Erica Green,Thermal imaging scan reveals no hidden hot spots.,2025-09-12T23:33:42.139696+00:00
INC-20250919-004107,Andrew Gray,Ventilation operations completed on roof.,2025-09-19T02:43:40.139696+00:00
INC-20230603-004109,John Blackwell,Utilities secured. Gas and electric shutoff confirmed.,2023-06-03T14:53:47.139696+00:00
INC-20250331-004110,Christopher Monroe,All occupants evacuated. Primary search complete.,2025-03-31T03:14:01.139696+00:00
INC-20250331-004110,Daniel Mejia,Fire knocked down. Overhaul in progress.,2025-03-31T03:14:01.139696+00:00
INC-20250331-004110,Kenneth Branch,Defensive operations established due to structural instability.,2025-03-31T03:14:01.139696+00:00
INC-20250727-004111,Robert Cook,Ventilation operations completed on roof.,2025-07-27T19:56:47.139696+00:00
INC-20250727-004111,Heather Mitchell,Ventilation operations completed on roof.,2025-07-27T19:56:47.139696+00:00
INC-20250727-004111,Melanie Harrington,Utilities secured. Gas and electric shutoff confirmed.,2025-07-27T19:56:47.139696+00:00
INC-20250729-004112,Bradley Potter,All occupants evacuated. Primary search complete.,2025-07-29T15:31:21.139696+00:00
INC-20250828-004115,Steven Stanley,Ventilation operations completed on roof.,2025-08-28T02:57:33.139696+00:00
INC-20250828-004115,Steven Johnson,Utilities secured. Gas and electric shutoff confirmed.,2025-08-28T02:57:33.139696+00:00
INC-20250828-004115,Tracy Walker,Utilities secured. Gas and electric shutoff confirmed.,2025-08-28T02:57:33.139696+00:00
INC-20250929-004116,Shannon Mueller,Thermal imaging scan reveals no hidden hot spots.,2025-09-29T08:35:25.139696+00:00
INC-20241024-004119,Alexander Ruiz,Initial size-up complete. Fire showing from second floor.,2024-10-24T04:46:21.139696+00:00
INC-20250107-004121,Amy Owens,Ventilation operations completed on roof.,2025-01-07T03:22:42.139696+00:00
INC-20250805-004123,Diamond Ramos,Defensive operations established due to structural instability.,2025-08-05T02:22:23.139696+00:00
INC-20250805-004123,Melissa Sandoval,Initial size-up complete. Fire showing from second floor.,2025-08-05T02:22:23.139696+00:00
INC-20250805-004123,Wesley Hale,All occupants evacuated. Primary search complete.,2025-08-05T02:22:23.139696+00:00
INC-20251018-004124,Darryl House,Defensive operations established due to structural instability.,2025-10-18T22:01:53.139696+00:00
INC-20250731-004125,Mark Hansen,Utilities secured. Gas and electric shutoff confirmed.,2025-07-31T06:19:42.139696+00:00
INC-20251005-004127,Heather Wilson,Defensive operations established due to structural instability.,2025-10-05T18:18:54.139696+00:00
INC-20230911-004129,Jacob Wright,Initial size-up complete. Fire showing from second floor.,2023-09-11T13:24:35.139696+00:00
INC-20250803-004131,David Cherry,Ventilation operations completed on roof.,2025-08-03T21:28:56.139696+00:00
INC-20250803-004131,Anne Goodwin,Defensive operations established due to structural instability.,2025-08-03T21:28:56.139696+00:00
INC-20250810-004132,Donald Singh,Thermal imaging scan reveals no hidden hot spots.,2025-08-10T21:17:31.139696+00:00
INC-20250806-004133,Maureen Townsend,Thermal imaging scan reveals no hidden hot spots.,2025-08-07T00:05:57.139696+00:00
INC-20250806-004133,Desiree Ramirez,Utilities secured. Gas and electric shutoff confirmed.,2025-08-07T00:05:57.139696+00:00
INC-20250806-004133,Jenna Freeman,Fire origin investigation underway.,2025-08-07T00:05:57.139696+00:00
INC-20250626-004136,Robin Bailey,Initial size-up complete. Fire showing from second floor.,2025-06-26T17:09:13.139696+00:00
INC-20250829-004137,Joshua Pope,Fire origin investigation underway.,2025-08-29T09:07:29.139696+00:00
INC-20250817-004138,James Foster,Utilities secured. Gas and electric shutoff confirmed.,2025-08-17T00:57:27.139696+00:00
INC-20250817-004138,Marcus Ball,Ventilation operations completed on roof.,2025-08-17T00:57:27.139696+00:00
INC-20250228-004139,Jeffrey West,Initial size-up complete. Fire showing from second floor.,2025-02-28T08:11:19.139696+00:00
INC-20250228-004139,Jonathan Morrison,Utilities secured. Gas and electric shutoff confirmed.,2025-02-28T08:11:19.139696+00:00
INC-20250228-004139,Kevin Clark,Initial size-up complete. Fire showing from second floor.,2025-02-28T08:11:19.139696+00:00
INC-20251007-004142,Maria Fernandez,All occupants evacuated. Primary search complete.,2025-10-07T21:49:05.139696+00:00
INC-20250524-004144,Sandra Park,Ventilation operations completed on roof.,2025-05-24T02:02:12.139696+00:00
INC-20250524-004144,Linda Huynh,Fire knocked down. Overhaul in progress.,2025-05-24T02:02:12.139696+00:00
INC-20250524-004144,Arthur Johnson,Fire origin investigation underway.,2025-05-24T02:02:12.139696+00:00
INC-20241110-004148,Billy Russell,Ventilation operations completed on roof.,2024-11-10T18:52:12.139696+00:00
INC-20240401-004149,Devin Gibson,Ventilation operations completed on roof.,2024-04-01T15:20:57.139696+00:00
INC-20240401-004149,William Larson,Initial size-up complete. Fire showing from second floor.,2024-04-01T15:20:57.139696+00:00
INC-20250417-004150,Nathan Cole,Fire origin investigation underway.,2025-04-17T07:03:08.139696+00:00
INC-20250417-004150,Paul Stone,Defensive operations established due to structural instability.,2025-04-17T07:03:08.139696+00:00
INC-20250724-004151,Dr. Tyler Smith,Ventilation operations completed on roof.,2025-07-24T14:28:50.139696+00:00
INC-20250718-004152,Kathryn Leon,All occupants evacuated. Primary search complete.,2025-07-18T08:32:45.139696+00:00
INC-20250718-004152,Heather Williams,Initial size-up complete. Fire showing from second floor.,2025-07-18T08:32:45.139696+00:00
INC-20250718-004152,Karen Miles,Fire origin investigation underway.,2025-07-18T08:32:45.139696+00:00
INC-20250830-004153,Rachel Hernandez,Defensive operations established due to structural instability.,2025-08-30T13:21:58.139696+00:00
INC-20250430-004154,Joseph Simpson,All occupants evacuated. Primary search complete.,2025-04-30T23:29:49.139696+00:00
INC-20250607-004155,Miss Shelby Johnson,Ventilation operations completed on roof.,2025-06-07T22:48:11.139696+00:00
INC-20250730-004156,Christopher Richardson,Initial size-up complete. Fire showing from second floor.,2025-07-30T05:54:01.139696+00:00
INC-20250730-004156,Sharon Phillips,Defensive operations established due to structural instability.,2025-07-30T05:54:01.139696+00:00
INC-20250810-004158,Eric Fox,Ventilation operations completed on roof.,2025-08-10T11:33:40.139696+00:00
INC-20250810-004158,Ann Olson,Initial size-up complete. Fire showing from second floor.,2025-08-10T11:33:40.139696+00:00
INC-20250810-004158,Richard Flynn,Fire origin investigation underway.,2025-08-10T11:33:40.139696+00:00
INC-20250913-004159,Nathan Johnston,All occupants evacuated. Primary search complete.,2025-09-13T01:23:04.139696+00:00
INC-20250913-004159,Brian Stewart,Utilities secured. Gas and electric shutoff confirmed.,2025-09-13T01:23:04.139696+00:00
INC-20250913-004161,Rachel Russell,Fire knocked down. Overhaul in progress.,2025-09-13T20:04:49.139696+00:00
INC-20250214-004163,Taylor Mendez,Fire origin investigation underway.,2025-02-14T08:17:19.139696+00:00
INC-20250910-004164,Theodore Gill,Thermal imaging scan reveals no hidden hot spots.,2025-09-10T09:44:06.139696+00:00
INC-20250910-004164,Matthew Romero,Fire origin investigation underway.,2025-09-10T09:44:06.139696+00:00
INC-20251021-004165,Matthew Dennis,Fire knocked down. Overhaul in progress.,2025-10-21T05:59:53.139696+00:00
INC-20251021-004165,Jacob Duarte,All occupants evacuated. Primary search complete.,2025-10-21T05:59:53.139696+00:00
INC-20250826-004166,Russell Smith,Ventilation operations completed on roof.,2025-08-26T04:24:08.139696+00:00
INC-20250919-004167,Steven Lee,Ventilation operations completed on roof.,2025-09-19T01:26:30.139696+00:00
INC-20250919-004167,Richard Nguyen,Initial size-up complete. Fire showing from second floor.,2025-09-19T01:26:30.139696+00:00
INC-20250918-004170,David Harris,Defensive operations established due to structural instability.,2025-09-18T11:37:29.139696+00:00
INC-20250904-004171,Cody Reese,Fire knocked down. Overhaul in progress.,2025-09-04T06:26:16.139696+00:00
INC-20250904-004171,Brandon Grant,Ventilation operations completed on roof.,2025-09-04T06:26:16.139696+00:00
INC-20250904-004171,Carl Hendricks,All occupants evacuated. Primary search complete.,2025-09-04T06:26:16.139696+00:00
INC-20250405-004172,Joseph Torres,Fire knocked down. Overhaul in progress.,2025-04-05T21:03:42.139696+00:00
INC-20250919-004173,Michele Miles,All occupants evacuated. Primary search complete.,2025-09-19T22:11:04.139696+00:00
INC-20250919-004174,Curtis Garcia,Ventilation operations completed on roof.,2025-09-19T20:26:23.139696+00:00
INC-20250919-004174,Larry Fletcher,Thermal imaging scan reveals no hidden hot spots.,2025-09-19T20:26:23.139696+00:00
INC-20250919-004174,Lori Nelson,All occupants evacuated. Primary search complete.,2025-09-19T20:26:23.139696+00:00
INC-20250505-004175,Sheila Jones,Thermal imaging scan reveals no hidden hot spots.,2025-05-05T03:48:41.139696+00:00
INC-20250505-004175,Jill Williams,All occupants evacuated. Primary search complete.,2025-05-05T03:48:41.139696+00:00
INC-20250505-004177,Courtney Perkins,Fire origin investigation underway.,2025-05-05T01:41:59.139696+00:00
INC-20231228-004179,Jennifer Austin,Fire origin investigation underway.,2023-12-28T12:22:01.139696+00:00
INC-20250425-004181,Leslie Anderson,Ventilation operations completed on roof.,2025-04-25T12:24:37.139696+00:00
INC-20250425-004181,Angela Gamble,Defensive operations established due to structural instability.,2025-04-25T12:24:37.139696+00:00
INC-20250412-004182,Shane Snyder,Utilities secured. Gas and electric shutoff confirmed.,2025-04-12T09:37:26.139696+00:00
INC-20250918-004183,Margaret Mitchell,Fire origin investigation underway.,2025-09-18T01:23:29.139696+00:00
INC-20250918-004183,Manuel Brooks,Thermal imaging scan reveals no hidden hot spots.,2025-09-18T01:23:29.139696+00:00
INC-20240416-004186,Clinton Henry,Ventilation operations completed on roof.,2024-04-16T02:46:05.139696+00:00
INC-20240416-004186,Judy Mcdonald,Thermal imaging scan reveals no hidden hot spots.,2024-04-16T02:46:05.139696+00:00
INC-20250818-004188,Frank Malone,Defensive operations established due to structural instability.,2025-08-18T09:04:24.139696+00:00
INC-20250926-004190,Ryan Forbes,All occupants evacuated. Primary search complete.,2025-09-26T05:40:36.139696+00:00
INC-20230405-004191,Matthew Patterson,Thermal imaging scan reveals no hidden hot spots.,2023-04-05T16:30:37.139696+00:00
INC-20230405-004191,Kathryn Williams,Fire knocked down. Overhaul in progress.,2023-04-05T16:30:37.139696+00:00
INC-20241218-004194,April Warren,Defensive operations established due to structural instability.,2024-12-18T10:46:12.139696+00:00
INC-20250708-004196,Renee Pruitt,Defensive operations established due to structural instability.,2025-07-08T20:47:14.139696+00:00
INC-20251007-004199,Donna Davis,All occupants evacuated. Primary search complete.,2025-10-07T18:54:36.139696+00:00
INC-20251007-004199,Justin York,Initial size-up complete. Fire showing from second floor.,2025-10-07T18:54:36.139696+00:00
INC-20251007-004199,Melissa Schwartz,Initial size-up complete. Fire showing from second floor.,2025-10-07T18:54:36.139696+00:00
INC-20230327-004200,Christian Fuller,Ventilation operations completed on roof.,2023-03-28T00:24:11.139696+00:00
INC-20250909-004201,Tina Dickerson,Fire knocked down. Overhaul in progress.,2025-09-09T15:19:44.139696+00:00
INC-20250909-004201,Roger Montes,Initial size-up complete. Fire showing from second floor.,2025-09-09T15:19:44.139696+00:00
INC-20250909-004201,Andrea Thompson,Defensive operations established due to structural instability.,2025-09-09T15:19:44.139696+00:00
INC-20250819-004203,Marissa Braun,Utilities secured. Gas and electric shutoff confirmed.,2025-08-19T11:29:42.139696+00:00
INC-20250819-004203,Sara Walsh,Utilities secured. Gas and electric shutoff confirmed.,2025-08-19T11:29:42.139696+00:00
INC-20250912-004205,Cynthia Bailey,Thermal imaging scan reveals no hidden hot spots.,2025-09-12T05:47:16.139696+00:00
INC-20250912-004205,Justin Robinson,Initial size-up complete. Fire showing from second floor.,2025-09-12T05:47:16.139696+00:00
INC-20250912-004205,Jill Price,Thermal imaging scan reveals no hidden hot spots.,2025-09-12T05:47:16.139696+00:00
INC-20250624-004207,Christine Roman,Fire knocked down. Overhaul in progress.,2025-06-24T10:38:27.139696+00:00
INC-20250624-004207,Sean Nelson,Utilities secured. Gas and electric shutoff confirmed.,2025-06-24T10:38:27.139696+00:00
INC-20250624-004207,Michael Vasquez,Initial size-up complete. Fire showing from second floor.,2025-06-24T10:38:27.139696+00:00
INC-20230225-004208,Kevin Reynolds,Fire knocked down. Overhaul in progress.,2023-02-25T19:42:47.139696+00:00
INC-20230225-004208,Jesse Miller,Thermal imaging scan reveals no hidden hot spots.,2023-02-25T19:42:47.139696+00:00
INC-20230225-004208,Felicia Fitzgerald,Defensive operations established due to structural instability.,2023-02-25T19:42:47.139696+00:00
INC-20251014-004209,Casey Ruiz,Thermal imaging scan reveals no hidden hot spots.,2025-10-14T10:22:54.139696+00:00
INC-20251014-004209,Andrea Frank MD,Fire knocked down. Overhaul in progress.,2025-10-14T10:22:54.139696+00:00
INC-20251014-004209,Tyler Cochran,Ventilation operations completed on roof.,2025-10-14T10:22:54.139696+00:00
INC-20250906-004212,Christina Espinoza,Ventilation operations completed on roof.,2025-09-06T01:12:17.139696+00:00
INC-20250629-004213,John Parrish,Thermal imaging scan reveals no hidden hot spots.,2025-06-29T20:41:21.139696+00:00
INC-20250629-004213,Nicole Gentry,Thermal imaging scan reveals no hidden hot spots.,2025-06-29T20:41:21.139696+00:00
INC-20250805-004215,Samantha Lang,Fire origin investigation underway.,2025-08-05T18:44:27.139696+00:00
INC-20250805-004215,Michael Caldwell,Utilities secured. Gas and electric shutoff confirmed.,2025-08-05T18:44:27.139696+00:00
INC-20250805-004215,Chelsea Brown,Utilities secured. Gas and electric shutoff confirmed.,2025-08-05T18:44:27.139696+00:00
INC-20230415-004216,Sarah Glover,All occupants evacuated. Primary search complete.,2023-04-15T04:58:16.139696+00:00
INC-20250819-004217,Pamela Rodriguez,Fire origin investigation underway.,2025-08-19T13:01:04.139696+00:00
INC-20250819-004217,Michelle Martin,Initial size-up complete. Fire showing from second floor.,2025-08-19T13:01:04.139696+00:00
INC-20251014-004220,Christopher Parker,Thermal imaging scan reveals no hidden hot spots.,2025-10-14T14:00:47.139696+00:00
INC-20250913-004223,April Kelly,Fire knocked down. Overhaul in progress.,2025-09-13T10:27:40.139696+00:00
INC-20250913-004223,Shane Lopez,All occupants evacuated. Primary search complete.,2025-09-13T10:27:40.139696+00:00
INC-20250908-004224,Maurice Lawrence,Fire origin investigation underway.,2025-09-08T00:50:27.139696+00:00
INC-20250321-004225,Mary Booth,Initial size-up complete. Fire showing from second floor.,2025-03-21T15:19:47.139696+00:00
INC-20250321-004225,Tonya Bell,Defensive operations established due to structural instability.,2025-03-21T15:19:47.139696+00:00
INC-20250202-004226,Margaret Mann,Fire knocked down. Overhaul in progress.,2025-02-02T10:32:03.139696+00:00
INC-20250202-004226,Jennifer Richards,Fire origin investigation underway.,2025-02-02T10:32:03.139696+00:00
INC-20250202-004226,Eric Smith,Thermal imaging scan reveals no hidden hot spots.,2025-02-02T10:32:03.139696+00:00
INC-20251018-004227,Carmen Ellis,All occupants evacuated. Primary search complete.,2025-10-18T13:36:23.139696+00:00
INC-20251018-004227,Yolanda Morgan,Thermal imaging scan reveals no hidden hot spots.,2025-10-18T13:36:23.139696+00:00
INC-20251018-004227,Holly Powell,Initial size-up complete. Fire showing from second floor.,2025-10-18T13:36:23.139696+00:00
INC-20240125-004228,Jamie Henry,Thermal imaging scan reveals no hidden hot spots.,2024-01-25T22:24:38.139696+00:00
INC-20250903-004229,Rebecca Jensen,Fire knocked down. Overhaul in progress.,2025-09-03T10:04:15.139696+00:00
INC-20221208-004230,Anna Williamson,Thermal imaging scan reveals no hidden hot spots.,2022-12-09T00:12:49.139696+00:00
INC-20250718-004231,Caleb Allen,All occupants evacuated. Primary search complete.,2025-07-18T21:08:10.139696+00:00
INC-20250718-004231,Rebekah Phillips,Fire knocked down. Overhaul in progress.,2025-07-18T21:08:10.139696+00:00
INC-20250718-004231,Patrick Smith,Ventilation operations completed on roof.,2025-07-18T21:08:10.139696+00:00
INC-20250810-004232,Sean Simmons,Utilities secured. Gas and electric shutoff confirmed.,2025-08-10T05:44:27.139696+00:00
INC-20250915-004233,Rodney Edwards,Fire origin investigation underway.,2025-09-15T18:59:07.139696+00:00
INC-20250531-004237,Judith Rush,Ventilation operations completed on roof.,2025-05-31T08:39:30.139696+00:00
INC-20250531-004237,Jesse Johnson,Utilities secured. Gas and electric shutoff confirmed.,2025-05-31T08:39:30.139696+00:00
INC-20250531-004237,Brianna May,Utilities secured. Gas and electric shutoff confirmed.,2025-05-31T08:39:30.139696+00:00
INC-20230430-004238,Debbie Munoz,Utilities secured. Gas and electric shutoff confirmed.,2023-04-30T20:42:10.139696+00:00
INC-20230430-004238,Derrick Walker,Ventilation operations completed on roof.,2023-04-30T20:42:10.139696+00:00
INC-20230430-004238,Corey Griffin,Fire origin investigation underway.,2023-04-30T20:42:10.139696+00:00
INC-20241116-004239,Ryan Williamson,Fire knocked down. Overhaul in progress.,2024-11-16T06:38:22.139696+00:00
INC-20241021-004241,Joshua Gordon,All occupants evacuated. Primary search complete.,2024-10-21T17:13:00.139696+00:00
INC-20241021-004241,Victor Weaver,Initial size-up complete. Fire showing from second floor.,2024-10-21T17:13:00.139696+00:00
INC-20241206-004242,Jeremy Gamble,Initial size-up complete. Fire showing from second floor.,2024-12-06T22:39:22.139696+00:00
INC-20241206-004242,Ronald Johnson,All occupants evacuated. Primary search complete.,2024-12-06T22:39:22.139696+00:00
INC-20250818-004244,Casey Rhodes,All occupants evacuated. Primary search complete.,2025-08-18T11:40:57.139696+00:00
INC-20250818-004244,Hector Jackson,Fire origin investigation underway.,2025-08-18T11:40:57.139696+00:00
INC-20250818-004244,Alicia Brown,Utilities secured. Gas and electric shutoff confirmed.,2025-08-18T11:40:57.139696+00:00
INC-20250403-004246,Jennifer Cross,Fire knocked down. Overhaul in progress.,2025-04-03T08:00:42.139696+00:00
INC-20241122-004248,Caroline Russell,Ventilation operations completed on roof.,2024-11-22T04:08:08.139696+00:00
INC-20241122-004248,Christine Lee,Fire knocked down. Overhaul in progress.,2024-11-22T04:08:08.139696+00:00
INC-20250524-004255,Dorothy Farmer,Utilities secured. Gas and electric shutoff confirmed.,2025-05-24T18:15:19.139696+00:00
INC-20250524-004255,David Hudson,Fire knocked down. Overhaul in progress.,2025-05-24T18:15:19.139696+00:00
INC-20250524-004255,Casey Pittman,Fire origin investigation underway.,2025-05-24T18:15:19.139696+00:00
INC-20250914-004256,Sophia Coleman,All occupants evacuated. Primary search complete.,2025-09-14T16:20:32.139696+00:00
INC-20250914-004256,Brenda Davis,Fire knocked down. Overhaul in progress.,2025-09-14T16:20:32.139696+00:00
INC-20250914-004256,Pamela Jones,Defensive operations established due to structural instability.,2025-09-14T16:20:32.139696+00:00
INC-20250828-004262,Kimberly Tate,Thermal imaging scan reveals no hidden hot spots.,2025-08-28T04:17:56.139696+00:00
INC-20250828-004262,Bryan Pearson,Utilities secured. Gas and electric shutoff confirmed.,2025-08-28T04:17:56.139696+00:00
INC-20240520-004264,Courtney Anderson,Ventilation operations completed on roof.,2024-05-20T14:32:19.139696+00:00
INC-20240520-004264,David Mitchell,Thermal imaging scan reveals no hidden hot spots.,2024-05-20T14:32:19.139696+00:00
INC-20240520-004264,Nathaniel Vasquez,Utilities secured. Gas and electric shutoff confirmed.,2024-05-20T14:32:19.139696+00:00
INC-20250820-004265,Christina Howard,Ventilation operations completed on roof.,2025-08-20T00:19:56.139696+00:00
INC-20250820-004265,Amanda Jones,Fire origin investigation underway.,2025-08-20T00:19:56.139696+00:00
INC-20250214-004267,Joseph Bates,Thermal imaging scan reveals no hidden hot spots.,2025-02-14T20:35:16.139696+00:00
INC-20250214-004267,Michael Sampson,Initial size-up complete. Fire showing from second floor.,2025-02-14T20:35:16.139696+00:00
INC-20250214-004267,Kevin Zimmerman,Fire knocked down. Overhaul in progress.,2025-02-14T20:35:16.139696+00:00
INC-20230404-004269,Kyle Klein,Thermal imaging scan reveals no hidden hot spots.,2023-04-04T21:46:37.139696+00:00
INC-20240521-004270,Sarah Simmons,All occupants evacuated. Primary search complete.,2024-05-21T04:51:42.139696+00:00
INC-20240521-004270,Cynthia Hill,Fire origin investigation underway.,2024-05-21T04:51:42.139696+00:00
INC-20240802-004272,Mary Coleman,Initial size-up complete. Fire showing from second floor.,2024-08-02T18:55:28.139696+00:00
INC-20250622-004273,Michael Schneider,Defensive operations established due to structural instability.,2025-06-22T21:59:43.139696+00:00
INC-20250622-004273,Michael Johnson II,Defensive operations established due to structural instability.,2025-06-22T21:59:43.139696+00:00
INC-20250622-004273,Marie Jones,Initial size-up complete. Fire showing from second floor.,2025-06-22T21:59:43.139696+00:00
INC-20250803-004274,Haley Boone,Thermal imaging scan reveals no hidden hot spots.,2025-08-03T18:11:44.139696+00:00
INC-20250820-004277,Jacob Wilson,Fire origin investigation underway.,2025-08-20T16:35:55.139696+00:00
INC-20250820-004277,Megan Meyer,Ventilation operations completed on roof.,2025-08-20T16:35:55.139696+00:00
INC-20250820-004277,Omar Jensen,All occupants evacuated. Primary search complete.,2025-08-20T16:35:55.139696+00:00
INC-20250905-004278,Elizabeth Alexander,Fire knocked down. Overhaul in progress.,2025-09-05T02:49:39.139696+00:00
INC-20250905-004278,William Rodriguez,Fire origin investigation underway.,2025-09-05T02:49:39.139696+00:00
INC-20250728-004280,Michelle Bush,Fire origin investigation underway.,2025-07-28T12:33:29.139696+00:00
INC-20250728-004280,Destiny Flowers,Thermal imaging scan reveals no hidden hot spots.,2025-07-28T12:33:29.139696+00:00
INC-20250728-004280,Matthew Lawson,Ventilation operations completed on roof.,2025-07-28T12:33:29.139696+00:00
INC-20250920-004282,Sandra Carroll,Fire knocked down. Overhaul in progress.,2025-09-20T05:57:28.139696+00:00
INC-20250920-004282,Robin Cook,Defensive operations established due to structural instability.,2025-09-20T05:57:28.139696+00:00
INC-20250920-004282,Michelle Hawkins,Defensive operations established due to structural instability.,2025-09-20T05:57:28.139696+00:00
INC-20230427-004283,Gina West,All occupants evacuated. Primary search complete.,2023-04-27T04:14:09.139696+00:00
INC-20230427-004283,Joseph Lowe,Fire origin investigation underway.,2023-04-27T04:14:09.139696+00:00
INC-20230427-004283,Patrick Cruz,Defensive operations established due to structural instability.,2023-04-27T04:14:09.139696+00:00
INC-20250728-004284,Robert Potter,Defensive operations established due to structural instability.,2025-07-28T09:44:17.139696+00:00
INC-20250728-004284,Donald Morales,All occupants evacuated. Primary search complete.,2025-07-28T09:44:17.139696+00:00
INC-20250728-004286,Thomas Mahoney DVM,Defensive operations established due to structural instability.,2025-07-28T12:57:31.139696+00:00
INC-20250728-004286,Scott Richards,Fire knocked down. Overhaul in progress.,2025-07-28T12:57:31.139696+00:00
INC-20250728-004286,Patricia Weaver,Utilities secured. Gas and electric shutoff confirmed.,2025-07-28T12:57:31.139696+00:00
INC-20250617-004287,Jacob Shaffer,Thermal imaging scan reveals no hidden hot spots.,2025-06-17T14:09:55.139696+00:00
INC-20250617-004287,Kelly Patel,Initial size-up complete. Fire showing from second floor.,2025-06-17T14:09:55.139696+00:00
INC-20240921-004291,Brandon Hall,Ventilation operations completed on roof.,2024-09-21T08:25:26.139696+00:00
INC-20241111-004293,Thomas Anderson,Thermal imaging scan reveals no hidden hot spots.,2024-11-11T00:18:39.139696+00:00
INC-20241111-004293,Angela Long,Fire knocked down. Overhaul in progress.,2024-11-11T00:18:39.139696+00:00
INC-20230511-004295,Victor Rodriguez,All occupants evacuated. Primary search complete.,2023-05-11T04:31:26.139696+00:00
INC-20250918-004296,Deborah Patterson,All occupants evacuated. Primary search complete.,2025-09-18T23:20:34.139696+00:00
INC-20250918-004296,William Wallace,Defensive operations established due to structural instability.,2025-09-18T23:20:34.139696+00:00
INC-20240206-004298,Ryan Chen,Defensive operations established due to structural instability.,2024-02-06T16:49:12.139696+00:00
INC-20250902-004299,Megan Harris,Initial size-up complete. Fire showing from second floor.,2025-09-02T14:10:50.139696+00:00
INC-20221108-004300,Jonathan Chandler,Utilities secured. Gas and electric shutoff confirmed.,2022-11-08T02:42:25.139696+00:00
INC-20221108-004300,Scott Simmons,Thermal imaging scan reveals no hidden hot spots.,2022-11-08T02:42:25.139696+00:00
INC-20250509-004301,Jennifer Medina,Ventilation operations completed on roof.,2025-05-09T22:46:01.139696+00:00
INC-20250509-004301,Heather Ellison,Ventilation operations completed on roof.,2025-05-09T22:46:01.139696+00:00
INC-20240218-004303,Brady Ford,Fire knocked down. Overhaul in progress.,2024-02-18T19:59:42.139696+00:00
INC-20240218-004303,Gregory Wheeler,Fire knocked down. Overhaul in progress.,2024-02-18T19:59:42.139696+00:00
INC-20250713-004305,Jennifer Wolfe,Defensive operations established due to structural instability.,2025-07-13T08:53:40.139696+00:00
INC-20250927-004307,Lisa Rodriguez,Fire origin investigation underway.,2025-09-27T23:07:10.139696+00:00
INC-20250208-004308,Kenneth Macias,Ventilation operations completed on roof.,2025-02-08T19:21:27.139696+00:00
INC-20250208-004308,Nicholas Ruiz,Ventilation operations completed on roof.,2025-02-08T19:21:27.139696+00:00
INC-20250911-004311,Erica Warren,Defensive operations established due to structural instability.,2025-09-11T20:40:29.139696+00:00
INC-20250911-004311,Lisa Joseph,Thermal imaging scan reveals no hidden hot spots.,2025-09-11T20:40:29.139696+00:00
INC-20250824-004313,Kyle Schneider,Utilities secured. Gas and electric shutoff confirmed.,2025-08-24T04:22:37.139696+00:00
INC-20250824-004313,Todd Garrett,Utilities secured. Gas and electric shutoff confirmed.,2025-08-24T04:22:37.139696+00:00
INC-20250824-004313,Kevin Diaz,Fire knocked down. Overhaul in progress.,2025-08-24T04:22:37.139696+00:00
INC-20250927-004315,Amy Cox,Initial size-up complete. Fire showing from second floor.,2025-09-27T09:27:14.139696+00:00
INC-20250929-004316,Marie Williams,Utilities secured. Gas and electric shutoff confirmed.,2025-09-29T06:55:09.139696+00:00
INC-20250819-004319,Jennifer Campbell,Ventilation operations completed on roof.,2025-08-19T07:04:48.139696+00:00
INC-20250803-004320,Dr. Chad Hensley MD,Fire knocked down. Overhaul in progress.,2025-08-03T22:02:22.139696+00:00
INC-20250803-004320,Lori Kim,All occupants evacuated. Primary search complete.,2025-08-03T22:02:22.139696+00:00
INC-20241130-004321,Natalie Smith,All occupants evacuated. Primary search complete.,2024-11-30T15:45:59.139696+00:00
INC-20241130-004321,Tracy Rodgers,All occupants evacuated. Primary search complete.,2024-11-30T15:45:59.139696+00:00
INC-20251018-004322,Helen Phillips,Initial size-up complete. Fire showing from second floor.,2025-10-18T22:51:36.139696+00:00
INC-20251018-004322,Natasha Johnson,Utilities secured. Gas and electric shutoff confirmed.,2025-10-18T22:51:36.139696+00:00
INC-20251018-004323,Geoffrey Turner,Fire knocked down. Overhaul in progress.,2025-10-18T20:00:50.139696+00:00
INC-20251021-004327,Matthew Nelson,Fire knocked down. Overhaul in progress.,2025-10-21T21:04:43.139696+00:00
INC-20250916-004328,Rachel Green,Initial size-up complete. Fire showing from second floor.,2025-09-16T19:35:46.139696+00:00
INC-20250905-004333,Matthew Rodriguez,All occupants evacuated. Primary search complete.,2025-09-05T10:38:03.139696+00:00
INC-20250923-004334,Jerry Thompson,Utilities secured. Gas and electric shutoff confirmed.,2025-09-23T01:19:07.139696+00:00
INC-20250923-004334,Calvin Sanchez,Fire origin investigation underway.,2025-09-23T01:19:07.139696+00:00
INC-20250806-004335,Heather Mclean,Fire knocked down. Overhaul in progress.,2025-08-06T14:04:54.139696+00:00
INC-20250806-004335,Benjamin Davis,All occupants evacuated. Primary search complete.,2025-08-06T14:04:54.139696+00:00
INC-20250204-004338,Brad Gomez,Ventilation operations completed on roof.,2025-02-04T00:31:03.139696+00:00
INC-20250204-004338,Joseph Key DVM,Fire knocked down. Overhaul in progress.,2025-02-04T00:31:03.139696+00:00
INC-20250204-004338,Joshua Hammond,Utilities secured. Gas and electric shutoff confirmed.,2025-02-04T00:31:03.139696+00:00
INC-20250826-004341,Jessica Brown,All occupants evacuated. Primary search complete.,2025-08-26T11:34:25.139696+00:00
INC-20250826-004341,Gavin Hernandez,Defensive operations established due to structural instability.,2025-08-26T11:34:25.139696+00:00
INC-20250826-004341,Christopher Weaver,All occupants evacuated. Primary search complete.,2025-08-26T11:34:25.139696+00:00
INC-20250208-004342,Joseph Mason,Initial size-up complete. Fire showing from second floor.,2025-02-08T16:03:50.139696+00:00
INC-20250208-004342,Hunter Blake,Fire knocked down. Overhaul in progress.,2025-02-08T16:03:50.139696+00:00
INC-20250208-004342,Anthony Marshall,Defensive operations established due to structural instability.,2025-02-08T16:03:50.139696+00:00
INC-20251022-004343,Victoria Mitchell,Utilities secured. Gas and electric shutoff confirmed.,2025-10-22T07:08:18.139696+00:00
INC-20251022-004343,Rebecca Johnson,Fire origin investigation underway.,2025-10-22T07:08:18.139696+00:00
INC-20251022-004343,Hailey Roberson,Fire knocked down. Overhaul in progress.,2025-10-22T07:08:18.139696+00:00
INC-20240805-004346,Erin Brown,Ventilation operations completed on roof.,2024-08-05T18:32:52.139696+00:00
INC-20240805-004346,Seth Lawrence,Fire origin investigation underway.,2024-08-05T18:32:52.139696+00:00
INC-20250726-004351,Julie James,Defensive operations established due to structural instability.,2025-07-26T11:38:08.139696+00:00
INC-20250726-004351,Francis Horn,Defensive operations established due to structural instability.,2025-07-26T11:38:08.139696+00:00
INC-20250726-004351,Ian Harris,Ventilation operations completed on roof.,2025-07-26T11:38:08.139696+00:00
INC-20250929-004352,Diamond Boyer DDS,Defensive operations established due to structural instability.,2025-09-29T07:53:37.139696+00:00
INC-20250929-004352,Derrick Myers,Thermal imaging scan reveals no hidden hot spots.,2025-09-29T07:53:37.139696+00:00
INC-20251006-004353,Dalton Alvarez,Utilities secured. Gas and electric shutoff confirmed.,2025-10-06T07:06:25.139696+00:00
INC-20250511-004356,Tiffany Allison DDS,Fire origin investigation underway.,2025-05-11T17:51:59.139696+00:00
INC-20250511-004356,Robin Bird MD,All occupants evacuated. Primary search complete.,2025-05-11T17:51:59.139696+00:00
INC-20250511-004356,Elizabeth Anthony,Fire origin investigation underway.,2025-05-11T17:51:59.139696+00:00
INC-20250603-004357,Willie Alvarado,Thermal imaging scan reveals no hidden hot spots.,2025-06-03T22:51:08.139696+00:00
INC-20250530-004358,Gerald Horn,All occupants evacuated. Primary search complete.,2025-05-30T04:36:25.139696+00:00
INC-20250817-004359,Maria Lynch,Fire origin investigation underway.,2025-08-17T23:21:36.139696+00:00
INC-20250808-004361,Gregg Ewing,Ventilation operations completed on roof.,2025-08-08T09:26:24.139696+00:00
INC-20250914-004362,Alan Woods,Utilities secured. Gas and electric shutoff confirmed.,2025-09-14T04:46:58.139696+00:00
INC-20241208-004364,Erik Greene,Ventilation operations completed on roof.,2024-12-08T21:13:59.139696+00:00
INC-20241208-004364,Ryan Lee,Fire knocked down. Overhaul in progress.,2024-12-08T21:13:59.139696+00:00
INC-20250716-004368,Rachel Miller,Defensive operations established due to structural instability.,2025-07-16T07:46:58.139696+00:00
INC-20250716-004368,Dr. Ashley King,Ventilation operations completed on roof.,2025-07-16T07:46:58.139696+00:00
INC-20250805-004370,Alexis Wright,All occupants evacuated. Primary search complete.,2025-08-05T05:40:33.139696+00:00
INC-20250805-004370,Brenda Wolfe,Ventilation operations completed on roof.,2025-08-05T05:40:33.139696+00:00
INC-20250805-004370,Denise Kelley,All occupants evacuated. Primary search complete.,2025-08-05T05:40:33.139696+00:00
INC-20250131-004373,Heather Martinez,Fire origin investigation underway.,2025-01-31T20:00:13.139696+00:00
INC-20250131-004373,Eric Reed,Thermal imaging scan reveals no hidden hot spots.,2025-01-31T20:00:13.139696+00:00
INC-20250131-004373,Shannon Benitez,All occupants evacuated. Primary search complete.,2025-01-31T20:00:13.139696+00:00
INC-20250905-004376,James Mann,Utilities secured. Gas and electric shutoff confirmed.,2025-09-05T18:44:21.139696+00:00
INC-20250905-004376,Miranda Crane,Defensive operations established due to structural instability.,2025-09-05T18:44:21.139696+00:00
INC-20250905-004376,Kristina White,Fire knocked down. Overhaul in progress.,2025-09-05T18:44:21.139696+00:00
INC-20251017-004378,Jacob Moss,Fire knocked down. Overhaul in progress.,2025-10-17T07:44:27.139696+00:00
INC-20250829-004379,Karen Garcia,Utilities secured. Gas and electric shutoff confirmed.,2025-08-29T17:57:58.139696+00:00
INC-20250829-004379,Mary Shaw,Defensive operations established due to structural instability.,2025-08-29T17:57:58.139696+00:00
INC-20250829-004379,William Brown,Ventilation operations completed on roof.,2025-08-29T17:57:58.139696+00:00
INC-20251012-004383,Lisa Warner,Fire origin investigation underway.,2025-10-12T08:15:23.139696+00:00
INC-20251017-004384,Ray Jackson,Fire origin investigation underway.,2025-10-17T16:46:37.139696+00:00
INC-20251017-004384,Phyllis Garcia,Thermal imaging scan reveals no hidden hot spots.,2025-10-17T16:46:37.139696+00:00
INC-20250806-004386,Stephen Shea,Ventilation operations completed on roof.,2025-08-06T23:13:16.139696+00:00
INC-20250806-004386,Bryan Hall,Thermal imaging scan reveals no hidden hot spots.,2025-08-06T23:13:16.139696+00:00
INC-20250730-004390,Douglas Mcgee,Fire origin investigation underway.,2025-07-30T07:50:59.139696+00:00
INC-20250730-004390,Alice Jimenez,All occupants evacuated. Primary search complete.,2025-07-30T07:50:59.139696+00:00
INC-20250929-004393,Thomas Young,Fire knocked down. Overhaul in progress.,2025-09-29T07:32:49.139696+00:00
INC-20250929-004393,Robert Sullivan,Initial size-up complete. Fire showing from second floor.,2025-09-29T07:32:49.139696+00:00
INC-20250929-004393,Laura Jackson,Thermal imaging scan reveals no hidden hot spots.,2025-09-29T07:32:49.139696+00:00
INC-20250208-004394,Taylor Burgess,Initial size-up complete. Fire showing from second floor.,2025-02-08T02:35:16.139696+00:00
INC-20250208-004394,Christine Robinson,Defensive operations established due to structural instability.,2025-02-08T02:35:16.139696+00:00
INC-20250208-004394,Ivan Marshall,Fire origin investigation underway.,2025-02-08T02:35:16.139696+00:00
INC-20250806-004395,Brian Herrera,Defensive operations established due to structural instability.,2025-08-06T07:58:24.139696+00:00
INC-20250806-004395,Alicia Gray,Fire knocked down. Overhaul in progress.,2025-08-06T07:58:24.139696+00:00
INC-20250806-004395,Chelsey Weaver,Fire knocked down. Overhaul in progress.,2025-08-06T07:58:24.139696+00:00
INC-20250122-004396,John Wagner,Initial size-up complete. Fire showing from second floor.,2025-01-22T12:48:11.139696+00:00
INC-20251015-004399,Chelsea Miles,Defensive operations established due to structural instability.,2025-10-15T15:05:13.139696+00:00
INC-20251015-004399,Brittney Garza,Fire knocked down. Overhaul in progress.,2025-10-15T15:05:13.139696+00:00
INC-20251015-004399,Jenna Sanchez,All occupants evacuated. Primary search complete.,2025-10-15T15:05:13.139696+00:00
INC-20251006-004401,Erik Brewer,Defensive operations established due to structural instability.,2025-10-06T18:04:55.139696+00:00
INC-20251006-004401,Dr. Stephanie Spencer,Ventilation operations completed on roof.,2025-10-06T18:04:55.139696+00:00
INC-20251006-004401,Spencer Morris,Defensive operations established due to structural instability.,2025-10-06T18:04:55.139696+00:00
INC-20250811-004403,Mary Steele,Ventilation operations completed on roof.,2025-08-11T01:05:40.139696+00:00
INC-20250811-004403,Brittany Snyder,Thermal imaging scan reveals no hidden hot spots.,2025-08-11T01:05:40.139696+00:00
INC-20250811-004403,Matthew Olson,Utilities secured. Gas and electric shutoff confirmed.,2025-08-11T01:05:40.139696+00:00
INC-20250814-004405,Lori Rios MD,Utilities secured. Gas and electric shutoff confirmed.,2025-08-14T13:48:51.139696+00:00
INC-20250814-004405,John Haynes,Utilities secured. Gas and electric shutoff confirmed.,2025-08-14T13:48:51.139696+00:00
INC-20250814-004405,Jimmy Thompson,Ventilation operations completed on roof.,2025-08-14T13:48:51.139696+00:00
INC-20250730-004406,Nicole Wilkerson,Fire knocked down. Overhaul in progress.,2025-07-30T03:32:49.139696+00:00
INC-20250730-004406,Jeffrey Garner,Ventilation operations completed on roof.,2025-07-30T03:32:49.139696+00:00
INC-20250901-004407,Kimberly Yoder,All occupants evacuated. Primary search complete.,2025-09-01T14:49:32.139696+00:00
INC-20250901-004407,Mark Sims,Utilities secured. Gas and electric shutoff confirmed.,2025-09-01T14:49:32.139696+00:00
INC-20250901-004407,Elizabeth Gay,Utilities secured. Gas and electric shutoff confirmed.,2025-09-01T14:49:32.139696+00:00
INC-20250118-004409,Eric Velasquez,Ventilation operations completed on roof.,2025-01-18T07:04:53.139696+00:00
INC-20250118-004409,Virginia Chandler,Fire origin investigation underway.,2025-01-18T07:04:53.139696+00:00
INC-20250118-004409,Hannah Fernandez,Fire knocked down. Overhaul in progress.,2025-01-18T07:04:53.139696+00:00
INC-20240501-004410,Robin Kirby,Fire origin investigation underway.,2024-05-01T20:31:29.139696+00:00
INC-20240501-004410,Lawrence Pugh,All occupants evacuated. Primary search complete.,2024-05-01T20:31:29.139696+00:00
INC-20240501-004410,Nicole White,Thermal imaging scan reveals no hidden hot spots.,2024-05-01T20:31:29.139696+00:00
INC-20250724-004411,Katie Ferguson,Ventilation operations completed on roof.,2025-07-24T12:56:14.139696+00:00
INC-20250904-004412,Paula Lindsey,Utilities secured. Gas and electric shutoff confirmed.,2025-09-04T04:24:02.139696+00:00
INC-20250904-004412,Jessica Kim,Ventilation operations completed on roof.,2025-09-04T04:24:02.139696+00:00
INC-20231117-004413,Brenda Lopez,Fire knocked down. Overhaul in progress.,2023-11-17T14:09:25.139696+00:00
INC-20231117-004413,Claudia Skinner,Fire origin investigation underway.,2023-11-17T14:09:25.139696+00:00
INC-20230921-004415,Peter Johnson,Utilities secured. Gas and electric shutoff confirmed.,2023-09-21T04:09:33.139696+00:00
INC-20250929-004419,Anita Scott,Defensive operations established due to structural instability.,2025-09-29T05:46:54.139696+00:00
INC-20250929-004419,James Duncan,Fire origin investigation underway.,2025-09-29T05:46:54.139696+00:00
INC-20250929-004419,Christina Roth,All occupants evacuated. Primary search complete.,2025-09-29T05:46:54.139696+00:00
INC-20250917-004420,Christopher Williams,All occupants evacuated. Primary search complete.,2025-09-17T21:43:02.139696+00:00
INC-20250917-004420,Jennifer Graham,Defensive operations established due to structural instability.,2025-09-17T21:43:02.139696+00:00
INC-20250120-004422,Lawrence Hester,Fire knocked down. Overhaul in progress.,2025-01-20T01:01:17.139696+00:00
INC-20250120-004422,Charles Meyers,Utilities secured. Gas and electric shutoff confirmed.,2025-01-20T01:01:17.139696+00:00
INC-20250120-004422,John Gray,Fire origin investigation underway.,2025-01-20T01:01:17.139696+00:00
INC-20251017-004424,Brittany Brown MD,Fire origin investigation underway.,2025-10-17T12:20:26.139696+00:00
INC-20251009-004425,Dylan Cooper,Ventilation operations completed on roof.,2025-10-09T11:05:52.139696+00:00
INC-20251009-004425,Patrick Smith,Utilities secured. Gas and electric shutoff confirmed.,2025-10-09T11:05:52.139696+00:00
INC-20251009-004425,Seth Robertson,Ventilation operations completed on roof.,2025-10-09T11:05:52.139696+00:00
INC-20241125-004427,Michael Hahn,Ventilation operations completed on roof.,2024-11-25T16:13:33.139696+00:00
INC-20241125-004427,Jonathan Griffin,Fire knocked down. Overhaul in progress.,2024-11-25T16:13:33.139696+00:00
INC-20221201-004428,Dominique Mills,Defensive operations established due to structural instability.,2022-12-01T21:14:40.139696+00:00
INC-20240226-004430,Francisco Sosa DVM,Initial size-up complete. Fire showing from second floor.,2024-02-26T04:32:16.139696+00:00
INC-20240226-004430,Jeremy Dodson,Thermal imaging scan reveals no hidden hot spots.,2024-02-26T04:32:16.139696+00:00
INC-20250520-004431,Michael Wright,Fire origin investigation underway.,2025-05-20T22:52:46.139696+00:00
INC-20250520-004431,Annette Greer,Defensive operations established due to structural instability.,2025-05-20T22:52:46.139696+00:00
INC-20250520-004431,Gregory Baker,Utilities secured. Gas and electric shutoff confirmed.,2025-05-20T22:52:46.139696+00:00
INC-20250718-004436,Christopher Morris,Fire origin investigation underway.,2025-07-18T02:57:46.139696+00:00
INC-20250718-004436,George Bridges,Fire origin investigation underway.,2025-07-18T02:57:46.139696+00:00
INC-20250718-004436,Charles Brown,Defensive operations established due to structural instability.,2025-07-18T02:57:46.139696+00:00
INC-20241108-004438,Rhonda Dodson,Fire knocked down. Overhaul in progress.,2024-11-08T09:51:57.139696+00:00
INC-20250901-004439,Holly Bauer,Defensive operations established due to structural instability.,2025-09-01T02:27:03.139696+00:00
INC-20250901-004439,Heather Wilson,Fire origin investigation underway.,2025-09-01T02:27:03.139696+00:00
INC-20250901-004439,Morgan Wright,Fire origin investigation underway.,2025-09-01T02:27:03.139696+00:00
INC-20250928-004441,Patricia Wilson,Ventilation operations completed on roof.,2025-09-28T11:39:21.139696+00:00
INC-20250928-004441,Shannon Lopez,Fire origin investigation underway.,2025-09-28T11:39:21.139696+00:00
INC-20250928-004441,Jared Middleton,Thermal imaging scan reveals no hidden hot spots.,2025-09-28T11:39:21.139696+00:00
INC-20250804-004444,Jacqueline Wall,Ventilation operations completed on roof.,2025-08-04T15:07:54.139696+00:00
INC-20250919-004445,Katrina Williams,All occupants evacuated. Primary search complete.,2025-09-19T19:48:59.139696+00:00
INC-20250919-004445,Amanda Maxwell,Defensive operations established due to structural instability.,2025-09-19T19:48:59.139696+00:00
INC-20250919-004445,Michael Wade,Fire origin investigation underway.,2025-09-19T19:48:59.139696+00:00
INC-20250913-004448,Michael Clark,All occupants evacuated. Primary search complete.,2025-09-13T11:15:56.139696+00:00
INC-20250913-004448,Danielle Duncan,All occupants evacuated. Primary search complete.,2025-09-13T11:15:56.139696+00:00
INC-20250824-004450,Kevin Santana,Fire origin investigation underway.,2025-08-24T09:43:15.139696+00:00
INC-20250824-004450,Catherine Black,Utilities secured. Gas and electric shutoff confirmed.,2025-08-24T09:43:15.139696+00:00
INC-20250824-004450,Mr. Keith Silva,Ventilation operations completed on roof.,2025-08-24T09:43:15.139696+00:00
INC-20250915-004451,Johnny Brooks,Defensive operations established due to structural instability.,2025-09-15T20:02:26.139696+00:00
INC-20240216-004452,Erika Saunders,Defensive operations established due to structural instability.,2024-02-16T19:37:46.139696+00:00
INC-20240216-004452,Jordan Lewis,All occupants evacuated. Primary search complete.,2024-02-16T19:37:46.139696+00:00
INC-20240216-004452,Anne Ross,Defensive operations established due to structural instability.,2024-02-16T19:37:46.139696+00:00
INC-20250731-004455,Timothy Gonzalez,Defensive operations established due to structural instability.,2025-07-31T21:05:50.139696+00:00
INC-20230303-004456,Brian Murray,Fire knocked down. Overhaul in progress.,2023-03-03T02:05:04.139696+00:00
INC-20230303-004456,Sharon Huffman,Fire knocked down. Overhaul in progress.,2023-03-03T02:05:04.139696+00:00
INC-20251021-004458,Jessica Benjamin,All occupants evacuated. Primary search complete.,2025-10-21T09:38:00.139696+00:00
INC-20251021-004458,Kelly Horn,Thermal imaging scan reveals no hidden hot spots.,2025-10-21T09:38:00.139696+00:00
INC-20251021-004458,Shelly Bell,Fire origin investigation underway.,2025-10-21T09:38:00.139696+00:00
INC-20251017-004460,Michael Tanner,Utilities secured. Gas and electric shutoff confirmed.,2025-10-17T08:40:25.139696+00:00
INC-20251017-004460,Cassie Lopez,Fire knocked down. Overhaul in progress.,2025-10-17T08:40:25.139696+00:00
INC-20250717-004461,Misty Allen,Initial size-up complete. Fire showing from second floor.,2025-07-18T00:11:57.139696+00:00
INC-20250717-004461,Hunter Collins,All occupants evacuated. Primary search complete.,2025-07-18T00:11:57.139696+00:00
INC-20250908-004462,Christopher Castro,Defensive operations established due to structural instability.,2025-09-08T06:40:30.139696+00:00
INC-20250908-004462,Kelly Robinson,Thermal imaging scan reveals no hidden hot spots.,2025-09-08T06:40:30.139696+00:00
INC-20250908-004462,Judy Benton,Fire origin investigation underway.,2025-09-08T06:40:30.139696+00:00
INC-20250831-004464,Micheal Baxter,Thermal imaging scan reveals no hidden hot spots.,2025-08-31T23:27:09.139696+00:00
INC-20250822-004465,Erica Chapman,All occupants evacuated. Primary search complete.,2025-08-22T07:44:30.139696+00:00
INC-20250822-004465,Audrey Williams,Thermal imaging scan reveals no hidden hot spots.,2025-08-22T07:44:30.139696+00:00
INC-20250811-004466,Jeff Johnson,Thermal imaging scan reveals no hidden hot spots.,2025-08-11T05:20:45.139696+00:00
INC-20251019-004467,Thomas Smith,Utilities secured. Gas and electric shutoff confirmed.,2025-10-19T19:03:23.139696+00:00
INC-20251019-004467,Robert Brown,Utilities secured. Gas and electric shutoff confirmed.,2025-10-19T19:03:23.139696+00:00
INC-20251019-004467,Cynthia Bryant,Ventilation operations completed on roof.,2025-10-19T19:03:23.139696+00:00
INC-20251022-004471,Brent Melendez,Utilities secured. Gas and electric shutoff confirmed.,2025-10-22T05:26:34.139696+00:00
INC-20251022-004471,Dr. Edward Mendez,Fire origin investigation underway.,2025-10-22T05:26:34.139696+00:00
INC-20250804-004472,Danielle Dougherty,Ventilation operations completed on roof.,2025-08-04T02:37:08.139696+00:00
INC-20250804-004472,Michelle Love,Defensive operations established due to structural instability.,2025-08-04T02:37:08.139696+00:00
INC-20250804-004472,Tyler Mercado,Utilities secured. Gas and electric shutoff confirmed.,2025-08-04T02:37:08.139696+00:00
INC-20221118-004474,Chelsea Levine,All occupants evacuated. Primary search complete.,2022-11-18T17:04:44.139696+00:00
INC-20221118-004474,Jason Franklin,Fire knocked down. Overhaul in progress.,2022-11-18T17:04:44.139696+00:00
INC-20250412-004476,Lindsay Rhodes,Initial size-up complete. Fire showing from second floor.,2025-04-12T02:48:46.139696+00:00
INC-20250412-004476,Carlos Everett,Initial size-up complete. Fire showing from second floor.,2025-04-12T02:48:46.139696+00:00
INC-20250412-004476,Nicholas Chase,All occupants evacuated. Primary search complete.,2025-04-12T02:48:46.139696+00:00
INC-20251020-004477,Jordan Bauer,Fire knocked down. Overhaul in progress.,2025-10-20T20:43:58.139696+00:00
INC-20251020-004477,Ashley Robinson,All occupants evacuated. Primary search complete.,2025-10-20T20:43:58.139696+00:00
INC-20251016-004478,Jacqueline Henry,Utilities secured. Gas and electric shutoff confirmed.,2025-10-16T20:01:42.139696+00:00
INC-20251016-004478,Martin Roberts,Thermal imaging scan reveals no hidden hot spots.,2025-10-16T20:01:42.139696+00:00
INC-20251016-004478,Mrs. Lauren House,All occupants evacuated. Primary search complete.,2025-10-16T20:01:42.139696+00:00
INC-20250603-004481,Christopher Reed,Fire origin investigation underway.,2025-06-03T13:01:46.139696+00:00
INC-20250405-004482,Michael Smith,Utilities secured. Gas and electric shutoff confirmed.,2025-04-05T05:17:22.139696+00:00
INC-20250322-004483,Taylor Murillo,All occupants evacuated. Primary search complete.,2025-03-22T11:42:08.139696+00:00
INC-20221210-004484,Brian Luna,All occupants evacuated. Primary search complete.,2022-12-10T20:53:01.139696+00:00
INC-20241026-004485,Carrie Blackburn,Utilities secured. Gas and electric shutoff confirmed.,2024-10-26T02:06:13.139696+00:00
INC-20250303-004487,Michael Collins,Fire knocked down. Overhaul in progress.,2025-03-03T15:36:42.139696+00:00
INC-20240129-004488,Joseph Crawford,Initial size-up complete. Fire showing from second floor.,2024-01-29T06:13:46.139696+00:00
INC-20240129-004488,Brian Johnson,Fire origin investigation underway.,2024-01-29T06:13:46.139696+00:00
INC-20240129-004488,Jennifer Gomez,All occupants evacuated. Primary search complete.,2024-01-29T06:13:46.139696+00:00
INC-20251014-004490,Peter Avila,Ventilation operations completed on roof.,2025-10-14T02:09:36.139696+00:00
INC-20251014-004490,Laura Jimenez,Fire knocked down. Overhaul in progress.,2025-10-14T02:09:36.139696+00:00
INC-20251014-004490,Christopher Williams,Fire knocked down. Overhaul in progress.,2025-10-14T02:09:36.139696+00:00
INC-20250831-004491,Traci Luna,Fire origin investigation underway.,2025-08-31T10:16:04.139696+00:00
INC-20251016-004492,Jason Reed,Fire knocked down. Overhaul in progress.,2025-10-16T02:25:50.139696+00:00
INC-20250619-004494,Sarah Davis,Thermal imaging scan reveals no hidden hot spots.,2025-06-19T16:02:20.139696+00:00
INC-20250113-004495,Alyssa Ramirez,Utilities secured. Gas and electric shutoff confirmed.,2025-01-13T02:31:04.139696+00:00
INC-20250113-004495,Kathy Klein,Thermal imaging scan reveals no hidden hot spots.,2025-01-13T02:31:04.139696+00:00
INC-20250113-004495,Lauren Simpson,Fire origin investigation underway.,2025-01-13T02:31:04.139696+00:00
INC-20231113-004496,Sean Wright,All occupants evacuated. Primary search complete.,2023-11-13T12:02:02.139696+00:00
INC-20250922-004500,Samantha Moore,Utilities secured. Gas and electric shutoff confirmed.,2025-09-22T22:32:54.139696+00:00
INC-20250922-004500,Pamela Kelly,Thermal imaging scan reveals no hidden hot spots.,2025-09-22T22:32:54.139696+00:00
INC-20250922-004500,Dr. Walter Mcguire,Defensive operations established due to structural instability.,2025-09-22T22:32:54.139696+00:00
INC-20240718-004501,Christine Merritt,Fire knocked down. Overhaul in progress.,2024-07-18T04:22:48.139696+00:00
INC-20240718-004501,Jessica Webb,Fire knocked down. Overhaul in progress.,2024-07-18T04:22:48.139696+00:00
INC-20250628-004502,Danny Knight,Thermal imaging scan reveals no hidden hot spots.,2025-06-28T13:44:43.139696+00:00
INC-20250628-004502,Stephen George,Utilities secured. Gas and electric shutoff confirmed.,2025-06-28T13:44:43.139696+00:00
INC-20250628-004502,Linda Martin,Defensive operations established due to structural instability.,2025-06-28T13:44:43.139696+00:00
INC-20250810-004503,Michael Tran,Ventilation operations completed on roof.,2025-08-10T07:48:43.139696+00:00
INC-20250810-004503,Nathan Martin,All occupants evacuated. Primary search complete.,2025-08-10T07:48:43.139696+00:00
INC-20250921-004504,Derrick Crawford,Initial size-up complete. Fire showing from second floor.,2025-09-21T11:04:06.139696+00:00
INC-20250921-004504,Amy Wright,All occupants evacuated. Primary search complete.,2025-09-21T11:04:06.139696+00:00
INC-20250921-004504,Danielle Johnson,Fire origin investigation underway.,2025-09-21T11:04:06.139696+00:00
INC-20250731-004508,Ashley Aguilar,Thermal imaging scan reveals no hidden hot spots.,2025-07-31T22:18:38.139696+00:00
INC-20250731-004508,Timothy Leonard,Thermal imaging scan reveals no hidden hot spots.,2025-07-31T22:18:38.139696+00:00
INC-20250612-004511,Brandon Rios,Thermal imaging scan reveals no hidden hot spots.,2025-06-12T15:02:55.139696+00:00
INC-20251012-004515,Joseph Huber,Fire knocked down. Overhaul in progress.,2025-10-12T07:33:34.139696+00:00
INC-20251012-004515,Heidi Woods,Defensive operations established due to structural instability.,2025-10-12T07:33:34.139696+00:00
INC-20251012-004515,Abigail Reyes,Fire knocked down. Overhaul in progress.,2025-10-12T07:33:34.139696+00:00
INC-20250923-004516,Ryan Gates,All occupants evacuated. Primary search complete.,2025-09-23T07:34:35.139696+00:00
INC-20250923-004516,Daryl Phelps,Fire origin investigation underway.,2025-09-23T07:34:35.139696+00:00
INC-20230908-004517,Allison Gordon,All occupants evacuated. Primary search complete.,2023-09-08T00:55:21.139696+00:00
INC-20230908-004517,Shannon Rodriguez,Fire origin investigation underway.,2023-09-08T00:55:21.139696+00:00
INC-20240901-004518,Angel Hines,Initial size-up complete. Fire showing from second floor.,2024-09-01T01:57:41.139696+00:00
INC-20250910-004519,Mary Gutierrez,Fire origin investigation underway.,2025-09-10T19:07:02.139696+00:00
INC-20250910-004519,Lisa Moreno,Ventilation operations completed on roof.,2025-09-10T19:07:02.139696+00:00
INC-20250910-004519,Jeff Sanchez,Fire origin investigation underway.,2025-09-10T19:07:02.139696+00:00
INC-20250814-004520,Jessica Richardson,Fire knocked down. Overhaul in progress.,2025-08-14T13:56:13.139696+00:00
INC-20250814-004520,Amy Adams,Fire knocked down. Overhaul in progress.,2025-08-14T13:56:13.139696+00:00
INC-20250814-004520,Patricia Mitchell,Initial size-up complete. Fire showing from second floor.,2025-08-14T13:56:13.139696+00:00
INC-20250904-004521,Katherine Walter,Initial size-up complete. Fire showing from second floor.,2025-09-04T01:15:33.139696+00:00
INC-20250904-004521,Sharon Gilbert,Initial size-up complete. Fire showing from second floor.,2025-09-04T01:15:33.139696+00:00
INC-20240401-004522,Samantha Smith,All occupants evacuated. Primary search complete.,2024-04-01T20:36:27.139696+00:00
INC-20250829-004523,Anita Tran,Fire origin investigation underway.,2025-08-29T14:10:13.139696+00:00
INC-20250829-004523,Jonathan Clark,Fire knocked down. Overhaul in progress.,2025-08-29T14:10:13.139696+00:00
INC-20251018-004525,Denise Mays,Initial size-up complete. Fire showing from second floor.,2025-10-18T09:53:49.139696+00:00
INC-20251018-004525,Vincent Snow,Ventilation operations completed on roof.,2025-10-18T09:53:49.139696+00:00
INC-20251018-004525,Miss Rebecca Dyer,Fire knocked down. Overhaul in progress.,2025-10-18T09:53:49.139696+00:00
INC-20250929-004526,Joshua Gonzales,Defensive operations established due to structural instability.,2025-09-29T01:16:58.139696+00:00
INC-20250929-004526,Matthew Chan,Thermal imaging scan reveals no hidden hot spots.,2025-09-29T01:16:58.139696+00:00
INC-20250929-004526,Danielle Martinez,Thermal imaging scan reveals no hidden hot spots.,2025-09-29T01:16:58.139696+00:00
INC-20250807-004527,Stephanie Kramer,Fire knocked down. Overhaul in progress.,2025-08-07T11:45:49.139696+00:00
INC-20250902-004529,Christine Russell,All occupants evacuated. Primary search complete.,2025-09-02T02:50:46.139696+00:00
INC-20250910-004531,April Smith,Utilities secured. Gas and electric shutoff confirmed.,2025-09-10T16:33:34.139696+00:00
INC-20250910-004531,Grace Briggs,Thermal imaging scan reveals no hidden hot spots.,2025-09-10T16:33:34.139696+00:00
INC-20250918-004532,Jennifer Parrish,Defensive operations established due to structural instability.,2025-09-18T17:50:28.139696+00:00
INC-20250918-004532,Dr. Danny Clark DDS,Thermal imaging scan reveals no hidden hot spots.,2025-09-18T17:50:28.139696+00:00
INC-20250806-004534,Kendra Bailey,Ventilation operations completed on roof.,2025-08-06T11:40:17.139696+00:00
INC-20250806-004534,Mrs. Denise Carter,Ventilation operations completed on roof.,2025-08-06T11:40:17.139696+00:00
INC-20250806-004534,Ms. Paula Rice,Ventilation operations completed on roof.,2025-08-06T11:40:17.139696+00:00
INC-20250722-004538,Heather Thompson,Initial size-up complete. Fire showing from second floor.,2025-07-22T04:23:59.139696+00:00
INC-20250722-004538,Kevin Benjamin,Ventilation operations completed on roof.,2025-07-22T04:23:59.139696+00:00
INC-20250911-004539,Toni Jefferson,Thermal imaging scan reveals no hidden hot spots.,2025-09-11T14:55:45.139696+00:00
INC-20250911-004539,Matthew Proctor,Fire knocked down. Overhaul in progress.,2025-09-11T14:55:45.139696+00:00
INC-20250911-004539,Daniel Nelson,Fire origin investigation underway.,2025-09-11T14:55:45.139696+00:00
INC-20250809-004540,Jacqueline Harris,Defensive operations established due to structural instability.,2025-08-09T10:18:51.139696+00:00
INC-20250809-004540,Cathy Martinez,Initial size-up complete. Fire showing from second floor.,2025-08-09T10:18:51.139696+00:00
INC-20250131-004541,Erin Dawson,Defensive operations established due to structural instability.,2025-01-31T13:15:46.139696+00:00
INC-20250131-004541,Alyssa Smith,Defensive operations established due to structural instability.,2025-01-31T13:15:46.139696+00:00
INC-20250830-004542,William Green,Thermal imaging scan reveals no hidden hot spots.,2025-08-30T05:51:21.139696+00:00
INC-20250905-004543,Thomas Perry,Initial size-up complete. Fire showing from second floor.,2025-09-05T10:32:17.139696+00:00
INC-20250905-004543,Mary Allen,Thermal imaging scan reveals no hidden hot spots.,2025-09-05T10:32:17.139696+00:00
INC-20250921-004547,Sandra Garcia,Ventilation operations completed on roof.,2025-09-21T21:12:22.139696+00:00
INC-20250921-004547,Kevin Burnett,Utilities secured. Gas and electric shutoff confirmed.,2025-09-21T21:12:22.139696+00:00
INC-20250911-004548,Timothy Li,Initial size-up complete. Fire showing from second floor.,2025-09-11T10:07:39.139696+00:00
INC-20240702-004554,Eric Smith,Initial size-up complete. Fire showing from second floor.,2024-07-02T05:39:34.139696+00:00
INC-20240702-004554,Sarah Carrillo,Initial size-up complete. Fire showing from second floor.,2024-07-02T05:39:34.139696+00:00
INC-20240702-004554,Eugene Beard,Utilities secured. Gas and electric shutoff confirmed.,2024-07-02T05:39:34.139696+00:00
INC-20250919-004555,Jordan Donaldson,Ventilation operations completed on roof.,2025-09-19T10:28:17.139696+00:00
INC-20250919-004555,Carolyn Clark,Defensive operations established due to structural instability.,2025-09-19T10:28:17.139696+00:00
INC-20250811-004556,Rachel Mendoza,Thermal imaging scan reveals no hidden hot spots.,2025-08-11T09:38:12.139696+00:00
INC-20250811-004556,Eric Lopez,Fire origin investigation underway.,2025-08-11T09:38:12.139696+00:00
INC-20250811-004556,David Hernandez,Utilities secured. Gas and electric shutoff confirmed.,2025-08-11T09:38:12.139696+00:00
INC-20251018-004559,Cynthia Phillips,Defensive operations established due to structural instability.,2025-10-18T04:02:04.139696+00:00
INC-20251018-004559,Jessica Martin,Utilities secured. Gas and electric shutoff confirmed.,2025-10-18T04:02:04.139696+00:00
INC-20251018-004559,Gabriel Palmer,Utilities secured. Gas and electric shutoff confirmed.,2025-10-18T04:02:04.139696+00:00
INC-20240110-004560,Marie Hubbard,Initial size-up complete. Fire showing from second floor.,2024-01-10T19:05:39.139696+00:00
INC-20250115-004563,Anthony Rogers,Thermal imaging scan reveals no hidden hot spots.,2025-01-15T12:27:44.139696+00:00
INC-20250115-004563,Jessica Solis,Initial size-up complete. Fire showing from second floor.,2025-01-15T12:27:44.139696+00:00
INC-20250923-004567,Susan Espinoza,Utilities secured. Gas and electric shutoff confirmed.,2025-09-23T20:08:58.139696+00:00
INC-20250923-004567,Nicholas Jones,Utilities secured. Gas and electric shutoff confirmed.,2025-09-23T20:08:58.139696+00:00
INC-20250425-004571,Cathy Vasquez,Utilities secured. Gas and electric shutoff confirmed.,2025-04-25T10:53:57.139696+00:00
INC-20250425-004571,Matthew Williams,Utilities secured. Gas and electric shutoff confirmed.,2025-04-25T10:53:57.139696+00:00
INC-20250929-004577,Patricia Ray,Fire knocked down. Overhaul in progress.,2025-09-29T06:40:36.139696+00:00
INC-20250929-004577,Ian Drake,Fire origin investigation underway.,2025-09-29T06:40:36.139696+00:00
INC-20250822-004579,Michael Joyce,Defensive operations established due to structural instability.,2025-08-23T00:14:10.139696+00:00
INC-20250907-004580,Arthur Brown,Fire origin investigation underway.,2025-09-07T20:04:23.139696+00:00
INC-20250907-004580,Jason James,Fire knocked down. Overhaul in progress.,2025-09-07T20:04:23.139696+00:00
INC-20250907-004580,Steven Hernandez,All occupants evacuated. Primary search complete.,2025-09-07T20:04:23.139696+00:00
INC-20251002-004581,Christopher Sanders,Ventilation operations completed on roof.,2025-10-02T19:28:06.139696+00:00
INC-20251002-004581,Shelley Figueroa,All occupants evacuated. Primary search complete.,2025-10-02T19:28:06.139696+00:00
INC-20240921-004582,Jessica Jones,All occupants evacuated. Primary search complete.,2024-09-21T17:43:49.139696+00:00
INC-20240921-004582,Robert Little,Ventilation operations completed on roof.,2024-09-21T17:43:49.139696+00:00
INC-20250829-004583,Gabrielle Kemp,Thermal imaging scan reveals no hidden hot spots.,2025-08-29T01:16:40.139696+00:00
INC-20250829-004583,Ariana Hebert,Initial size-up complete. Fire showing from second floor.,2025-08-29T01:16:40.139696+00:00
INC-20250829-004583,Mark Sloan MD,Initial size-up complete. Fire showing from second floor.,2025-08-29T01:16:40.139696+00:00
INC-20250917-004584,Joseph Clark,Ventilation operations completed on roof.,2025-09-17T06:31:51.139696+00:00
INC-20250502-004585,Richard Hansen,Defensive operations established due to structural instability.,2025-05-02T07:39:08.139696+00:00
INC-20250502-004585,Joshua Hamilton,Fire knocked down. Overhaul in progress.,2025-05-02T07:39:08.139696+00:00
INC-20230330-004586,Kerry Espinoza,Fire knocked down. Overhaul in progress.,2023-03-30T02:43:04.139696+00:00
INC-20250819-004588,Donna Dean,Defensive operations established due to structural instability.,2025-08-19T06:47:43.139696+00:00
INC-20250912-004591,Connie Gardner,All occupants evacuated. Primary search complete.,2025-09-12T21:49:45.139696+00:00
INC-20251001-004592,Cynthia Anderson,Fire knocked down. Overhaul in progress.,2025-10-01T17:49:13.139696+00:00
INC-20251001-004592,Julian Patton,Ventilation operations completed on roof.,2025-10-01T17:49:13.139696+00:00
INC-20250819-004593,Sarah Perez DDS,Ventilation operations completed on roof.,2025-08-19T07:48:09.139696+00:00
INC-20250819-004593,Kristen White,All occupants evacuated. Primary search complete.,2025-08-19T07:48:09.139696+00:00
INC-20250819-004593,Tiffany Chavez,Fire knocked down. Overhaul in progress.,2025-08-19T07:48:09.139696+00:00
INC-20250518-004596,Jeffery Clements,Ventilation operations completed on roof.,2025-05-18T04:57:20.139696+00:00
INC-20251015-004599,Regina Giles,Fire origin investigation underway.,2025-10-15T03:18:14.139696+00:00
INC-20240504-004601,Katrina Lawson,Utilities secured. Gas and electric shutoff confirmed.,2024-05-04T07:28:32.139696+00:00
INC-20240504-004601,Brittney Ward,Thermal imaging scan reveals no hidden hot spots.,2024-05-04T07:28:32.139696+00:00
INC-20250909-004602,Sean Hart,Thermal imaging scan reveals no hidden hot spots.,2025-09-09T15:39:36.139696+00:00
INC-20250909-004602,Teresa Black,Initial size-up complete. Fire showing from second floor.,2025-09-09T15:39:36.139696+00:00
INC-20250909-004602,Brett Russell,Ventilation operations completed on roof.,2025-09-09T15:39:36.139696+00:00
INC-20251003-004604,Jamie Bennett,Fire knocked down. Overhaul in progress.,2025-10-03T17:40:12.139696+00:00
INC-20251003-004604,Maria Larson,Initial size-up complete. Fire showing from second floor.,2025-10-03T17:40:12.139696+00:00
INC-20250805-004605,Seth Kelly,Defensive operations established due to structural instability.,2025-08-05T08:01:22.139696+00:00
INC-20240624-004607,Heidi Jimenez,Ventilation operations completed on roof.,2024-06-24T14:06:41.139696+00:00
INC-20240624-004607,Haley Nguyen,Defensive operations established due to structural instability.,2024-06-24T14:06:41.139696+00:00
INC-20250428-004609,Karen Rogers,Thermal imaging scan reveals no hidden hot spots.,2025-04-28T09:12:54.139696+00:00
INC-20250428-004609,Ashley Wood,Thermal imaging scan reveals no hidden hot spots.,2025-04-28T09:12:54.139696+00:00
INC-20250428-004609,Robert Cummings,Ventilation operations completed on roof.,2025-04-28T09:12:54.139696+00:00
INC-20250803-004611,Steven Hamilton,Initial size-up complete. Fire showing from second floor.,2025-08-03T04:44:05.139696+00:00
INC-20250803-004611,Cody Marshall,Fire origin investigation underway.,2025-08-03T04:44:05.139696+00:00
INC-20250810-004612,Stephanie Wright,Initial size-up complete. Fire showing from second floor.,2025-08-10T13:23:02.139696+00:00
INC-20250810-004612,Dr. James Good,Defensive operations established due to structural instability.,2025-08-10T13:23:02.139696+00:00
INC-20250725-004614,Kenneth Johnson,Ventilation operations completed on roof.,2025-07-25T08:28:34.139696+00:00
INC-20250725-004614,Tammy Patrick,All occupants evacuated. Primary search complete.,2025-07-25T08:28:34.139696+00:00
INC-20250725-004614,Keith Norman,Initial size-up complete. Fire showing from second floor.,2025-07-25T08:28:34.139696+00:00
INC-20250825-004615,Jessica Williamson,Defensive operations established due to structural instability.,2025-08-25T13:48:15.139696+00:00
INC-20250825-004615,David Padilla,Fire origin investigation underway.,2025-08-25T13:48:15.139696+00:00
INC-20250825-004615,Steven Giles,Initial size-up complete. Fire showing from second floor.,2025-08-25T13:48:15.139696+00:00
INC-20250725-004616,Michael Mills,Ventilation operations completed on roof.,2025-07-25T21:45:34.139696+00:00
INC-20250725-004616,Jennifer Brown,Fire origin investigation underway.,2025-07-25T21:45:34.139696+00:00
INC-20250725-004616,Heather Simmons,Fire knocked down. Overhaul in progress.,2025-07-25T21:45:34.139696+00:00
INC-20250805-004617,Nicole Payne,Fire knocked down. Overhaul in progress.,2025-08-05T19:09:03.139696+00:00
INC-20250805-004617,Aaron Waters,Thermal imaging scan reveals no hidden hot spots.,2025-08-05T19:09:03.139696+00:00
INC-20250805-004617,Misty Fry,All occupants evacuated. Primary search complete.,2025-08-05T19:09:03.139696+00:00
INC-20250909-004619,Natasha Cox,Fire origin investigation underway.,2025-09-09T21:43:48.139696+00:00
INC-20250909-004619,Thomas Edwards,Utilities secured. Gas and electric shutoff confirmed.,2025-09-09T21:43:48.139696+00:00
INC-20250108-004622,William Hernandez,Ventilation operations completed on roof.,2025-01-08T10:09:50.139696+00:00
INC-20250815-004623,Gregory Smith,Utilities secured. Gas and electric shutoff confirmed.,2025-08-15T15:16:45.139696+00:00
INC-20250815-004623,Jennifer Johnson,Initial size-up complete. Fire showing from second floor.,2025-08-15T15:16:45.139696+00:00
INC-20250815-004623,Paige Carlson,Initial size-up complete. Fire showing from second floor.,2025-08-15T15:16:45.139696+00:00
INC-20250820-004624,Logan Armstrong,Initial size-up complete. Fire showing from second floor.,2025-08-20T19:10:13.139696+00:00
INC-20250820-004624,Robert Wade,Fire knocked down. Overhaul in progress.,2025-08-20T19:10:13.139696+00:00
INC-20250709-004625,David Parks,Ventilation operations completed on roof.,2025-07-09T07:11:12.139696+00:00
INC-20221026-004626,Michelle Nichols,Ventilation operations completed on roof.,2022-10-26T23:11:04.139696+00:00
INC-20221026-004626,Kenneth Elliott,All occupants evacuated. Primary search complete.,2022-10-26T23:11:04.139696+00:00
INC-20251011-004633,Wendy Avila,Fire origin investigation underway.,2025-10-11T15:38:05.139696+00:00
INC-20251011-004633,Carolyn Acosta,Ventilation operations completed on roof.,2025-10-11T15:38:05.139696+00:00
INC-20251011-004633,Michelle Jones,Initial size-up complete. Fire showing from second floor.,2025-10-11T15:38:05.139696+00:00
INC-20250915-004634,Heather Richardson,All occupants evacuated. Primary search complete.,2025-09-15T16:24:39.139696+00:00
INC-20250915-004634,Elizabeth Cabrera,Fire knocked down. Overhaul in progress.,2025-09-15T16:24:39.139696+00:00
INC-20241223-004635,Charles Lewis,Initial size-up complete. Fire showing from second floor.,2024-12-23T13:03:06.139696+00:00
INC-20241223-004635,Carmen Washington,All occupants evacuated. Primary search complete.,2024-12-23T13:03:06.139696+00:00
INC-20241223-004635,Christopher Rosales,Utilities secured. Gas and electric shutoff confirmed.,2024-12-23T13:03:06.139696+00:00
INC-20250827-004637,Arthur Bush,Ventilation operations completed on roof.,2025-08-27T21:27:19.139696+00:00
INC-20250919-004638,Antonio Cohen,Fire knocked down. Overhaul in progress.,2025-09-19T02:45:33.139696+00:00
INC-20230813-004642,Tiffany Gonzales,Defensive operations established due to structural instability.,2023-08-13T13:00:21.139696+00:00
INC-20230813-004642,Brandon Arellano,Utilities secured. Gas and electric shutoff confirmed.,2023-08-13T13:00:21.139696+00:00
INC-20230813-004642,Amy Floyd,Thermal imaging scan reveals no hidden hot spots.,2023-08-13T13:00:21.139696+00:00
INC-20241229-004643,Emily Miller DVM,Utilities secured. Gas and electric shutoff confirmed.,2024-12-29T19:49:38.139696+00:00
INC-20250910-004644,Roger Harrison,Fire origin investigation underway.,2025-09-10T05:47:00.139696+00:00
INC-20250910-004644,Holly Wilkins,Initial size-up complete. Fire showing from second floor.,2025-09-10T05:47:00.139696+00:00
INC-20250910-004644,Catherine Robertson,Ventilation operations completed on roof.,2025-09-10T05:47:00.139696+00:00
INC-20251003-004645,Christopher Johns,Ventilation operations completed on roof.,2025-10-03T07:47:01.139696+00:00
INC-20250816-004648,Louis Walker,Fire knocked down. Overhaul in progress.,2025-08-16T16:42:37.139696+00:00
INC-20250716-004650,John Henry,Ventilation operations completed on roof.,2025-07-16T02:55:07.139696+00:00
INC-20250716-004650,Lindsay Hebert,Ventilation operations completed on roof.,2025-07-16T02:55:07.139696+00:00
INC-20250716-004650,Nicole Robinson,Fire origin investigation underway.,2025-07-16T02:55:07.139696+00:00
INC-20250725-004651,Janet Barajas,Initial size-up complete. Fire showing from second floor.,2025-07-25T16:33:14.139696+00:00
INC-20250725-004651,James Rios,Fire origin investigation underway.,2025-07-25T16:33:14.139696+00:00
INC-20250725-004651,Steven Hinton,Fire knocked down. Overhaul in progress.,2025-07-25T16:33:14.139696+00:00
INC-20250802-004652,Michael Cox,Thermal imaging scan reveals no hidden hot spots.,2025-08-02T10:18:45.139696+00:00
INC-20250802-004652,Daniel Howard,All occupants evacuated. Primary search complete.,2025-08-02T10:18:45.139696+00:00
INC-20250802-004652,Amanda Crosby,Fire knocked down. Overhaul in progress.,2025-08-02T10:18:45.139696+00:00
INC-20250928-004655,David West,Fire knocked down. Overhaul in progress.,2025-09-28T00:41:12.139696+00:00
INC-20250928-004655,Michael Gomez,Ventilation operations completed on roof.,2025-09-28T00:41:12.139696+00:00
INC-20250928-004655,Tiffany Joseph,Thermal imaging scan reveals no hidden hot spots.,2025-09-28T00:41:12.139696+00:00
INC-20230119-004658,Rebecca Good,Fire knocked down. Overhaul in progress.,2023-01-19T05:52:06.139696+00:00
INC-20230119-004658,Susan Leblanc,Thermal imaging scan reveals no hidden hot spots.,2023-01-19T05:52:06.139696+00:00
INC-20250825-004659,Angela Fischer,Thermal imaging scan reveals no hidden hot spots.,2025-08-25T20:46:04.139696+00:00
INC-20250825-004659,Johnathan Tran,Thermal imaging scan reveals no hidden hot spots.,2025-08-25T20:46:04.139696+00:00
INC-20250825-004659,Michael Pineda,Thermal imaging scan reveals no hidden hot spots.,2025-08-25T20:46:04.139696+00:00
INC-20250810-004664,Matthew Daugherty,Thermal imaging scan reveals no hidden hot spots.,2025-08-10T21:34:28.139696+00:00
INC-20250816-004666,Brenda Hunt,Initial size-up complete. Fire showing from second floor.,2025-08-16T22:08:54.139696+00:00
INC-20250816-004666,Laura Obrien,Fire knocked down. Overhaul in progress.,2025-08-16T22:08:54.139696+00:00
INC-20250816-004666,Kelly Perez,Fire origin investigation underway.,2025-08-16T22:08:54.139696+00:00
INC-20250819-004668,Blake Glass,Utilities secured. Gas and electric shutoff confirmed.,2025-08-19T08:21:38.139696+00:00
INC-20250728-004669,Victor Ford,Utilities secured. Gas and electric shutoff confirmed.,2025-07-28T05:53:21.139696+00:00
INC-20250728-004669,Brian Tran,Ventilation operations completed on roof.,2025-07-28T05:53:21.139696+00:00
INC-20250728-004669,Heather Collier DVM,Utilities secured. Gas and electric shutoff confirmed.,2025-07-28T05:53:21.139696+00:00
INC-20251012-004670,Gerald Clark,Utilities secured. Gas and electric shutoff confirmed.,2025-10-12T05:08:50.139696+00:00
INC-20251020-004671,Albert Evans,Utilities secured. Gas and electric shutoff confirmed.,2025-10-20T01:14:51.139696+00:00
INC-20251020-004671,Zachary Cooper,Fire knocked down. Overhaul in progress.,2025-10-20T01:14:51.139696+00:00
INC-20250922-004672,John Ford,Fire knocked down. Overhaul in progress.,2025-09-22T20:23:14.139696+00:00
INC-20250922-004672,Robert Cunningham,Utilities secured. Gas and electric shutoff confirmed.,2025-09-22T20:23:14.139696+00:00
INC-20250929-004673,Michael Oliver,Initial size-up complete. Fire showing from second floor.,2025-09-29T20:38:24.139696+00:00
INC-20250929-004673,Terry White,All occupants evacuated. Primary search complete.,2025-09-29T20:38:24.139696+00:00
INC-20241031-004677,Anthony Glover,Thermal imaging scan reveals no hidden hot spots.,2024-10-31T00:58:10.139696+00:00
INC-20250922-004678,Shaun Mason,All occupants evacuated. Primary search complete.,2025-09-22T16:11:32.139696+00:00
INC-20250922-004678,Victor Romero,Utilities secured. Gas and electric shutoff confirmed.,2025-09-22T16:11:32.139696+00:00
INC-20250913-004680,Helen Walker,Fire origin investigation underway.,2025-09-13T04:53:35.139696+00:00
INC-20250814-004682,Cory Davis,Fire origin investigation underway.,2025-08-14T11:15:46.139696+00:00
INC-20250814-004682,Nicholas Scott,Utilities secured. Gas and electric shutoff confirmed.,2025-08-14T11:15:46.139696+00:00
INC-20250930-004683,Rachel Wagner,Utilities secured. Gas and electric shutoff confirmed.,2025-09-30T14:42:27.139696+00:00
INC-20250930-004683,Jason Porter,Initial size-up complete. Fire showing from second floor.,2025-09-30T14:42:27.139696+00:00
INC-20250930-004683,Carl Combs,Initial size-up complete. Fire showing from second floor.,2025-09-30T14:42:27.139696+00:00
INC-20250828-004684,Anthony Figueroa,Fire origin investigation underway.,2025-08-28T10:32:54.139696+00:00
INC-20250828-004684,Ryan Cox,Ventilation operations completed on roof.,2025-08-28T10:32:54.139696+00:00
INC-20250827-004685,Laura Reed,Fire knocked down. Overhaul in progress.,2025-08-27T13:24:36.139696+00:00
INC-20250915-004687,Matthew Pierce,Ventilation operations completed on roof.,2025-09-15T13:06:29.139696+00:00
INC-20250524-004689,Calvin Thomas,Fire knocked down. Overhaul in progress.,2025-05-24T02:23:27.139696+00:00
INC-20250524-004689,Phillip Burns,Utilities secured. Gas and electric shutoff confirmed.,2025-05-24T02:23:27.139696+00:00
INC-20250524-004689,Sandra Parker,Defensive operations established due to structural instability.,2025-05-24T02:23:27.139696+00:00
INC-20250305-004691,Jason Gibson,Utilities secured. Gas and electric shutoff confirmed.,2025-03-05T04:38:01.139696+00:00
INC-20250809-004692,Joseph King,Utilities secured. Gas and electric shutoff confirmed.,2025-08-09T14:26:11.139696+00:00
INC-20250809-004692,Cathy Welch,Utilities secured. Gas and electric shutoff confirmed.,2025-08-09T14:26:11.139696+00:00
INC-20250807-004694,Sandra Jones,Fire origin investigation underway.,2025-08-07T18:25:44.139696+00:00
INC-20250807-004694,Paul Owens,All occupants evacuated. Primary search complete.,2025-08-07T18:25:44.139696+00:00
INC-20251014-004697,Robert Dean,Defensive operations established due to structural instability.,2025-10-14T14:17:49.139696+00:00
INC-20250804-004698,Kayla Smith,Utilities secured. Gas and electric shutoff confirmed.,2025-08-04T08:45:57.139696+00:00
INC-20250804-004698,Linda Buckley,Defensive operations established due to structural instability.,2025-08-04T08:45:57.139696+00:00
INC-20250730-004699,Sara Parker,Thermal imaging scan reveals no hidden hot spots.,2025-07-30T00:55:24.139696+00:00
INC-20250730-004699,Hannah Gonzalez,Fire knocked down. Overhaul in progress.,2025-07-30T00:55:24.139696+00:00
INC-20250908-004701,Tara George,Ventilation operations completed on roof.,2025-09-08T04:22:08.139696+00:00
INC-20250807-004705,Alan Schneider,Fire origin investigation underway.,2025-08-07T08:07:35.139696+00:00
INC-20250807-004705,Joshua Jackson,Fire origin investigation underway.,2025-08-07T08:07:35.139696+00:00
INC-20250807-004705,Jessica Randolph,Thermal imaging scan reveals no hidden hot spots.,2025-08-07T08:07:35.139696+00:00
INC-20250128-004708,Jessica Osborne,Utilities secured. Gas and electric shutoff confirmed.,2025-01-28T04:31:10.139696+00:00
INC-20241204-004709,Jillian Anderson,Ventilation operations completed on roof.,2024-12-04T11:30:50.139696+00:00
INC-20250927-004711,Laura Hamilton,Thermal imaging scan reveals no hidden hot spots.,2025-09-27T18:06:20.139696+00:00
INC-20250927-004711,Robert Walsh,Utilities secured. Gas and electric shutoff confirmed.,2025-09-27T18:06:20.139696+00:00
INC-20250922-004715,Eduardo James,Utilities secured. Gas and electric shutoff confirmed.,2025-09-22T12:07:32.139696+00:00
INC-20250922-004715,Nina Harris,All occupants evacuated. Primary search complete.,2025-09-22T12:07:32.139696+00:00
INC-20250922-004715,Wendy Stone,Fire knocked down. Overhaul in progress.,2025-09-22T12:07:32.139696+00:00
INC-20250810-004717,Kayla Cunningham,Thermal imaging scan reveals no hidden hot spots.,2025-08-10T23:00:27.139696+00:00
INC-20250811-004719,Lindsey Norman,Defensive operations established due to structural instability.,2025-08-11T21:34:45.139696+00:00
INC-20241216-004720,Catherine Morse,Thermal imaging scan reveals no hidden hot spots.,2024-12-16T17:30:54.139696+00:00
INC-20241216-004720,Anthony King,Thermal imaging scan reveals no hidden hot spots.,2024-12-16T17:30:54.139696+00:00
INC-20241216-004720,Joseph Bailey,Utilities secured. Gas and electric shutoff confirmed.,2024-12-16T17:30:54.139696+00:00
INC-20250924-004721,Samantha Hall,Fire origin investigation underway.,2025-09-24T13:03:03.139696+00:00
INC-20240916-004722,Teresa Sandoval,All occupants evacuated. Primary search complete.,2024-09-16T21:15:31.139696+00:00
INC-20240916-004722,John Welch,All occupants evacuated. Primary search complete.,2024-09-16T21:15:31.139696+00:00
INC-20250828-004723,Kimberly Williams,All occupants evacuated. Primary search complete.,2025-08-28T17:12:54.139696+00:00
INC-20250828-004723,John Sanchez Jr.,Ventilation operations completed on roof.,2025-08-28T17:12:54.139696+00:00
INC-20250828-004723,Mrs. Danielle Norman,Fire knocked down. Overhaul in progress.,2025-08-28T17:12:54.139696+00:00
INC-20250728-004724,Cory Rowe,Ventilation operations completed on roof.,2025-07-28T04:28:08.139696+00:00
INC-20250728-004724,Caitlin Cook,Fire origin investigation underway.,2025-07-28T04:28:08.139696+00:00
INC-20250728-004724,Jose Stephens,Thermal imaging scan reveals no hidden hot spots.,2025-07-28T04:28:08.139696+00:00
INC-20251009-004725,Steven Sanchez,All occupants evacuated. Primary search complete.,2025-10-09T13:29:03.139696+00:00
INC-20251009-004725,Nicholas Rice,All occupants evacuated. Primary search complete.,2025-10-09T13:29:03.139696+00:00
INC-20251003-004726,Karen Gonzalez,All occupants evacuated. Primary search complete.,2025-10-03T22:07:42.139696+00:00
INC-20251006-004728,James Dean,Fire knocked down. Overhaul in progress.,2025-10-06T15:32:09.139696+00:00
INC-20250219-004730,Jesse Weaver,Ventilation operations completed on roof.,2025-02-19T00:44:17.139696+00:00
INC-20250219-004730,Misty Gutierrez,Defensive operations established due to structural instability.,2025-02-19T00:44:17.139696+00:00
INC-20250219-004730,Thomas Davidson,Thermal imaging scan reveals no hidden hot spots.,2025-02-19T00:44:17.139696+00:00
INC-20250906-004731,Amanda Gutierrez,Initial size-up complete. Fire showing from second floor.,2025-09-06T17:00:51.139696+00:00
INC-20250906-004731,Cynthia Ruiz,Initial size-up complete. Fire showing from second floor.,2025-09-06T17:00:51.139696+00:00
INC-20240430-004733,Kathy Deleon,Defensive operations established due to structural instability.,2024-04-30T09:35:46.139696+00:00
INC-20240430-004733,Kristin Johnson,Initial size-up complete. Fire showing from second floor.,2024-04-30T09:35:46.139696+00:00
INC-20230410-004735,Donna Rogers,Utilities secured. Gas and electric shutoff confirmed.,2023-04-10T04:49:06.139696+00:00
INC-20250927-004736,Angela Ross,All occupants evacuated. Primary search complete.,2025-09-27T06:00:14.139696+00:00
INC-20250327-004737,Suzanne Roberts,Ventilation operations completed on roof.,2025-03-27T15:49:10.139696+00:00
INC-20250926-004738,Mrs. Mary Wallace,Ventilation operations completed on roof.,2025-09-26T02:46:11.139696+00:00
INC-20250926-004738,Daniel Watson,All occupants evacuated. Primary search complete.,2025-09-26T02:46:11.139696+00:00
INC-20250926-004738,Rachel Cortez,Defensive operations established due to structural instability.,2025-09-26T02:46:11.139696+00:00
INC-20250817-004740,Amanda Dougherty,Fire origin investigation underway.,2025-08-17T19:31:30.139696+00:00
INC-20250817-004740,Tyler Robinson,Thermal imaging scan reveals no hidden hot spots.,2025-08-17T19:31:30.139696+00:00
INC-20250817-004740,Thomas Washington,Utilities secured. Gas and electric shutoff confirmed.,2025-08-17T19:31:30.139696+00:00
INC-20231123-004742,Kyle Nguyen,Utilities secured. Gas and electric shutoff confirmed.,2023-11-23T22:53:43.139696+00:00
INC-20231123-004742,Julian Ross,All occupants evacuated. Primary search complete.,2023-11-23T22:53:43.139696+00:00
INC-20231123-004742,Megan Jones,Fire origin investigation underway.,2023-11-23T22:53:43.139696+00:00
INC-20250906-004744,Ricardo Anderson,All occupants evacuated. Primary search complete.,2025-09-06T05:01:39.139696+00:00
INC-20250906-004744,Dana Brown,All occupants evacuated. Primary search complete.,2025-09-06T05:01:39.139696+00:00
INC-20250906-004744,Jacob Mcclure,Thermal imaging scan reveals no hidden hot spots.,2025-09-06T05:01:39.139696+00:00
INC-20250914-004746,Bradley King,Utilities secured. Gas and electric shutoff confirmed.,2025-09-14T23:23:45.139696+00:00
INC-20250914-004746,Tammy Dominguez,Defensive operations established due to structural instability.,2025-09-14T23:23:45.139696+00:00
INC-20250726-004747,John Lutz,Ventilation operations completed on roof.,2025-07-26T21:45:37.139696+00:00
INC-20251003-004750,Laura Brown,Ventilation operations completed on roof.,2025-10-03T05:40:53.139696+00:00
INC-20241216-004751,Nathaniel Gonzalez,All occupants evacuated. Primary search complete.,2024-12-16T15:27:55.139696+00:00
INC-20241216-004751,Miss Teresa Powell,Fire origin investigation underway.,2024-12-16T15:27:55.139696+00:00
INC-20241216-004751,Lori Wolf,Thermal imaging scan reveals no hidden hot spots.,2024-12-16T15:27:55.139696+00:00
INC-20250828-004752,Tanner Anderson,Defensive operations established due to structural instability.,2025-08-28T20:50:44.139696+00:00
INC-20250828-004752,Gail Griffin,Ventilation operations completed on roof.,2025-08-28T20:50:44.139696+00:00
INC-20250828-004752,Joshua Rojas,Initial size-up complete. Fire showing from second floor.,2025-08-28T20:50:44.139696+00:00
INC-20250406-004754,Jeffrey Wilson,Defensive operations established due to structural instability.,2025-04-06T00:39:08.139696+00:00
INC-20250406-004754,Joseph Jones,Fire knocked down. Overhaul in progress.,2025-04-06T00:39:08.139696+00:00
INC-20250102-004756,Gregory Jenkins,Ventilation operations completed on roof.,2025-01-02T05:37:49.139696+00:00
INC-20250819-004759,Ray Moses,Initial size-up complete. Fire showing from second floor.,2025-08-19T02:04:23.139696+00:00
INC-20250819-004759,Melvin Dodson,Ventilation operations completed on roof.,2025-08-19T02:04:23.139696+00:00
INC-20250912-004760,Robert Smith,Utilities secured. Gas and electric shutoff confirmed.,2025-09-12T15:28:34.139696+00:00
INC-20250912-004760,Keith Simmons,Initial size-up complete. Fire showing from second floor.,2025-09-12T15:28:34.139696+00:00
INC-20240220-004761,Margaret Ramirez,Ventilation operations completed on roof.,2024-02-20T15:27:46.139696+00:00
INC-20250730-004763,Jacob Osborne,Fire knocked down. Overhaul in progress.,2025-07-30T22:54:59.139696+00:00
INC-20250730-004763,Roger Payne,Defensive operations established due to structural instability.,2025-07-30T22:54:59.139696+00:00
INC-20250730-004763,Stephanie Buchanan,Initial size-up complete. Fire showing from second floor.,2025-07-30T22:54:59.139696+00:00
INC-20250914-004764,Emily Price,Fire origin investigation underway.,2025-09-14T12:38:01.139696+00:00
INC-20250914-004764,James Vasquez,Utilities secured. Gas and electric shutoff confirmed.,2025-09-14T12:38:01.139696+00:00
INC-20251011-004766,Christopher Bowen,Fire origin investigation underway.,2025-10-11T13:39:32.139696+00:00
INC-20231207-004768,Taylor Patton,Initial size-up complete. Fire showing from second floor.,2023-12-07T20:05:25.139696+00:00
INC-20231207-004768,Tammy Rosario,All occupants evacuated. Primary search complete.,2023-12-07T20:05:25.139696+00:00
INC-20231207-004768,Devin Boyd,Defensive operations established due to structural instability.,2023-12-07T20:05:25.139696+00:00
INC-20250819-004769,Willie Williams,Defensive operations established due to structural instability.,2025-08-19T16:10:10.139696+00:00
INC-20250819-004769,Tony Rodriguez,Defensive operations established due to structural instability.,2025-08-19T16:10:10.139696+00:00
INC-20250705-004770,Cynthia Graves,Thermal imaging scan reveals no hidden hot spots.,2025-07-05T07:29:33.139696+00:00
INC-20250705-004770,Sarah Henry,Ventilation operations completed on roof.,2025-07-05T07:29:33.139696+00:00
INC-20250705-004770,Jeffrey Aguilar,Fire origin investigation underway.,2025-07-05T07:29:33.139696+00:00
INC-20251017-004771,Robert Hatfield,Defensive operations established due to structural instability.,2025-10-18T00:04:27.139696+00:00
INC-20251017-004771,Regina Baxter,Thermal imaging scan reveals no hidden hot spots.,2025-10-18T00:04:27.139696+00:00
INC-20251017-004771,Angela Olson,Fire origin investigation underway.,2025-10-18T00:04:27.139696+00:00
INC-20250927-004772,Donna Ibarra,Initial size-up complete. Fire showing from second floor.,2025-09-27T14:44:27.139696+00:00
INC-20250927-004772,Nathan Richardson,All occupants evacuated. Primary search complete.,2025-09-27T14:44:27.139696+00:00
INC-20250906-004775,Benjamin Dixon,Defensive operations established due to structural instability.,2025-09-06T10:16:14.139696+00:00
INC-20250906-004775,Tammy Griffin,All occupants evacuated. Primary search complete.,2025-09-06T10:16:14.139696+00:00
INC-20251008-004776,Jennifer Meyers,Defensive operations established due to structural instability.,2025-10-08T05:36:43.139696+00:00
INC-20251008-004776,April Bryant,Utilities secured. Gas and electric shutoff confirmed.,2025-10-08T05:36:43.139696+00:00
INC-20241204-004777,Trevor Morton,Ventilation operations completed on roof.,2024-12-04T00:36:15.139696+00:00
INC-20241204-004777,Molly Navarro,Defensive operations established due to structural instability.,2024-12-04T00:36:15.139696+00:00
INC-20250906-004779,Lauren Baker,Fire origin investigation underway.,2025-09-06T09:18:35.139696+00:00
INC-20240126-004780,Angelica Cannon,Utilities secured. Gas and electric shutoff confirmed.,2024-01-26T12:53:34.139696+00:00
INC-20240126-004780,Dale Cruz,Utilities secured. Gas and electric shutoff confirmed.,2024-01-26T12:53:34.139696+00:00
INC-20240126-004780,Jessica Carpenter,Defensive operations established due to structural instability.,2024-01-26T12:53:34.139696+00:00
INC-20251006-004781,Tina Williams,Ventilation operations completed on roof.,2025-10-06T19:45:39.139696+00:00
INC-20251006-004781,Jonathan Chapman,Fire knocked down. Overhaul in progress.,2025-10-06T19:45:39.139696+00:00
INC-20251006-004781,Sarah Ortiz,All occupants evacuated. Primary search complete.,2025-10-06T19:45:39.139696+00:00
INC-20250814-004782,Tommy Lyons,Fire knocked down. Overhaul in progress.,2025-08-14T07:32:55.139696+00:00
INC-20250814-004782,Michelle Kerr MD,Fire knocked down. Overhaul in progress.,2025-08-14T07:32:55.139696+00:00
INC-20250814-004782,Mr. Alexander Aguilar,Initial size-up complete. Fire showing from second floor.,2025-08-14T07:32:55.139696+00:00
INC-20250922-004785,Patrick Johnson,Fire origin investigation underway.,2025-09-22T12:10:35.139696+00:00
INC-20250922-004785,Rhonda Barrett,Fire origin investigation underway.,2025-09-22T12:10:35.139696+00:00
INC-20250922-004785,Thomas Hickman,Ventilation operations completed on roof.,2025-09-22T12:10:35.139696+00:00
INC-20250830-004787,Kevin Villarreal,Ventilation operations completed on roof.,2025-08-30T20:44:04.139696+00:00
INC-20250719-004789,Albert Perez,Fire knocked down. Overhaul in progress.,2025-07-19T17:39:28.139696+00:00
INC-20250719-004789,Brian James MD,Ventilation operations completed on roof.,2025-07-19T17:39:28.139696+00:00
INC-20241208-004790,Anthony Smith,Utilities secured. Gas and electric shutoff confirmed.,2024-12-08T04:21:52.139696+00:00
INC-20241208-004790,Michelle Freeman,Defensive operations established due to structural instability.,2024-12-08T04:21:52.139696+00:00
INC-20251006-004792,Brian Green,Utilities secured. Gas and electric shutoff confirmed.,2025-10-06T23:05:43.139696+00:00
INC-20251006-004792,Kaitlyn Walker,Initial size-up complete. Fire showing from second floor.,2025-10-06T23:05:43.139696+00:00
INC-20251006-004792,William Miles,Thermal imaging scan reveals no hidden hot spots.,2025-10-06T23:05:43.139696+00:00
INC-20250824-004793,Ruben Weaver,Ventilation operations completed on roof.,2025-08-24T11:51:23.139696+00:00
INC-20250820-004795,Kimberly Koch,Thermal imaging scan reveals no hidden hot spots.,2025-08-20T15:57:07.139696+00:00
INC-20250820-004795,Andrea King,Fire knocked down. Overhaul in progress.,2025-08-20T15:57:07.139696+00:00
INC-20250820-004795,Michelle Singleton,Fire origin investigation underway.,2025-08-20T15:57:07.139696+00:00
INC-20250925-004796,Laura Bradford,Utilities secured. Gas and electric shutoff confirmed.,2025-09-25T07:44:34.139696+00:00
INC-20250411-004797,Taylor Campbell,Defensive operations established due to structural instability.,2025-04-11T09:10:21.139696+00:00
INC-20250828-004799,Michelle Campbell,Thermal imaging scan reveals no hidden hot spots.,2025-08-28T19:17:42.139696+00:00
INC-20250828-004799,Matthew Sullivan,Ventilation operations completed on roof.,2025-08-28T19:17:42.139696+00:00
INC-20250826-004800,Robert Jenkins,Thermal imaging scan reveals no hidden hot spots.,2025-08-26T09:42:13.139696+00:00
INC-20250910-004801,Katelyn Porter,Fire knocked down. Overhaul in progress.,2025-09-10T02:28:38.139696+00:00
INC-20250910-004801,Pamela Andrews,Fire knocked down. Overhaul in progress.,2025-09-10T02:28:38.139696+00:00
INC-20230224-004803,Austin Hoffman,Initial size-up complete. Fire showing from second floor.,2023-02-24T11:53:37.139696+00:00
INC-20251021-004804,Derrick Arnold,Utilities secured. Gas and electric shutoff confirmed.,2025-10-21T01:15:57.139696+00:00
INC-20251021-004804,Jessica Baker,Ventilation operations completed on roof.,2025-10-21T01:15:57.139696+00:00
INC-20251003-004806,Sandra Campbell,Initial size-up complete. Fire showing from second floor.,2025-10-03T15:19:32.139696+00:00
INC-20251003-004806,Matthew West,Thermal imaging scan reveals no hidden hot spots.,2025-10-03T15:19:32.139696+00:00
INC-20251003-004806,Chad Davis,Fire knocked down. Overhaul in progress.,2025-10-03T15:19:32.139696+00:00
INC-20251009-004812,Diane Moore,Utilities secured. Gas and electric shutoff confirmed.,2025-10-09T06:39:57.139696+00:00
INC-20251009-004812,Judith Pope,Ventilation operations completed on roof.,2025-10-09T06:39:57.139696+00:00
INC-20251009-004812,Renee Harris,Utilities secured. Gas and electric shutoff confirmed.,2025-10-09T06:39:57.139696+00:00
INC-20250818-004814,Jeffery Murphy,Fire origin investigation underway.,2025-08-18T19:33:06.139696+00:00
INC-20251008-004817,Colin Davis,Fire knocked down. Overhaul in progress.,2025-10-08T03:18:14.139696+00:00
INC-20251003-004818,Audrey Peterson,Fire knocked down. Overhaul in progress.,2025-10-03T04:51:58.139696+00:00
INC-20250917-004819,Erika Bean,Ventilation operations completed on roof.,2025-09-17T14:12:58.139696+00:00
INC-20250917-004819,Jessica Wilson,Thermal imaging scan reveals no hidden hot spots.,2025-09-17T14:12:58.139696+00:00
INC-20250917-004819,Cory Wallace,All occupants evacuated. Primary search complete.,2025-09-17T14:12:58.139696+00:00
INC-20250223-004820,Caitlin Rivas,All occupants evacuated. Primary search complete.,2025-02-23T04:12:28.139696+00:00
INC-20250829-004821,Makayla Clark,Fire knocked down. Overhaul in progress.,2025-08-29T13:29:30.139696+00:00
INC-20250829-004821,Sean Mclean,Fire knocked down. Overhaul in progress.,2025-08-29T13:29:30.139696+00:00
INC-20250829-004821,Olivia Cardenas,All occupants evacuated. Primary search complete.,2025-08-29T13:29:30.139696+00:00
INC-20250102-004822,Jennifer Church,All occupants evacuated. Primary search complete.,2025-01-02T06:53:15.139696+00:00
INC-20250911-004823,Andrea Blackwell,Fire knocked down. Overhaul in progress.,2025-09-11T13:41:09.139696+00:00
INC-20250911-004823,Marcus Brown,Utilities secured. Gas and electric shutoff confirmed.,2025-09-11T13:41:09.139696+00:00
INC-20250911-004823,Amanda Rush,Initial size-up complete. Fire showing from second floor.,2025-09-11T13:41:09.139696+00:00
INC-20250916-004825,James Sanchez,Initial size-up complete. Fire showing from second floor.,2025-09-16T22:23:15.139696+00:00
INC-20250916-004825,Lawrence Singleton,Thermal imaging scan reveals no hidden hot spots.,2025-09-16T22:23:15.139696+00:00
INC-20250530-004826,Stephanie Gardner,Thermal imaging scan reveals no hidden hot spots.,2025-05-30T07:25:12.139696+00:00
INC-20250429-004827,Lisa Pineda,Fire knocked down. Overhaul in progress.,2025-04-29T18:19:49.139696+00:00
INC-20250429-004827,Timothy Spencer,Fire knocked down. Overhaul in progress.,2025-04-29T18:19:49.139696+00:00
INC-20221023-004831,Kelly Taylor,Ventilation operations completed on roof.,2022-10-23T01:23:11.139696+00:00
INC-20221023-004831,Adriana Thompson,All occupants evacuated. Primary search complete.,2022-10-23T01:23:11.139696+00:00
INC-20221023-004831,Theresa Macdonald,Utilities secured. Gas and electric shutoff confirmed.,2022-10-23T01:23:11.139696+00:00
INC-20251010-004832,Charles Boone,Utilities secured. Gas and electric shutoff confirmed.,2025-10-10T08:47:26.139696+00:00
INC-20251010-004832,Elaine Grimes,Utilities secured. Gas and electric shutoff confirmed.,2025-10-10T08:47:26.139696+00:00
INC-20241203-004834,Crystal Blair,Fire origin investigation underway.,2024-12-03T11:54:00.139696+00:00
INC-20241203-004834,Taylor Sanchez,Thermal imaging scan reveals no hidden hot spots.,2024-12-03T11:54:00.139696+00:00
INC-20241203-004834,Jonathan Guerrero,Defensive operations established due to structural instability.,2024-12-03T11:54:00.139696+00:00
INC-20250727-004836,David Singleton,Fire origin investigation underway.,2025-07-27T20:50:16.139696+00:00
INC-20250727-004836,Scott Romero,All occupants evacuated. Primary search complete.,2025-07-27T20:50:16.139696+00:00
INC-20250722-004838,Shelly Bowman,Defensive operations established due to structural instability.,2025-07-22T19:45:47.139696+00:00
INC-20250722-004838,Patrick Ross,All occupants evacuated. Primary search complete.,2025-07-22T19:45:47.139696+00:00
INC-20250723-004841,Peter Mills,Thermal imaging scan reveals no hidden hot spots.,2025-07-23T10:28:45.139696+00:00
INC-20250723-004841,Michelle Wade,Ventilation operations completed on roof.,2025-07-23T10:28:45.139696+00:00
INC-20251010-004844,David Joyce,Fire knocked down. Overhaul in progress.,2025-10-10T06:44:25.139696+00:00
INC-20251013-004846,Jennifer Hoover,Thermal imaging scan reveals no hidden hot spots.,2025-10-13T04:13:35.139696+00:00
INC-20251013-004846,Joshua Bell,Fire origin investigation underway.,2025-10-13T04:13:35.139696+00:00
INC-20251013-004846,Nicole Richards,Thermal imaging scan reveals no hidden hot spots.,2025-10-13T04:13:35.139696+00:00
INC-20250720-004847,Michelle Hensley,All occupants evacuated. Primary search complete.,2025-07-20T23:53:38.139696+00:00
INC-20250908-004848,Olivia Wilson,Ventilation operations completed on roof.,2025-09-08T19:48:33.139696+00:00
INC-20250908-004848,Michael Monroe,Initial size-up complete. Fire showing from second floor.,2025-09-08T19:48:33.139696+00:00
INC-20250908-004848,Mark Arellano,Fire origin investigation underway.,2025-09-08T19:48:33.139696+00:00
INC-20241206-004849,Amy Salinas,Thermal imaging scan reveals no hidden hot spots.,2024-12-06T03:28:50.139696+00:00
INC-20241206-004849,Justin Fowler,Fire knocked down. Overhaul in progress.,2024-12-06T03:28:50.139696+00:00
INC-20251017-004850,Cody Vaughn,Thermal imaging scan reveals no hidden hot spots.,2025-10-17T03:56:06.139696+00:00
INC-20251017-004850,Veronica Aguilar,Ventilation operations completed on roof.,2025-10-17T03:56:06.139696+00:00
INC-20251017-004850,Kirsten Brown,Initial size-up complete. Fire showing from second floor.,2025-10-17T03:56:06.139696+00:00
INC-20251017-004853,Devin Vasquez,Thermal imaging scan reveals no hidden hot spots.,2025-10-17T08:53:02.139696+00:00
INC-20251017-004853,Susan Suarez,Thermal imaging scan reveals no hidden hot spots.,2025-10-17T08:53:02.139696+00:00
INC-20251017-004853,Richard Lutz,Fire origin investigation underway.,2025-10-17T08:53:02.139696+00:00
INC-20250817-004855,Rachel Reid,Ventilation operations completed on roof.,2025-08-17T23:10:51.139696+00:00
INC-20250817-004855,Daniel Baker,Utilities secured. Gas and electric shutoff confirmed.,2025-08-17T23:10:51.139696+00:00
INC-20241215-004856,Cathy Garcia,All occupants evacuated. Primary search complete.,2024-12-15T07:52:07.139696+00:00
INC-20241215-004856,Lauren Lawrence,Ventilation operations completed on roof.,2024-12-15T07:52:07.139696+00:00
INC-20250731-004857,Dillon Wise,Fire knocked down. Overhaul in progress.,2025-07-31T18:16:32.139696+00:00
INC-20250731-004857,Shane Estrada,Defensive operations established due to structural instability.,2025-07-31T18:16:32.139696+00:00
INC-20250731-004857,Christopher Rice,Thermal imaging scan reveals no hidden hot spots.,2025-07-31T18:16:32.139696+00:00
INC-20251011-004858,Robert Perry,Thermal imaging scan reveals no hidden hot spots.,2025-10-11T06:12:24.139696+00:00
INC-20251011-004858,Robert Graham,Fire knocked down. Overhaul in progress.,2025-10-11T06:12:24.139696+00:00
INC-20251011-004858,Johnathan Dickerson,Ventilation operations completed on roof.,2025-10-11T06:12:24.139696+00:00
INC-20231211-004865,Isaac Jackson,Utilities secured. Gas and electric shutoff confirmed.,2023-12-11T10:06:28.139696+00:00
INC-20250721-004866,Scott Lloyd,Ventilation operations completed on roof.,2025-07-21T03:30:35.139696+00:00
INC-20250721-004866,Leroy Smith,Ventilation operations completed on roof.,2025-07-21T03:30:35.139696+00:00
INC-20221114-004869,James Davis,All occupants evacuated. Primary search complete.,2022-11-14T23:24:01.139696+00:00
INC-20221114-004869,Marie Barnett,Fire origin investigation underway.,2022-11-14T23:24:01.139696+00:00
INC-20250816-004870,Jason Phillips,Utilities secured. Gas and electric shutoff confirmed.,2025-08-16T17:06:22.139696+00:00
INC-20250816-004870,Tiffany Silva,Fire origin investigation underway.,2025-08-16T17:06:22.139696+00:00
INC-20250921-004871,Jose Duarte,Ventilation operations completed on roof.,2025-09-21T11:01:52.139696+00:00
INC-20250921-004871,Ana Mitchell,Initial size-up complete. Fire showing from second floor.,2025-09-21T11:01:52.139696+00:00
INC-20250210-004872,John Wagner,Utilities secured. Gas and electric shutoff confirmed.,2025-02-10T16:51:58.139696+00:00
INC-20250623-004873,Cody Nixon,Thermal imaging scan reveals no hidden hot spots.,2025-06-23T17:27:22.139696+00:00
INC-20250623-004873,Carolyn Castillo,All occupants evacuated. Primary search complete.,2025-06-23T17:27:22.139696+00:00
INC-20250623-004873,Beverly Moreno,Utilities secured. Gas and electric shutoff confirmed.,2025-06-23T17:27:22.139696+00:00
INC-20250922-004874,Michael Snow,Fire knocked down. Overhaul in progress.,2025-09-22T00:46:31.139696+00:00
INC-20250922-004874,Wendy Ortega,Thermal imaging scan reveals no hidden hot spots.,2025-09-22T00:46:31.139696+00:00
INC-20250922-004874,Elizabeth Chambers,Thermal imaging scan reveals no hidden hot spots.,2025-09-22T00:46:31.139696+00:00
INC-20251018-004878,Jamie Clark,Thermal imaging scan reveals no hidden hot spots.,2025-10-18T23:21:53.139696+00:00
INC-20250924-004879,Troy Strong,Fire knocked down. Overhaul in progress.,2025-09-24T11:35:46.139696+00:00
INC-20250924-004879,Aaron Collins,Utilities secured. Gas and electric shutoff confirmed.,2025-09-24T11:35:46.139696+00:00
INC-20250924-004879,Alicia Thomas,Initial size-up complete. Fire showing from second floor.,2025-09-24T11:35:46.139696+00:00
INC-20250925-004882,Allison Martin,Initial size-up complete. Fire showing from second floor.,2025-09-25T04:07:25.139696+00:00
INC-20250925-004882,Joseph Bradford,Utilities secured. Gas and electric shutoff confirmed.,2025-09-25T04:07:25.139696+00:00
INC-20250925-004882,Sabrina Tyler,Fire origin investigation underway.,2025-09-25T04:07:25.139696+00:00
INC-20250217-004884,Dr. Jocelyn King,All occupants evacuated. Primary search complete.,2025-02-17T05:09:08.139696+00:00
INC-20250217-004884,Sabrina Howard,All occupants evacuated. Primary search complete.,2025-02-17T05:09:08.139696+00:00
INC-20250824-004886,Brett Morris,Defensive operations established due to structural instability.,2025-08-24T16:48:39.139696+00:00
INC-20250824-004886,Sarah Lawson,Initial size-up complete. Fire showing from second floor.,2025-08-24T16:48:39.139696+00:00
INC-20250908-004888,Melissa Hardy,Fire origin investigation underway.,2025-09-08T10:15:56.139696+00:00
INC-20250908-004888,Charles Campbell,Fire knocked down. Overhaul in progress.,2025-09-08T10:15:56.139696+00:00
INC-20250827-004890,Leonard Phillips,Utilities secured. Gas and electric shutoff confirmed.,2025-08-27T08:43:11.139696+00:00
INC-20250827-004890,Ashlee Marshall,Fire origin investigation underway.,2025-08-27T08:43:11.139696+00:00
INC-20251005-004891,Jon Reyes,Initial size-up complete. Fire showing from second floor.,2025-10-05T07:53:33.139696+00:00
INC-20241105-004892,Pamela Wilkinson,Ventilation operations completed on roof.,2024-11-05T04:52:54.139696+00:00
INC-20241105-004892,Travis Brown,Utilities secured. Gas and electric shutoff confirmed.,2024-11-05T04:52:54.139696+00:00
INC-20230109-004894,Julia Rowland,Defensive operations established due to structural instability.,2023-01-09T23:47:06.139696+00:00
INC-20230109-004894,Aaron Daniel,Ventilation operations completed on roof.,2023-01-09T23:47:06.139696+00:00
INC-20230109-004894,Dana Miller,Thermal imaging scan reveals no hidden hot spots.,2023-01-09T23:47:06.139696+00:00
INC-20250807-004895,Traci Caldwell,All occupants evacuated. Primary search complete.,2025-08-07T09:54:59.139696+00:00
INC-20250106-004896,Laura Martinez,Initial size-up complete. Fire showing from second floor.,2025-01-06T16:41:11.139696+00:00
INC-20250907-004897,Sarah Rodriguez,Utilities secured. Gas and electric shutoff confirmed.,2025-09-07T03:17:05.139696+00:00
INC-20250907-004897,Justin Wilson,Fire knocked down. Overhaul in progress.,2025-09-07T03:17:05.139696+00:00
INC-20250907-004897,Adam Morgan,Ventilation operations completed on roof.,2025-09-07T03:17:05.139696+00:00
INC-20250820-004899,Sharon Noble,All occupants evacuated. Primary search complete.,2025-08-20T11:09:31.139696+00:00
INC-20250820-004899,Greg Ortega,Initial size-up complete. Fire showing from second floor.,2025-08-20T11:09:31.139696+00:00
INC-20250820-004899,Sarah Jackson,All occupants evacuated. Primary search complete.,2025-08-20T11:09:31.139696+00:00
INC-20250811-004900,Frederick Pena,Thermal imaging scan reveals no hidden hot spots.,2025-08-11T21:58:16.139696+00:00
INC-20250811-004900,Lori Barron,Ventilation operations completed on roof.,2025-08-11T21:58:16.139696+00:00
INC-20250820-004901,Ronald Robinson,Ventilation operations completed on roof.,2025-08-20T18:46:15.139696+00:00
INC-20250820-004901,Alexander Adams,Fire knocked down. Overhaul in progress.,2025-08-20T18:46:15.139696+00:00
INC-20250820-004901,Brooke Sullivan,Utilities secured. Gas and electric shutoff confirmed.,2025-08-20T18:46:15.139696+00:00
INC-20250929-004902,Bailey Johnston,Defensive operations established due to structural instability.,2025-09-29T22:09:09.139696+00:00
INC-20250917-004905,Matthew Hoffman,Fire origin investigation underway.,2025-09-17T05:33:50.139696+00:00
INC-20250917-004905,Angela Silva,Fire knocked down. Overhaul in progress.,2025-09-17T05:33:50.139696+00:00
INC-20250917-004905,Morgan Dickerson,Thermal imaging scan reveals no hidden hot spots.,2025-09-17T05:33:50.139696+00:00
INC-20250827-004906,Neil Velasquez,Fire origin investigation underway.,2025-08-27T01:37:57.139696+00:00
INC-20250827-004906,Holly Singleton,Initial size-up complete. Fire showing from second floor.,2025-08-27T01:37:57.139696+00:00
INC-20230128-004908,Nicole Wright,All occupants evacuated. Primary search complete.,2023-01-28T15:50:05.139696+00:00
INC-20250926-004909,Scott Young,Fire knocked down. Overhaul in progress.,2025-09-26T09:38:29.139696+00:00
INC-20250911-004910,Mark Thomas,Utilities secured. Gas and electric shutoff confirmed.,2025-09-11T08:27:38.139696+00:00
INC-20250911-004910,Peter Fleming,Utilities secured. Gas and electric shutoff confirmed.,2025-09-11T08:27:38.139696+00:00
INC-20250911-004910,William Padilla,Utilities secured. Gas and electric shutoff confirmed.,2025-09-11T08:27:38.139696+00:00
INC-20251005-004911,Susan Lopez,Ventilation operations completed on roof.,2025-10-05T13:03:48.139696+00:00
INC-20251005-004911,Brandon Brown,All occupants evacuated. Primary search complete.,2025-10-05T13:03:48.139696+00:00
INC-20250820-004912,Kristy Knapp,Fire knocked down. Overhaul in progress.,2025-08-20T01:51:36.139696+00:00
INC-20250820-004912,Sarah Kent,Fire origin investigation underway.,2025-08-20T01:51:36.139696+00:00
INC-20250820-004912,Joy Durham,Ventilation operations completed on roof.,2025-08-20T01:51:36.139696+00:00
INC-20250925-004916,Robert Lee,Defensive operations established due to structural instability.,2025-09-25T09:10:26.139696+00:00
INC-20250204-004922,Robert Griffin,Fire origin investigation underway.,2025-02-04T02:46:02.139696+00:00
INC-20250809-004924,Patrick Hall,Ventilation operations completed on roof.,2025-08-09T13:41:04.139696+00:00
INC-20250809-004924,Henry Lee,Defensive operations established due to structural instability.,2025-08-09T13:41:04.139696+00:00
INC-20251020-004925,William Branch,Fire knocked down. Overhaul in progress.,2025-10-20T13:59:36.139696+00:00
INC-20251008-004928,Nicholas Jones,Initial size-up complete. Fire showing from second floor.,2025-10-08T17:05:56.139696+00:00
INC-20251008-004928,David Walker,Fire knocked down. Overhaul in progress.,2025-10-08T17:05:56.139696+00:00
INC-20251008-004928,Sara Mcconnell,Defensive operations established due to structural instability.,2025-10-08T17:05:56.139696+00:00
INC-20251017-004929,Michael Shelton,Fire knocked down. Overhaul in progress.,2025-10-17T06:34:18.139696+00:00
INC-20251006-004931,Lisa Campbell,Thermal imaging scan reveals no hidden hot spots.,2025-10-06T19:24:47.139696+00:00
INC-20251006-004931,Kimberly Johnson,Fire knocked down. Overhaul in progress.,2025-10-06T19:24:47.139696+00:00
INC-20251006-004931,Louis Marquez,All occupants evacuated. Primary search complete.,2025-10-06T19:24:47.139696+00:00
INC-20250322-004934,Brandy Lawson,Thermal imaging scan reveals no hidden hot spots.,2025-03-22T13:42:28.139696+00:00
INC-20250322-004934,Tina Gross,Fire knocked down. Overhaul in progress.,2025-03-22T13:42:28.139696+00:00
INC-20250322-004934,William Crosby,Defensive operations established due to structural instability.,2025-03-22T13:42:28.139696+00:00
INC-20250921-004936,Jennifer Marks,Thermal imaging scan reveals no hidden hot spots.,2025-09-21T05:23:07.139696+00:00
INC-20251007-004939,Michael Coleman,Utilities secured. Gas and electric shutoff confirmed.,2025-10-07T09:55:48.139696+00:00
INC-20251007-004939,David Carpenter,Defensive operations established due to structural instability.,2025-10-07T09:55:48.139696+00:00
INC-20240221-004940,Richard Villanueva,Initial size-up complete. Fire showing from second floor.,2024-02-21T08:05:28.139696+00:00
INC-20250805-004941,Elizabeth Soto,Thermal imaging scan reveals no hidden hot spots.,2025-08-05T12:10:15.139696+00:00
INC-20250805-004941,Stephanie Jensen,Ventilation operations completed on roof.,2025-08-05T12:10:15.139696+00:00
INC-20250816-004942,Cindy Gardner,Thermal imaging scan reveals no hidden hot spots.,2025-08-16T19:33:56.139696+00:00
INC-20251008-004944,Joseph Mcdowell,Utilities secured. Gas and electric shutoff confirmed.,2025-10-08T20:01:14.139696+00:00
INC-20251008-004944,Charles Williamson,Defensive operations established due to structural instability.,2025-10-08T20:01:14.139696+00:00
INC-20251008-004944,Ryan Clark,Fire origin investigation underway.,2025-10-08T20:01:14.139696+00:00
INC-20251018-004945,Brad Ramos,All occupants evacuated. Primary search complete.,2025-10-18T05:39:06.139696+00:00
INC-20251018-004945,James Daniels,Fire knocked down. Overhaul in progress.,2025-10-18T05:39:06.139696+00:00
INC-20251018-004945,Ryan Coleman,Defensive operations established due to structural instability.,2025-10-18T05:39:06.139696+00:00
INC-20241129-004948,Amy Huber,Defensive operations established due to structural instability.,2024-11-29T22:40:11.139696+00:00
INC-20241129-004948,Kevin Mccoy,Fire origin investigation underway.,2024-11-29T22:40:11.139696+00:00
INC-20241203-004949,Vincent Price,Thermal imaging scan reveals no hidden hot spots.,2024-12-03T04:27:49.139696+00:00
INC-20241203-004949,Ronald Davis,Utilities secured. Gas and electric shutoff confirmed.,2024-12-03T04:27:49.139696+00:00
INC-20250905-004951,Tara Patton,All occupants evacuated. Primary search complete.,2025-09-05T16:55:10.139696+00:00
INC-20230623-004954,John Haney,Utilities secured. Gas and electric shutoff confirmed.,2023-06-23T14:45:49.139696+00:00
INC-20230623-004954,Brett Hicks,Thermal imaging scan reveals no hidden hot spots.,2023-06-23T14:45:49.139696+00:00
INC-20230623-004954,Kathleen Walsh,Thermal imaging scan reveals no hidden hot spots.,2023-06-23T14:45:49.139696+00:00
INC-20250531-004955,Laura Johnson,Ventilation operations completed on roof.,2025-05-31T14:03:34.139696+00:00
INC-20250531-004955,Carl Frazier,Utilities secured. Gas and electric shutoff confirmed.,2025-05-31T14:03:34.139696+00:00
INC-20250824-004959,Brian Allen,Initial size-up complete. Fire showing from second floor.,2025-08-24T00:25:25.139696+00:00
INC-20250807-004963,Paul Rodriguez,Fire origin investigation underway.,2025-08-07T05:19:28.139696+00:00
INC-20250807-004963,Meredith Brooks,All occupants evacuated. Primary search complete.,2025-08-07T05:19:28.139696+00:00
INC-20251002-004964,Wayne Rodriguez,All occupants evacuated. Primary search complete.,2025-10-02T21:57:57.139696+00:00
INC-20251002-004964,Lisa Palmer,All occupants evacuated. Primary search complete.,2025-10-02T21:57:57.139696+00:00
INC-20251002-004964,Ryan Pope,All occupants evacuated. Primary search complete.,2025-10-02T21:57:57.139696+00:00
INC-20251013-004965,Melissa Mullins,Thermal imaging scan reveals no hidden hot spots.,2025-10-13T22:23:59.139696+00:00
INC-20251013-004965,Sheila Perez,Utilities secured. Gas and electric shutoff confirmed.,2025-10-13T22:23:59.139696+00:00
INC-20241216-004968,James Moore,Fire origin investigation underway.,2024-12-16T04:36:32.139696+00:00
INC-20241216-004968,Paul Hood,Defensive operations established due to structural instability.,2024-12-16T04:36:32.139696+00:00
INC-20241216-004968,Spencer Carpenter,Fire knocked down. Overhaul in progress.,2024-12-16T04:36:32.139696+00:00
INC-20230220-004969,Caitlyn Smith,Utilities secured. Gas and electric shutoff confirmed.,2023-02-20T17:06:41.139696+00:00
INC-20230220-004969,Christopher Gutierrez,Thermal imaging scan reveals no hidden hot spots.,2023-02-20T17:06:41.139696+00:00
INC-20230220-004969,Jamie Vang,Defensive operations established due to structural instability.,2023-02-20T17:06:41.139696+00:00
INC-20250607-004971,Katherine Kim,Defensive operations established due to structural instability.,2025-06-07T06:08:11.139696+00:00
INC-20250607-004971,Anna Burke,Ventilation operations completed on roof.,2025-06-07T06:08:11.139696+00:00
INC-20250908-004972,Jorge Vincent,All occupants evacuated. Primary search complete.,2025-09-08T14:32:59.139696+00:00
INC-20250908-004972,John Brown,Utilities secured. Gas and electric shutoff confirmed.,2025-09-08T14:32:59.139696+00:00
INC-20250805-004975,Shane Carter,Defensive operations established due to structural instability.,2025-08-05T13:35:24.139696+00:00
INC-20250805-004975,Ricardo Thomas,Ventilation operations completed on roof.,2025-08-05T13:35:24.139696+00:00
INC-20231025-004976,Caitlin Hale,Utilities secured. Gas and electric shutoff confirmed.,2023-10-25T10:35:10.139696+00:00
INC-20250626-004977,Angel Gamble,Utilities secured. Gas and electric shutoff confirmed.,2025-06-26T23:44:50.139696+00:00
INC-20250626-004977,Brenda Pope,Thermal imaging scan reveals no hidden hot spots.,2025-06-26T23:44:50.139696+00:00
INC-20250626-004977,Christine Hall,Thermal imaging scan reveals no hidden hot spots.,2025-06-26T23:44:50.139696+00:00
INC-20250826-004978,Mary Davis,Ventilation operations completed on roof.,2025-08-26T13:29:43.139696+00:00
INC-20250826-004978,Debra Huff,Utilities secured. Gas and electric shutoff confirmed.,2025-08-26T13:29:43.139696+00:00
INC-20250824-004979,Theresa Ortiz,All occupants evacuated. Primary search complete.,2025-08-24T01:40:13.139696+00:00
INC-20250824-004979,James Khan,Thermal imaging scan reveals no hidden hot spots.,2025-08-24T01:40:13.139696+00:00
INC-20250827-004980,Anthony Crawford,Initial size-up complete. Fire showing from second floor.,2025-08-27T20:25:03.139696+00:00
INC-20250827-004980,Emily Ramirez,Initial size-up complete. Fire showing from second floor.,2025-08-27T20:25:03.139696+00:00
INC-20251009-004981,Madison Bowman,Utilities secured. Gas and electric shutoff confirmed.,2025-10-09T14:00:50.139696+00:00
INC-20251009-004981,Samuel Williams,Fire origin investigation underway.,2025-10-09T14:00:50.139696+00:00
INC-20250427-004982,Mary Coleman,Initial size-up complete. Fire showing from second floor.,2025-04-27T13:18:34.139696+00:00
INC-20250427-004982,Rebecca Gibson,Defensive operations established due to structural instability.,2025-04-27T13:18:34.139696+00:00
INC-20250427-004982,Valerie Patton,Fire origin investigation underway.,2025-04-27T13:18:34.139696+00:00
INC-20250621-004983,Kimberly Francis,Initial size-up complete. Fire showing from second floor.,2025-06-21T15:45:51.139696+00:00
INC-20250621-004983,Lisa Green,Utilities secured. Gas and electric shutoff confirmed.,2025-06-21T15:45:51.139696+00:00
INC-20250823-004984,Joseph Allen,Ventilation operations completed on roof.,2025-08-23T16:27:46.139696+00:00
INC-20250823-004984,Christina Garza,Utilities secured. Gas and electric shutoff confirmed.,2025-08-23T16:27:46.139696+00:00
INC-20250601-004985,Ricky Zimmerman,Defensive operations established due to structural instability.,2025-06-01T03:06:19.139696+00:00
INC-20250420-004986,Mary Michael,Initial size-up complete. Fire showing from second floor.,2025-04-20T08:33:29.139696+00:00
INC-20250420-004986,Jeremy Martin,Utilities secured. Gas and electric shutoff confirmed.,2025-04-20T08:33:29.139696+00:00
INC-20241104-004987,Jacob Hall,Fire origin investigation underway.,2024-11-04T23:27:30.139696+00:00
INC-20241104-004987,Michael Munoz,Thermal imaging scan reveals no hidden hot spots.,2024-11-04T23:27:30.139696+00:00
INC-20250912-004988,Andrew Reyes,Fire origin investigation underway.,2025-09-12T02:25:00.139696+00:00
INC-20250912-004988,Dr. Lisa Oliver,Thermal imaging scan reveals no hidden hot spots.,2025-09-12T02:25:00.139696+00:00
INC-20250912-004988,Mary Lamb,All occupants evacuated. Primary search complete.,2025-09-12T02:25:00.139696+00:00
INC-20240728-004990,Catherine Dillon,Fire origin investigation underway.,2024-07-28T14:41:36.139696+00:00
INC-20240728-004990,Sarah Vazquez,Thermal imaging scan reveals no hidden hot spots.,2024-07-28T14:41:36.139696+00:00
INC-20251003-004991,Noah Stone,All occupants evacuated. Primary search complete.,2025-10-03T06:33:16.139696+00:00
INC-20251003-004991,Michael Price,Defensive operations established due to structural instability.,2025-10-03T06:33:16.139696+00:00
INC-20250805-004992,Abigail Harvey,Ventilation operations completed on roof.,2025-08-05T19:40:22.139696+00:00
INC-20250805-004992,Jessica Rodriguez,Initial size-up complete. Fire showing from second floor.,2025-08-05T19:40:22.139696+00:00
INC-20250505-004993,Scott Maddox,Defensive operations established due to structural instability.,2025-05-05T20:31:52.139696+00:00
INC-20241222-004995,Kristen Diaz,Defensive operations established due to structural instability.,2024-12-22T06:13:13.139696+00:00
INC-20241222-004995,Scott Parker,Thermal imaging scan reveals no hidden hot spots.,2024-12-22T06:13:13.139696+00:00
INC-20250911-004996,Gary Smith,Defensive operations established due to structural instability.,2025-09-11T16:31:36.139696+00:00
INC-20250911-004996,Elizabeth Nelson,Thermal imaging scan reveals no hidden hot spots.,2025-09-11T16:31:36.139696+00:00
INC-20250911-004996,Michael Chavez,Initial size-up complete. Fire showing from second floor.,2025-09-11T16:31:36.139696+00:00
INC-20250923-004998,Laura Mcgee,Thermal imaging scan reveals no hidden hot spots.,2025-09-23T14:32:40.139696+00:00
INC-20250923-004998,Antonio Schwartz,Utilities secured. Gas and electric shutoff confirmed.,2025-09-23T14:32:40.139696+00:00
